Browserslist: browsers data (caniuse-lite) is 14 months old. Please run:
  npx update-browserslist-db@latest
  Why you should do it regularly: https://github.com/browserslist/update-db#readme
 INFO  Starting development server...
[3%] setup (watch run)
[2K[1A[2K[G[3%] setup (watch run vue-loader-plugin)
[2K[1A[2K[G[3%] setup (watch run ESLintWebpackPlugin_1)
[2K[1A[2K[G[3%] setup (watch run webpack-dev-middleware)
[2K[1A[2K[G[3%] setup (watch run)
[2K[1A[2K[G[4%] setup (normal module factory)
[2K[1A[2K[G[4%] setup (normal module factory CaseSensitivePathsPlugin)
[2K[1A[2K[G[4%] setup (normal module factory)
[2K[1A[2K[G[5%] setup (context module factory)
[2K[1A[2K[G[6%] setup (before compile)
[2K[1A[2K[G[6%] setup (before compile ProgressPlugin)
[2K[1A[2K[G[6%] setup (before compile)
[2K[1A[2K[G[7%] setup (compile)
[2K[1A[2K[G[7%] setup (compile ExternalsPlugin)
[2K[1A[2K[G[7%] setup (compile)
[2K[1A[2K[G[8%] setup (compilation)
[2K[1A[2K[G[8%] setup (compilation HtmlWebpackPlugin)
[2K[1A[2K[G[8%] setup (compilation CopyPlugin)
[2K[1A[2K[G[8%] setup (compilation ArrayPushCallbackChunkFormatPlugin)
[2K[1A[2K[G[8%] setup (compilation JsonpChunkLoadingPlugin)
[2K[1A[2K[G[8%] setup (compilation StartupChunkDependenciesPlugin)
[2K[1A[2K[G[8%] setup (compilation ImportScriptsChunkLoadingPlugin)
[2K[1A[2K[G[8%] setup (compilation WorkerPlugin)
[2K[1A[2K[G[8%] setup (compilation SplitChunksPlugin)
[2K[1A[2K[G[8%] setup (compilation ResolverCachePlugin)
[2K[1A[2K[G[8%] setup (compilation)
[2K[1A[2K[G[9%] setup (compilation)
[2K[1A[2K[G[9%] setup (compilation vue-loader-plugin)
[2K[1A[2K[G[9%] setup (compilation DefinePlugin)
[2K[1A[2K[G[9%] setup (compilation ProgressPlugin)
[2K[1A[2K[G[9%] setup (compilation EntryPlugin)
[2K[1A[2K[G[9%] setup (compilation ChunkPrefetchPreloadPlugin)
[2K[1A[2K[G[9%] setup (compilation ModuleInfoHeaderPlugin)
[2K[1A[2K[G[9%] setup (compilation EvalSourceMapDevToolPlugin)
[2K[1A[2K[G[9%] setup (compilation JavascriptModulesPlugin)
[2K[1A[2K[G[9%] setup (compilation JsonModulesPlugin)
[2K[1A[2K[G[9%] setup (compilation AssetModulesPlugin)
[2K[1A[2K[G[9%] setup (compilation EntryPlugin)
[2K[1A[2K[G[9%] setup (compilation RuntimePlugin)
[2K[1A[2K[G[9%] setup (compilation InferAsyncModulesPlugin)
[2K[1A[2K[G[9%] setup (compilation DataUriPlugin)
[2K[1A[2K[G[9%] setup (compilation FileUriPlugin)
[2K[1A[2K[G[9%] setup (compilation CompatibilityPlugin)
[2K[1A[2K[G[9%] setup (compilation HarmonyModulesPlugin)
[2K[1A[2K[G[9%] setup (compilation AMDPlugin)
[2K[1A[2K[G[9%] setup (compilation RequireJsStuffPlugin)
[2K[1A[2K[G[9%] setup (compilation CommonJsPlugin)
[2K[1A[2K[G[9%] setup (compilation LoaderPlugin)
[2K[1A[2K[G[9%] setup (compilation NodeStuffPlugin)
[2K[1A[2K[G[9%] setup (compilation APIPlugin)
[2K[1A[2K[G[9%] setup (compilation ExportsInfoApiPlugin)
[2K[1A[2K[G[9%] setup (compilation WebpackIsIncludedPlugin)
[2K[1A[2K[G[9%] setup (compilation ConstPlugin)
[2K[1A[2K[G[9%] setup (compilation UseStrictPlugin)
[2K[1A[2K[G[9%] setup (compilation RequireIncludePlugin)
[2K[1A[2K[G[9%] setup (compilation RequireEnsurePlugin)
[2K[1A[2K[G[9%] setup (compilation RequireContextPlugin)
[2K[1A[2K[G[9%] setup (compilation ImportPlugin)
[2K[1A[2K[G[9%] setup (compilation ImportMetaContextPlugin)
[2K[1A[2K[G[9%] setup (compilation SystemPlugin)
[2K[1A[2K[G[9%] setup (compilation ImportMetaPlugin)
[2K[1A[2K[G[9%] setup (compilation URLPlugin)
[2K[1A[2K[G[9%] setup (compilation DefaultStatsFactoryPlugin)
[2K[1A[2K[G[9%] setup (compilation DefaultStatsPresetPlugin)
[2K[1A[2K[G[9%] setup (compilation DefaultStatsPrinterPlugin)
[2K[1A[2K[G[9%] setup (compilation JavascriptMetaInfoPlugin)
[2K[1A[2K[G[9%] setup (compilation EnsureChunkConditionsPlugin)
[2K[1A[2K[G[9%] setup (compilation RemoveEmptyChunksPlugin)
[2K[1A[2K[G[9%] setup (compilation MergeDuplicateChunksPlugin)
[2K[1A[2K[G[9%] setup (compilation SideEffectsFlagPlugin)
[2K[1A[2K[G[9%] setup (compilation FlagDependencyExportsPlugin)
[2K[1A[2K[G[9%] setup (compilation NamedModuleIdsPlugin)
[2K[1A[2K[G[9%] setup (compilation NamedChunkIdsPlugin)
[2K[1A[2K[G[9%] setup (compilation DefinePlugin)
[2K[1A[2K[G[9%] setup (compilation TemplatedPathPlugin)
[2K[1A[2K[G[9%] setup (compilation RecordIdsPlugin)
[2K[1A[2K[G[9%] setup (compilation WarnCaseSensitiveModulesPlugin)
[2K[1A[2K[G[9%] setup (compilation EntryPlugin)
[2K[1A[2K[G[9%] setup (compilation ProvidePlugin)
[2K[1A[2K[G[9%] setup (compilation HotModuleReplacementPlugin)
[2K[1A[2K[G[9%] setup (compilation ProgressPlugin)
[2K[1A[2K[G[9%] setup (compilation ESLintWebpackPlugin_1)
[2K[1A[2K[G[9%] setup (compilation)
[2K[1A[2K[G[10%] building 
[2K[1A[2K[G[10%] building (0/0 modules)
[2K[1A[2K[G[10%] building (import loader babel-loader/lib/index.js)
[2K[1A[2K[G[10%] building (0/1 modules)
[2K[1A[2K[G[24%] building (1/4 modules)
[2K[1A[2K[G[24%] building (import loader vue-loader/dist/index.js)
[2K[1A[2K[G[24%] building (6/16 modules)
[2K[1A[2K[G[24%] building (import loader vue-loader/dist/pitcher.js)
[2K[1A[2K[G[24%] building (7/34 modules)
[2K[1A[2K[G[24%] building (import loader vue-loader/dist/templateLoader.js)
[2K[1A[2K[G[24%] building (7/37 modules)
[2K[1A[2K[G[24%] building (import loader vue-style-loader/index.js)
[2K[1A[2K[G[24%] building (import loader css-loader/dist/cjs.js)
[2K[1A[2K[G[24%] building (import loader postcss-loader/dist/cjs.js)
[2K[1A[2K[G[24%] building (7/43 modules)
[2K[1A[2K[G[24%] building (import loader vue-loader/dist/stylePostLoader.js)
[2K[1A[2K[G[24%] building (11/78 modules)
[2K[1A[2K[G[24%] building (21/129 modules)
[2K[1A[2K[G[24%] building (42/231 modules)
[2K[1A[2K[G[24%] building (42/255 modules)
[2K[1A[2K[G[38%] building (57/332 modules)
[2K[1A[2K[G[38%] building (71/451 modules)
[2K[1A[2K[G[38%] building (94/518 modules)
[2K[1A[2K[G[38%] building (146/579 modules)
[2K[1A[2K[G[38%] building (188/686 modules)
[2K[1A[2K[G[38%] building (244/708 modules)
[1m[33m[@vue/compiler-sfc][0m[33m `defineProps` is a compiler macro and no longer needs to be imported.[0m

[2K[1A[2K[G[38%] building (307/760 modules)
[2K[1A[2K[G[51%] building (377/810 modules)
[2K[1A[2K[G[51%] building (400/885 modules)
[2K[1A[2K[G[51%] building (443/1027 modules)
[2K[1A[2K[G[51%] building (518/1035 modules)
[2K[1A[2K[G[51%] building (562/1179 modules)
[2K[1A[2K[G[51%] building (686/1264 modules)
[2K[1A[2K[G[51%] building (709/1339 modules)
[2K[1A[2K[G[51%] building (754/1417 modules)
[2K[1A[2K[G[51%] building (925/1432 modules)
[2K[1A[2K[G[51%] building (1200/1493 modules)
[2K[1A[2K[G[65%] building (1506/1506 modules)
[2K[1A[2K[G[65%] building 
[2K[1A[2K[G[69%] building (finish)
[2K[1A[2K[G[70%] sealing (finish module graph)
[2K[1A[2K[G[70%] sealing (finish module graph ResolverCachePlugin)
[2K[1A[2K[G[70%] sealing (finish module graph InferAsyncModulesPlugin)
[2K[1A[2K[G[70%] sealing (finish module graph FlagDependencyExportsPlugin)
[2K[1A[2K[G[70%] sealing (finish module graph ESLintWebpackPlugin_1)
[2K[1A[2K[G[70%] sealing (finish module graph)
[2K[1A[2K[G[71%] sealing (plugins)
[2K[1A[2K[G[71%] sealing (plugins WarnCaseSensitiveModulesPlugin)
[2K[1A[2K[G[71%] sealing (plugins)
[2K[1A[2K[G[71%] sealing (dependencies optimization)
[2K[1A[2K[G[71%] sealing (dependencies optimization SideEffectsFlagPlugin)
[2K[1A[2K[G[71%] sealing (dependencies optimization)
[2K[1A[2K[G[72%] sealing (after dependencies optimization)
[2K[1A[2K[G[73%] sealing (chunk graph)
[2K[1A[2K[G[73%] sealing (after chunk graph)
[2K[1A[2K[G[74%] sealing (optimizing)
[2K[1A[2K[G[74%] sealing (module optimization)
[2K[1A[2K[G[75%] sealing (after module optimization)
[2K[1A[2K[G[76%] sealing (chunk optimization)
[2K[1A[2K[G[76%] sealing (chunk optimization EnsureChunkConditionsPlugin)
[2K[1A[2K[G[76%] sealing (chunk optimization RemoveEmptyChunksPlugin)
[2K[1A[2K[G[76%] sealing (chunk optimization MergeDuplicateChunksPlugin)
[2K[1A[2K[G[76%] sealing (chunk optimization SplitChunksPlugin)
[2K[1A[2K[G[76%] sealing (chunk optimization RemoveEmptyChunksPlugin)
[2K[1A[2K[G[76%] sealing (chunk optimization)
[2K[1A[2K[G[76%] sealing (after chunk optimization)
[2K[1A[2K[G[77%] sealing (module and chunk tree optimization)
[2K[1A[2K[G[77%] sealing (module and chunk tree optimization PersistentChildCompilerSinglet
onPlugin)
[2K[1A[2K[1A[2K[G[77%] sealing (module and chunk tree optimization)
[2K[1A[2K[G[78%] sealing (after module and chunk tree optimization)
[2K[1A[2K[G[78%] sealing (chunk modules optimization)
[2K[1A[2K[G[79%] sealing (after chunk modules optimization)
[2K[1A[2K[G[80%] sealing (module reviving)
[2K[1A[2K[G[80%] sealing (module reviving RecordIdsPlugin)
[2K[1A[2K[G[80%] sealing (module reviving)
[2K[1A[2K[G[80%] sealing (before module ids)
[2K[1A[2K[G[81%] sealing (module ids)
[2K[1A[2K[G[81%] sealing (module ids NamedModuleIdsPlugin)
[2K[1A[2K[G[81%] sealing (module ids)
[2K[1A[2K[G[82%] sealing (module id optimization)
[2K[1A[2K[G[82%] sealing (module id optimization)
[2K[1A[2K[G[83%] sealing (chunk reviving)
[2K[1A[2K[G[83%] sealing (chunk reviving RecordIdsPlugin)
[2K[1A[2K[G[83%] sealing (chunk reviving)
[2K[1A[2K[G[83%] sealing (before chunk ids)
[2K[1A[2K[G[84%] sealing (chunk ids)
[2K[1A[2K[G[84%] sealing (chunk ids NamedChunkIdsPlugin)
[2K[1A[2K[G[84%] sealing (chunk ids)
[2K[1A[2K[G[85%] sealing (chunk id optimization)
[2K[1A[2K[G[85%] sealing (after chunk id optimization)
[2K[1A[2K[G[86%] sealing (record modules)
[2K[1A[2K[G[86%] sealing (record modules RecordIdsPlugin)
[2K[1A[2K[G[86%] sealing (record modules)
[2K[1A[2K[G[87%] sealing (record chunks)
[2K[1A[2K[G[87%] sealing (record chunks RecordIdsPlugin)
[2K[1A[2K[G[87%] sealing (record chunks)
[2K[1A[2K[G[87%] sealing (module hashing)
[2K[1A[2K[G[88%] sealing (code generation)
[2K[1A[2K[G[89%] sealing (runtime requirements)
[2K[1A[2K[G[89%] sealing (hashing)
[2K[1A[2K[G[90%] sealing (after hashing)
[2K[1A[2K[G[91%] sealing (record hash)
[2K[1A[2K[G[91%] sealing (module assets processing)
[2K[1A[2K[G[92%] sealing (chunk assets processing)
[2K[1A[2K[G[92%] sealing (asset processing)
[2K[1A[2K[G[92%] sealing (asset processing copy-webpack-plugin)
[2K[1A[2K[G[92%] sealing (asset processing HotModuleReplacementPlugin)
[2K[1A[2K[G[92%] sealing (asset processing ESLintWebpackPlugin_1)
[2K[1A[2K[G[92%] sealing (asset processing PersistentChildCompilerSingletonPlugin)
[2K[1A[2K[G[92%] sealing (asset processing HtmlWebpackPlugin)
[2K[1A[2K[G[92%] sealing (asset processing)
[2K[1A[2K[G[93%] sealing (after asset optimization)
[2K[1A[2K[G[94%] sealing (recording)
[2K[1A[2K[G[94%] sealing (recording HotModuleReplacementPlugin)
[2K[1A[2K[G[94%] sealing (recording)
[2K[1A[2K[G[94%] sealing (after seal)
[2K[1A[2K[G[95%] emitting (emit)
[2K[1A[2K[G[98%] emitting (after emit)
[2K[1A[2K[GBuild finished at 07:42:17 by 0.000s
[2K[1A[2K[GBuild finished at 07:42:17 by 0.000s
[2K[1A[2K[GBuild finished at 07:42:17 by 0.000s
[2K[1A[2K[G DONE  Compiled successfully in 17290ms7:42:17 AM

Build finished at 07:42:17 by 0.000s
[2K[1A[2K[G
  App running at:
  - Local:   http://localhost:8086/ 
  - Network: http://172.16.0.4:8086/

  Note that the development build is not optimized.
  To create a production build, run npm run build.

Build finished at 07:42:17 by 0.000s
[2K[1A[2K[GBuild finished at 07:42:17 by 0.000s
[2K[1A[2K[GBuild finished at 07:42:17 by 0.000s
[2K[1A[2K[GBuild finished at 07:42:17 by 0.000s
[2K[1A[2K[GBuild finished at 07:42:17 by 0.000s
[2K[1A[2K[GBuild finished at 07:42:17 by 0.000s
[2K[1A[2K[GBuild finished at 07:42:17 by 0.000s
[2K[1A[2K[GBuild finished at 07:42:17 by 0.000s
[2K[1A[2K[G WAIT  Compiling...7:50:21 AM

Compiling...

[2K[1A[2K[G[1%] cache (end idle)
[2K[1A[2K[G[3%] setup (watch run)
[2K[1A[2K[G[3%] setup (watch run vue-loader-plugin)
[2K[1A[2K[G[3%] setup (watch run ESLintWebpackPlugin_1)
[2K[1A[2K[G[3%] setup (watch run webpack-dev-middleware)
[2K[1A[2K[G[3%] setup (watch run)
[2K[1A[2K[G[4%] setup (normal module factory)
[2K[1A[2K[G[4%] setup (normal module factory CaseSensitivePathsPlugin)
[2K[1A[2K[G[4%] setup (normal module factory)
[2K[1A[2K[G[5%] setup (context module factory)
[2K[1A[2K[G[6%] setup (before compile)
[2K[1A[2K[G[6%] setup (before compile ProgressPlugin)
[2K[1A[2K[G[6%] setup (before compile)
[2K[1A[2K[G[7%] setup (compile)
[2K[1A[2K[G[7%] setup (compile ExternalsPlugin)
[2K[1A[2K[G[7%] setup (compile)
[2K[1A[2K[G[8%] setup (compilation)
[2K[1A[2K[G[8%] setup (compilation HtmlWebpackPlugin)
[2K[1A[2K[G[8%] setup (compilation CopyPlugin)
[2K[1A[2K[G[8%] setup (compilation ArrayPushCallbackChunkFormatPlugin)
[2K[1A[2K[G[8%] setup (compilation JsonpChunkLoadingPlugin)
[2K[1A[2K[G[8%] setup (compilation StartupChunkDependenciesPlugin)
[2K[1A[2K[G[8%] setup (compilation ImportScriptsChunkLoadingPlugin)
[2K[1A[2K[G[8%] setup (compilation WorkerPlugin)
[2K[1A[2K[G[8%] setup (compilation SplitChunksPlugin)
[2K[1A[2K[G[8%] setup (compilation ResolverCachePlugin)
[2K[1A[2K[G[8%] setup (compilation)
[2K[1A[2K[G[9%] setup (compilation)
[2K[1A[2K[G[9%] setup (compilation vue-loader-plugin)
[2K[1A[2K[G[9%] setup (compilation DefinePlugin)
[2K[1A[2K[G[9%] setup (compilation ProgressPlugin)
[2K[1A[2K[G[9%] setup (compilation EntryPlugin)
[2K[1A[2K[G[9%] setup (compilation ChunkPrefetchPreloadPlugin)
[2K[1A[2K[G[9%] setup (compilation ModuleInfoHeaderPlugin)
[2K[1A[2K[G[9%] setup (compilation EvalSourceMapDevToolPlugin)
[2K[1A[2K[G[9%] setup (compilation JavascriptModulesPlugin)
[2K[1A[2K[G[9%] setup (compilation JsonModulesPlugin)
[2K[1A[2K[G[9%] setup (compilation AssetModulesPlugin)
[2K[1A[2K[G[9%] setup (compilation EntryPlugin)
[2K[1A[2K[G[9%] setup (compilation RuntimePlugin)
[2K[1A[2K[G[9%] setup (compilation InferAsyncModulesPlugin)
[2K[1A[2K[G[9%] setup (compilation DataUriPlugin)
[2K[1A[2K[G[9%] setup (compilation FileUriPlugin)
[2K[1A[2K[G[9%] setup (compilation CompatibilityPlugin)
[2K[1A[2K[G[9%] setup (compilation HarmonyModulesPlugin)
[2K[1A[2K[G[9%] setup (compilation AMDPlugin)
[2K[1A[2K[G[9%] setup (compilation RequireJsStuffPlugin)
[2K[1A[2K[G[9%] setup (compilation CommonJsPlugin)
[2K[1A[2K[G[9%] setup (compilation LoaderPlugin)
[2K[1A[2K[G[9%] setup (compilation NodeStuffPlugin)
[2K[1A[2K[G[9%] setup (compilation APIPlugin)
[2K[1A[2K[G[9%] setup (compilation ExportsInfoApiPlugin)
[2K[1A[2K[G[9%] setup (compilation WebpackIsIncludedPlugin)
[2K[1A[2K[G[9%] setup (compilation ConstPlugin)
[2K[1A[2K[G[9%] setup (compilation UseStrictPlugin)
[2K[1A[2K[G[9%] setup (compilation RequireIncludePlugin)
[2K[1A[2K[G[9%] setup (compilation RequireEnsurePlugin)
[2K[1A[2K[G[9%] setup (compilation RequireContextPlugin)
[2K[1A[2K[G[9%] setup (compilation ImportPlugin)
[2K[1A[2K[G[9%] setup (compilation ImportMetaContextPlugin)
[2K[1A[2K[G[9%] setup (compilation SystemPlugin)
[2K[1A[2K[G[9%] setup (compilation ImportMetaPlugin)
[2K[1A[2K[G[9%] setup (compilation URLPlugin)
[2K[1A[2K[G[9%] setup (compilation DefaultStatsFactoryPlugin)
[2K[1A[2K[G[9%] setup (compilation DefaultStatsPresetPlugin)
[2K[1A[2K[G[9%] setup (compilation DefaultStatsPrinterPlugin)
[2K[1A[2K[G[9%] setup (compilation JavascriptMetaInfoPlugin)
[2K[1A[2K[G[9%] setup (compilation EnsureChunkConditionsPlugin)
[2K[1A[2K[G[9%] setup (compilation RemoveEmptyChunksPlugin)
[2K[1A[2K[G[9%] setup (compilation MergeDuplicateChunksPlugin)
[2K[1A[2K[G[9%] setup (compilation SideEffectsFlagPlugin)
[2K[1A[2K[G[9%] setup (compilation FlagDependencyExportsPlugin)
[2K[1A[2K[G[9%] setup (compilation NamedModuleIdsPlugin)
[2K[1A[2K[G[9%] setup (compilation NamedChunkIdsPlugin)
[2K[1A[2K[G[9%] setup (compilation DefinePlugin)
[2K[1A[2K[G[9%] setup (compilation TemplatedPathPlugin)
[2K[1A[2K[G[9%] setup (compilation RecordIdsPlugin)
[2K[1A[2K[G[9%] setup (compilation WarnCaseSensitiveModulesPlugin)
[2K[1A[2K[G[9%] setup (compilation EntryPlugin)
[2K[1A[2K[G[9%] setup (compilation ProvidePlugin)
[2K[1A[2K[G[9%] setup (compilation HotModuleReplacementPlugin)
[2K[1A[2K[G[9%] setup (compilation ProgressPlugin)
[2K[1A[2K[G[9%] setup (compilation ESLintWebpackPlugin_1)
[2K[1A[2K[G[9%] setup (compilation)
[2K[1A[2K[G[10%] building 
[2K[1A[2K[G[10%] building (0/0 modules)
[2K[1A[2K[G[24%] building (7/7 modules)
[2K[1A[2K[G[38%] building (138/183 modules)
[2K[1A[2K[G[51%] building (343/566 modules)
[2K[1A[2K[G[51%] building (import loader vue-loader/dist/index.js)
[2K[1A[2K[G[51%] building (1483/623 modules)
[2K[1A[2K[G[51%] building (import loader babel-loader/lib/index.js)
[2K[1A[2K[G[51%] building (import loader vue-loader/dist/templateLoader.js)
[2K[1A[2K[G[51%] building (1494/630 modules)
[2K[1A[2K[G[51%] building (import loader css-loader/dist/cjs.js)
[2K[1A[2K[G[51%] building (import loader vue-loader/dist/stylePostLoader.js)
[2K[1A[2K[G[51%] building (import loader postcss-loader/dist/cjs.js)
[2K[1A[2K[G[51%] building (1494/631 modules)
[2K[1A[2K[G[65%] building (1506/639 modules)
[2K[1A[2K[G[65%] building 
[2K[1A[2K[G[69%] building (finish)
[2K[1A[2K[G[70%] sealing (finish module graph)
[2K[1A[2K[G[70%] sealing (finish module graph ResolverCachePlugin)
[2K[1A[2K[G[70%] sealing (finish module graph InferAsyncModulesPlugin)
[2K[1A[2K[G[70%] sealing (finish module graph FlagDependencyExportsPlugin)
[2K[1A[2K[G[70%] sealing (finish module graph ESLintWebpackPlugin_1)
[2K[1A[2K[G[70%] sealing (finish module graph)
[2K[1A[2K[G[71%] sealing (plugins)
[2K[1A[2K[G[71%] sealing (plugins WarnCaseSensitiveModulesPlugin)
[2K[1A[2K[G[71%] sealing (plugins)
[2K[1A[2K[G[71%] sealing (dependencies optimization)
[2K[1A[2K[G[71%] sealing (dependencies optimization SideEffectsFlagPlugin)
[2K[1A[2K[G[71%] sealing (dependencies optimization)
[2K[1A[2K[G[72%] sealing (after dependencies optimization)
[2K[1A[2K[G[73%] sealing (chunk graph)
[2K[1A[2K[G[73%] sealing (after chunk graph)
[2K[1A[2K[G[74%] sealing (optimizing)
[2K[1A[2K[G[74%] sealing (module optimization)
[2K[1A[2K[G[75%] sealing (after module optimization)
[2K[1A[2K[G[76%] sealing (chunk optimization)
[2K[1A[2K[G[76%] sealing (chunk optimization EnsureChunkConditionsPlugin)
[2K[1A[2K[G[76%] sealing (chunk optimization RemoveEmptyChunksPlugin)
[2K[1A[2K[G[76%] sealing (chunk optimization MergeDuplicateChunksPlugin)
[2K[1A[2K[G[76%] sealing (chunk optimization SplitChunksPlugin)
[2K[1A[2K[G[76%] sealing (chunk optimization RemoveEmptyChunksPlugin)
[2K[1A[2K[G[76%] sealing (chunk optimization)
[2K[1A[2K[G[76%] sealing (after chunk optimization)
[2K[1A[2K[G[77%] sealing (module and chunk tree optimization)
[2K[1A[2K[G[77%] sealing (module and chunk tree optimization PersistentChildCompilerSinglet
onPlugin)
[2K[1A[2K[1A[2K[G[77%] sealing (module and chunk tree optimization)
[2K[1A[2K[G[78%] sealing (after module and chunk tree optimization)
[2K[1A[2K[G[78%] sealing (chunk modules optimization)
[2K[1A[2K[G[79%] sealing (after chunk modules optimization)
[2K[1A[2K[G[80%] sealing (module reviving)
[2K[1A[2K[G[80%] sealing (module reviving RecordIdsPlugin)
[2K[1A[2K[G[80%] sealing (module reviving)
[2K[1A[2K[G[80%] sealing (before module ids)
[2K[1A[2K[G[81%] sealing (module ids)
[2K[1A[2K[G[81%] sealing (module ids NamedModuleIdsPlugin)
[2K[1A[2K[G[81%] sealing (module ids)
[2K[1A[2K[G[82%] sealing (module id optimization)
[2K[1A[2K[G[82%] sealing (module id optimization)
[2K[1A[2K[G[83%] sealing (chunk reviving)
[2K[1A[2K[G[83%] sealing (chunk reviving RecordIdsPlugin)
[2K[1A[2K[G[83%] sealing (chunk reviving)
[2K[1A[2K[G[83%] sealing (before chunk ids)
[2K[1A[2K[G[84%] sealing (chunk ids)
[2K[1A[2K[G[84%] sealing (chunk ids NamedChunkIdsPlugin)
[2K[1A[2K[G[84%] sealing (chunk ids)
[2K[1A[2K[G[85%] sealing (chunk id optimization)
[2K[1A[2K[G[85%] sealing (after chunk id optimization)
[2K[1A[2K[G[86%] sealing (record modules)
[2K[1A[2K[G[86%] sealing (record modules RecordIdsPlugin)
[2K[1A[2K[G[86%] sealing (record modules)
[2K[1A[2K[G[87%] sealing (record chunks)
[2K[1A[2K[G[87%] sealing (record chunks RecordIdsPlugin)
[2K[1A[2K[G[87%] sealing (record chunks)
[2K[1A[2K[G[87%] sealing (module hashing)
[2K[1A[2K[G[88%] sealing (code generation)
[2K[1A[2K[G[89%] sealing (runtime requirements)
[2K[1A[2K[G[89%] sealing (hashing)
[2K[1A[2K[G[90%] sealing (after hashing)
[2K[1A[2K[G[91%] sealing (record hash)
[2K[1A[2K[G[91%] sealing (module assets processing)
[2K[1A[2K[G[92%] sealing (chunk assets processing)
[2K[1A[2K[G[92%] sealing (asset processing)
[2K[1A[2K[G[92%] sealing (asset processing copy-webpack-plugin)
[2K[1A[2K[G[92%] sealing (asset processing HotModuleReplacementPlugin)
[2K[1A[2K[G[92%] sealing (asset processing ESLintWebpackPlugin_1)
[2K[1A[2K[G[92%] sealing (asset processing PersistentChildCompilerSingletonPlugin)
[2K[1A[2K[G[92%] sealing (asset processing HtmlWebpackPlugin)
[2K[1A[2K[G[92%] sealing (asset processing)
[2K[1A[2K[G[93%] sealing (after asset optimization)
[2K[1A[2K[G[94%] sealing (recording)
[2K[1A[2K[G[94%] sealing (recording HotModuleReplacementPlugin)
[2K[1A[2K[G[94%] sealing (recording)
[2K[1A[2K[G[94%] sealing (after seal)
[2K[1A[2K[G[95%] emitting (emit)
[2K[1A[2K[G[98%] emitting (after emit)
[2K[1A[2K[GBuild finished at 07:50:23 by 0.000s
[2K[1A[2K[GBuild finished at 07:50:23 by 0.000s
[2K[1A[2K[GBuild finished at 07:50:23 by 0.000s
[2K[1A[2K[G DONE  Compiled successfully in 2500ms7:50:23 AM

Build finished at 07:50:23 by 0.000s
[2K[1A[2K[G
  App running at:
  - Local:   http://localhost:8086/ 
  - Network: http://172.16.0.4:8086/

Build finished at 07:50:23 by 0.000s
[2K[1A[2K[GBuild finished at 07:50:23 by 0.000s
[2K[1A[2K[GBuild finished at 07:50:23 by 0.000s
[2K[1A[2K[GBuild finished at 07:50:23 by 0.000s
[2K[1A[2K[GBuild finished at 07:50:23 by 0.000s
[2K[1A[2K[GBuild finished at 07:50:23 by 0.000s
[2K[1A[2K[GBuild finished at 07:50:23 by 0.000s
[2K[1A[2K[GBuild finished at 07:50:23 by 0.000s
[2K[1A[2K[G WAIT  Compiling...7:50:23 AM

Compiling...

[2K[1A[2K[G[1%] cache (end idle)
[2K[1A[2K[G[3%] setup (watch run)
[2K[1A[2K[G[3%] setup (watch run vue-loader-plugin)
[2K[1A[2K[G[3%] setup (watch run ESLintWebpackPlugin_1)
[2K[1A[2K[G[3%] setup (watch run webpack-dev-middleware)
[2K[1A[2K[G[3%] setup (watch run)
[2K[1A[2K[G[4%] setup (normal module factory)
[2K[1A[2K[G[4%] setup (normal module factory CaseSensitivePathsPlugin)
[2K[1A[2K[G[4%] setup (normal module factory)
[2K[1A[2K[G[5%] setup (context module factory)
[2K[1A[2K[G[6%] setup (before compile)
[2K[1A[2K[G[6%] setup (before compile ProgressPlugin)
[2K[1A[2K[G[6%] setup (before compile)
[2K[1A[2K[G[7%] setup (compile)
[2K[1A[2K[G[7%] setup (compile ExternalsPlugin)
[2K[1A[2K[G[7%] setup (compile)
[2K[1A[2K[G[8%] setup (compilation)
[2K[1A[2K[G[8%] setup (compilation HtmlWebpackPlugin)
[2K[1A[2K[G[8%] setup (compilation CopyPlugin)
[2K[1A[2K[G[8%] setup (compilation ArrayPushCallbackChunkFormatPlugin)
[2K[1A[2K[G[8%] setup (compilation JsonpChunkLoadingPlugin)
[2K[1A[2K[G[8%] setup (compilation StartupChunkDependenciesPlugin)
[2K[1A[2K[G[8%] setup (compilation ImportScriptsChunkLoadingPlugin)
[2K[1A[2K[G[8%] setup (compilation WorkerPlugin)
[2K[1A[2K[G[8%] setup (compilation SplitChunksPlugin)
[2K[1A[2K[G[8%] setup (compilation ResolverCachePlugin)
[2K[1A[2K[G[8%] setup (compilation)
[2K[1A[2K[G[9%] setup (compilation)
[2K[1A[2K[G[9%] setup (compilation vue-loader-plugin)
[2K[1A[2K[G[9%] setup (compilation DefinePlugin)
[2K[1A[2K[G[9%] setup (compilation ProgressPlugin)
[2K[1A[2K[G[9%] setup (compilation EntryPlugin)
[2K[1A[2K[G[9%] setup (compilation ChunkPrefetchPreloadPlugin)
[2K[1A[2K[G[9%] setup (compilation ModuleInfoHeaderPlugin)
[2K[1A[2K[G[9%] setup (compilation EvalSourceMapDevToolPlugin)
[2K[1A[2K[G[9%] setup (compilation JavascriptModulesPlugin)
[2K[1A[2K[G[9%] setup (compilation JsonModulesPlugin)
[2K[1A[2K[G[9%] setup (compilation AssetModulesPlugin)
[2K[1A[2K[G[9%] setup (compilation EntryPlugin)
[2K[1A[2K[G[9%] setup (compilation RuntimePlugin)
[2K[1A[2K[G[9%] setup (compilation InferAsyncModulesPlugin)
[2K[1A[2K[G[9%] setup (compilation DataUriPlugin)
[2K[1A[2K[G[9%] setup (compilation FileUriPlugin)
[2K[1A[2K[G[9%] setup (compilation CompatibilityPlugin)
[2K[1A[2K[G[9%] setup (compilation HarmonyModulesPlugin)
[2K[1A[2K[G[9%] setup (compilation AMDPlugin)
[2K[1A[2K[G[9%] setup (compilation RequireJsStuffPlugin)
[2K[1A[2K[G[9%] setup (compilation CommonJsPlugin)
[2K[1A[2K[G[9%] setup (compilation LoaderPlugin)
[2K[1A[2K[G[9%] setup (compilation NodeStuffPlugin)
[2K[1A[2K[G[9%] setup (compilation APIPlugin)
[2K[1A[2K[G[9%] setup (compilation ExportsInfoApiPlugin)
[2K[1A[2K[G[9%] setup (compilation WebpackIsIncludedPlugin)
[2K[1A[2K[G[9%] setup (compilation ConstPlugin)
[2K[1A[2K[G[9%] setup (compilation UseStrictPlugin)
[2K[1A[2K[G[9%] setup (compilation RequireIncludePlugin)
[2K[1A[2K[G[9%] setup (compilation RequireEnsurePlugin)
[2K[1A[2K[G[9%] setup (compilation RequireContextPlugin)
[2K[1A[2K[G[9%] setup (compilation ImportPlugin)
[2K[1A[2K[G[9%] setup (compilation ImportMetaContextPlugin)
[2K[1A[2K[G[9%] setup (compilation SystemPlugin)
[2K[1A[2K[G[9%] setup (compilation ImportMetaPlugin)
[2K[1A[2K[G[9%] setup (compilation URLPlugin)
[2K[1A[2K[G[9%] setup (compilation DefaultStatsFactoryPlugin)
[2K[1A[2K[G[9%] setup (compilation DefaultStatsPresetPlugin)
[2K[1A[2K[G[9%] setup (compilation DefaultStatsPrinterPlugin)
[2K[1A[2K[G[9%] setup (compilation JavascriptMetaInfoPlugin)
[2K[1A[2K[G[9%] setup (compilation EnsureChunkConditionsPlugin)
[2K[1A[2K[G[9%] setup (compilation RemoveEmptyChunksPlugin)
[2K[1A[2K[G[9%] setup (compilation MergeDuplicateChunksPlugin)
[2K[1A[2K[G[9%] setup (compilation SideEffectsFlagPlugin)
[2K[1A[2K[G[9%] setup (compilation FlagDependencyExportsPlugin)
[2K[1A[2K[G[9%] setup (compilation NamedModuleIdsPlugin)
[2K[1A[2K[G[9%] setup (compilation NamedChunkIdsPlugin)
[2K[1A[2K[G[9%] setup (compilation DefinePlugin)
[2K[1A[2K[G[9%] setup (compilation TemplatedPathPlugin)
[2K[1A[2K[G[9%] setup (compilation RecordIdsPlugin)
[2K[1A[2K[G[9%] setup (compilation WarnCaseSensitiveModulesPlugin)
[2K[1A[2K[G[9%] setup (compilation EntryPlugin)
[2K[1A[2K[G[9%] setup (compilation ProvidePlugin)
[2K[1A[2K[G[9%] setup (compilation HotModuleReplacementPlugin)
[2K[1A[2K[G[9%] setup (compilation ProgressPlugin)
[2K[1A[2K[G[9%] setup (compilation ESLintWebpackPlugin_1)
[2K[1A[2K[G[9%] setup (compilation)
[2K[1A[2K[G[10%] building 
[2K[1A[2K[G[10%] building (0/0 modules)
[2K[1A[2K[G[24%] building (1/4 modules)
[2K[1A[2K[G[38%] building (81/67 modules)
[2K[1A[2K[G[38%] building (import loader vue-loader/dist/index.js)
[2K[1A[2K[G[38%] building (145/242 modules)
[2K[1A[2K[G[51%] building (312/490 modules)
[2K[1A[2K[G[51%] building (import loader babel-loader/lib/index.js)
[2K[1A[2K[G[51%] building (import loader vue-loader/dist/templateLoader.js)
[2K[1A[2K[G[51%] building (573/602 modules)
[2K[1A[2K[G[51%] building (import loader css-loader/dist/cjs.js)
[2K[1A[2K[G[51%] building (import loader vue-loader/dist/stylePostLoader.js)
[2K[1A[2K[G[51%] building (import loader postcss-loader/dist/cjs.js)
[2K[1A[2K[G[51%] building (800/613 modules)
[2K[1A[2K[G[65%] building (1506/639 modules)
[2K[1A[2K[G[65%] building 
[2K[1A[2K[G[69%] building (finish)
[2K[1A[2K[G[70%] sealing (finish module graph)
[2K[1A[2K[G[70%] sealing (finish module graph ResolverCachePlugin)
[2K[1A[2K[G[70%] sealing (finish module graph InferAsyncModulesPlugin)
[2K[1A[2K[G[70%] sealing (finish module graph FlagDependencyExportsPlugin)
[2K[1A[2K[G[70%] sealing (finish module graph ESLintWebpackPlugin_1)
[2K[1A[2K[G[70%] sealing (finish module graph)
[2K[1A[2K[G[71%] sealing (plugins)
[2K[1A[2K[G[71%] sealing (plugins WarnCaseSensitiveModulesPlugin)
[2K[1A[2K[G[71%] sealing (plugins)
[2K[1A[2K[G[71%] sealing (dependencies optimization)
[2K[1A[2K[G[71%] sealing (dependencies optimization SideEffectsFlagPlugin)
[2K[1A[2K[G[71%] sealing (dependencies optimization)
[2K[1A[2K[G[72%] sealing (after dependencies optimization)
[2K[1A[2K[G[73%] sealing (chunk graph)
[2K[1A[2K[G[73%] sealing (after chunk graph)
[2K[1A[2K[G[74%] sealing (optimizing)
[2K[1A[2K[G[74%] sealing (module optimization)
[2K[1A[2K[G[75%] sealing (after module optimization)
[2K[1A[2K[G[76%] sealing (chunk optimization)
[2K[1A[2K[G[76%] sealing (chunk optimization EnsureChunkConditionsPlugin)
[2K[1A[2K[G[76%] sealing (chunk optimization RemoveEmptyChunksPlugin)
[2K[1A[2K[G[76%] sealing (chunk optimization MergeDuplicateChunksPlugin)
[2K[1A[2K[G[76%] sealing (chunk optimization SplitChunksPlugin)
[2K[1A[2K[G[76%] sealing (chunk optimization RemoveEmptyChunksPlugin)
[2K[1A[2K[G[76%] sealing (chunk optimization)
[2K[1A[2K[G[76%] sealing (after chunk optimization)
[2K[1A[2K[G[77%] sealing (module and chunk tree optimization)
[2K[1A[2K[G[77%] sealing (module and chunk tree optimization PersistentChildCompilerSinglet
onPlugin)
[2K[1A[2K[1A[2K[G[77%] sealing (module and chunk tree optimization)
[2K[1A[2K[G[78%] sealing (after module and chunk tree optimization)
[2K[1A[2K[G[78%] sealing (chunk modules optimization)
[2K[1A[2K[G[79%] sealing (after chunk modules optimization)
[2K[1A[2K[G[80%] sealing (module reviving)
[2K[1A[2K[G[80%] sealing (module reviving RecordIdsPlugin)
[2K[1A[2K[G[80%] sealing (module reviving)
[2K[1A[2K[G[80%] sealing (before module ids)
[2K[1A[2K[G[81%] sealing (module ids)
[2K[1A[2K[G[81%] sealing (module ids NamedModuleIdsPlugin)
[2K[1A[2K[G[81%] sealing (module ids)
[2K[1A[2K[G[82%] sealing (module id optimization)
[2K[1A[2K[G[82%] sealing (module id optimization)
[2K[1A[2K[G[83%] sealing (chunk reviving)
[2K[1A[2K[G[83%] sealing (chunk reviving RecordIdsPlugin)
[2K[1A[2K[G[83%] sealing (chunk reviving)
[2K[1A[2K[G[83%] sealing (before chunk ids)
[2K[1A[2K[G[84%] sealing (chunk ids)
[2K[1A[2K[G[84%] sealing (chunk ids NamedChunkIdsPlugin)
[2K[1A[2K[G[84%] sealing (chunk ids)
[2K[1A[2K[G[85%] sealing (chunk id optimization)
[2K[1A[2K[G[85%] sealing (after chunk id optimization)
[2K[1A[2K[G[86%] sealing (record modules)
[2K[1A[2K[G[86%] sealing (record modules RecordIdsPlugin)
[2K[1A[2K[G[86%] sealing (record modules)
[2K[1A[2K[G[87%] sealing (record chunks)
[2K[1A[2K[G[87%] sealing (record chunks RecordIdsPlugin)
[2K[1A[2K[G[87%] sealing (record chunks)
[2K[1A[2K[G[87%] sealing (module hashing)
[2K[1A[2K[G[88%] sealing (code generation)
[2K[1A[2K[G[89%] sealing (runtime requirements)
[2K[1A[2K[G[89%] sealing (hashing)
[2K[1A[2K[G[90%] sealing (after hashing)
[2K[1A[2K[G[91%] sealing (record hash)
[2K[1A[2K[G[91%] sealing (module assets processing)
[2K[1A[2K[G[92%] sealing (chunk assets processing)
[2K[1A[2K[G[92%] sealing (asset processing)
[2K[1A[2K[G[92%] sealing (asset processing copy-webpack-plugin)
[2K[1A[2K[G[92%] sealing (asset processing HotModuleReplacementPlugin)
[2K[1A[2K[G[92%] sealing (asset processing ESLintWebpackPlugin_1)
[2K[1A[2K[G[92%] sealing (asset processing PersistentChildCompilerSingletonPlugin)
[2K[1A[2K[G[92%] sealing (asset processing HtmlWebpackPlugin)
[2K[1A[2K[G[92%] sealing (asset processing)
[2K[1A[2K[G[93%] sealing (after asset optimization)
[2K[1A[2K[G[94%] sealing (recording)
[2K[1A[2K[G[94%] sealing (recording HotModuleReplacementPlugin)
[2K[1A[2K[G[94%] sealing (recording)
[2K[1A[2K[G[94%] sealing (after seal)
[2K[1A[2K[G[95%] emitting (emit)
[2K[1A[2K[G[98%] emitting (after emit)
[2K[1A[2K[GBuild finished at 07:50:25 by 0.000s
[2K[1A[2K[GBuild finished at 07:50:25 by 0.000s
[2K[1A[2K[GBuild finished at 07:50:25 by 0.000s
[2K[1A[2K[G DONE  Compiled successfully in 1209ms7:50:25 AM

Build finished at 07:50:25 by 0.000s
[2K[1A[2K[G
  App running at:
  - Local:   http://localhost:8086/ 
  - Network: http://172.16.0.4:8086/

Build finished at 07:50:25 by 0.000s
[2K[1A[2K[GBuild finished at 07:50:25 by 0.000s
[2K[1A[2K[GBuild finished at 07:50:25 by 0.000s
[2K[1A[2K[GBuild finished at 07:50:25 by 0.000s
[2K[1A[2K[GBuild finished at 07:50:25 by 0.000s
[2K[1A[2K[GBuild finished at 07:50:25 by 0.000s
[2K[1A[2K[GBuild finished at 07:50:25 by 0.000s
[2K[1A[2K[GBuild finished at 07:50:25 by 0.000s
[2K[1A[2K[G WAIT  Compiling...8:15:59 AM

Compiling...

[2K[1A[2K[G[1%] cache (end idle)
[2K[1A[2K[G[3%] setup (watch run)
[2K[1A[2K[G[3%] setup (watch run vue-loader-plugin)
[2K[1A[2K[G[3%] setup (watch run ESLintWebpackPlugin_1)
[2K[1A[2K[G[3%] setup (watch run webpack-dev-middleware)
[2K[1A[2K[G[3%] setup (watch run)
[2K[1A[2K[G[4%] setup (normal module factory)
[2K[1A[2K[G[4%] setup (normal module factory CaseSensitivePathsPlugin)
[2K[1A[2K[G[4%] setup (normal module factory)
[2K[1A[2K[G[5%] setup (context module factory)
[2K[1A[2K[G[6%] setup (before compile)
[2K[1A[2K[G[6%] setup (before compile ProgressPlugin)
[2K[1A[2K[G[6%] setup (before compile)
[2K[1A[2K[G[7%] setup (compile)
[2K[1A[2K[G[7%] setup (compile ExternalsPlugin)
[2K[1A[2K[G[7%] setup (compile)
[2K[1A[2K[G[8%] setup (compilation)
[2K[1A[2K[G[8%] setup (compilation HtmlWebpackPlugin)
[2K[1A[2K[G[8%] setup (compilation CopyPlugin)
[2K[1A[2K[G[8%] setup (compilation ArrayPushCallbackChunkFormatPlugin)
[2K[1A[2K[G[8%] setup (compilation JsonpChunkLoadingPlugin)
[2K[1A[2K[G[8%] setup (compilation StartupChunkDependenciesPlugin)
[2K[1A[2K[G[8%] setup (compilation ImportScriptsChunkLoadingPlugin)
[2K[1A[2K[G[8%] setup (compilation WorkerPlugin)
[2K[1A[2K[G[8%] setup (compilation SplitChunksPlugin)
[2K[1A[2K[G[8%] setup (compilation ResolverCachePlugin)
[2K[1A[2K[G[8%] setup (compilation)
[2K[1A[2K[G[9%] setup (compilation)
[2K[1A[2K[G[9%] setup (compilation vue-loader-plugin)
[2K[1A[2K[G[9%] setup (compilation DefinePlugin)
[2K[1A[2K[G[9%] setup (compilation ProgressPlugin)
[2K[1A[2K[G[9%] setup (compilation EntryPlugin)
[2K[1A[2K[G[9%] setup (compilation ChunkPrefetchPreloadPlugin)
[2K[1A[2K[G[9%] setup (compilation ModuleInfoHeaderPlugin)
[2K[1A[2K[G[9%] setup (compilation EvalSourceMapDevToolPlugin)
[2K[1A[2K[G[9%] setup (compilation JavascriptModulesPlugin)
[2K[1A[2K[G[9%] setup (compilation JsonModulesPlugin)
[2K[1A[2K[G[9%] setup (compilation AssetModulesPlugin)
[2K[1A[2K[G[9%] setup (compilation EntryPlugin)
[2K[1A[2K[G[9%] setup (compilation RuntimePlugin)
[2K[1A[2K[G[9%] setup (compilation InferAsyncModulesPlugin)
[2K[1A[2K[G[9%] setup (compilation DataUriPlugin)
[2K[1A[2K[G[9%] setup (compilation FileUriPlugin)
[2K[1A[2K[G[9%] setup (compilation CompatibilityPlugin)
[2K[1A[2K[G[9%] setup (compilation HarmonyModulesPlugin)
[2K[1A[2K[G[9%] setup (compilation AMDPlugin)
[2K[1A[2K[G[9%] setup (compilation RequireJsStuffPlugin)
[2K[1A[2K[G[9%] setup (compilation CommonJsPlugin)
[2K[1A[2K[G[9%] setup (compilation LoaderPlugin)
[2K[1A[2K[G[9%] setup (compilation NodeStuffPlugin)
[2K[1A[2K[G[9%] setup (compilation APIPlugin)
[2K[1A[2K[G[9%] setup (compilation ExportsInfoApiPlugin)
[2K[1A[2K[G[9%] setup (compilation WebpackIsIncludedPlugin)
[2K[1A[2K[G[9%] setup (compilation ConstPlugin)
[2K[1A[2K[G[9%] setup (compilation UseStrictPlugin)
[2K[1A[2K[G[9%] setup (compilation RequireIncludePlugin)
[2K[1A[2K[G[9%] setup (compilation RequireEnsurePlugin)
[2K[1A[2K[G[9%] setup (compilation RequireContextPlugin)
[2K[1A[2K[G[9%] setup (compilation ImportPlugin)
[2K[1A[2K[G[9%] setup (compilation ImportMetaContextPlugin)
[2K[1A[2K[G[9%] setup (compilation SystemPlugin)
[2K[1A[2K[G[9%] setup (compilation ImportMetaPlugin)
[2K[1A[2K[G[9%] setup (compilation URLPlugin)
[2K[1A[2K[G[9%] setup (compilation DefaultStatsFactoryPlugin)
[2K[1A[2K[G[9%] setup (compilation DefaultStatsPresetPlugin)
[2K[1A[2K[G[9%] setup (compilation DefaultStatsPrinterPlugin)
[2K[1A[2K[G[9%] setup (compilation JavascriptMetaInfoPlugin)
[2K[1A[2K[G[9%] setup (compilation EnsureChunkConditionsPlugin)
[2K[1A[2K[G[9%] setup (compilation RemoveEmptyChunksPlugin)
[2K[1A[2K[G[9%] setup (compilation MergeDuplicateChunksPlugin)
[2K[1A[2K[G[9%] setup (compilation SideEffectsFlagPlugin)
[2K[1A[2K[G[9%] setup (compilation FlagDependencyExportsPlugin)
[2K[1A[2K[G[9%] setup (compilation NamedModuleIdsPlugin)
[2K[1A[2K[G[9%] setup (compilation NamedChunkIdsPlugin)
[2K[1A[2K[G[9%] setup (compilation DefinePlugin)
[2K[1A[2K[G[9%] setup (compilation TemplatedPathPlugin)
[2K[1A[2K[G[9%] setup (compilation RecordIdsPlugin)
[2K[1A[2K[G[9%] setup (compilation WarnCaseSensitiveModulesPlugin)
[2K[1A[2K[G[9%] setup (compilation EntryPlugin)
[2K[1A[2K[G[9%] setup (compilation ProvidePlugin)
[2K[1A[2K[G[9%] setup (compilation HotModuleReplacementPlugin)
[2K[1A[2K[G[9%] setup (compilation ProgressPlugin)
[2K[1A[2K[G[9%] setup (compilation ESLintWebpackPlugin_1)
[2K[1A[2K[G[9%] setup (compilation)
[2K[1A[2K[G[10%] building 
[2K[1A[2K[G[10%] building (0/0 modules)
[2K[1A[2K[G[24%] building (1/2 modules)
[2K[1A[2K[G[38%] building (139/186 modules)
[2K[1A[2K[G[51%] building (346/575 modules)
[2K[1A[2K[G[51%] building (import loader babel-loader/lib/index.js)
[2K[1A[2K[G[51%] building (1500/632 modules)
[2K[1A[2K[G[65%] building (1506/632 modules)
[2K[1A[2K[G[65%] building 
[2K[1A[2K[G[69%] building (finish)
[2K[1A[2K[G[70%] sealing (finish module graph)
[2K[1A[2K[G[70%] sealing (finish module graph ResolverCachePlugin)
[2K[1A[2K[G[70%] sealing (finish module graph InferAsyncModulesPlugin)
[2K[1A[2K[G[70%] sealing (finish module graph FlagDependencyExportsPlugin)
[2K[1A[2K[G[70%] sealing (finish module graph ESLintWebpackPlugin_1)
[2K[1A[2K[G[70%] sealing (finish module graph)
[2K[1A[2K[G[71%] sealing (plugins)
[2K[1A[2K[G[71%] sealing (plugins WarnCaseSensitiveModulesPlugin)
[2K[1A[2K[G[71%] sealing (plugins)
[2K[1A[2K[G[71%] sealing (dependencies optimization)
[2K[1A[2K[G[71%] sealing (dependencies optimization SideEffectsFlagPlugin)
[2K[1A[2K[G[71%] sealing (dependencies optimization)
[2K[1A[2K[G[72%] sealing (after dependencies optimization)
[2K[1A[2K[G[73%] sealing (chunk graph)
[2K[1A[2K[G[73%] sealing (after chunk graph)
[2K[1A[2K[G[74%] sealing (optimizing)
[2K[1A[2K[G[74%] sealing (module optimization)
[2K[1A[2K[G[75%] sealing (after module optimization)
[2K[1A[2K[G[76%] sealing (chunk optimization)
[2K[1A[2K[G[76%] sealing (chunk optimization EnsureChunkConditionsPlugin)
[2K[1A[2K[G[76%] sealing (chunk optimization RemoveEmptyChunksPlugin)
[2K[1A[2K[G[76%] sealing (chunk optimization MergeDuplicateChunksPlugin)
[2K[1A[2K[G[76%] sealing (chunk optimization SplitChunksPlugin)
[2K[1A[2K[G[76%] sealing (chunk optimization RemoveEmptyChunksPlugin)
[2K[1A[2K[G[76%] sealing (chunk optimization)
[2K[1A[2K[G[76%] sealing (after chunk optimization)
[2K[1A[2K[G[77%] sealing (module and chunk tree optimization)
[2K[1A[2K[G[77%] sealing (module and chunk tree optimization PersistentChildCompilerSinglet
onPlugin)
[2K[1A[2K[1A[2K[G[77%] sealing (module and chunk tree optimization)
[2K[1A[2K[G[78%] sealing (after module and chunk tree optimization)
[2K[1A[2K[G[78%] sealing (chunk modules optimization)
[2K[1A[2K[G[79%] sealing (after chunk modules optimization)
[2K[1A[2K[G[80%] sealing (module reviving)
[2K[1A[2K[G[80%] sealing (module reviving RecordIdsPlugin)
[2K[1A[2K[G[80%] sealing (module reviving)
[2K[1A[2K[G[80%] sealing (before module ids)
[2K[1A[2K[G[81%] sealing (module ids)
[2K[1A[2K[G[81%] sealing (module ids NamedModuleIdsPlugin)
[2K[1A[2K[G[81%] sealing (module ids)
[2K[1A[2K[G[82%] sealing (module id optimization)
[2K[1A[2K[G[82%] sealing (module id optimization)
[2K[1A[2K[G[83%] sealing (chunk reviving)
[2K[1A[2K[G[83%] sealing (chunk reviving RecordIdsPlugin)
[2K[1A[2K[G[83%] sealing (chunk reviving)
[2K[1A[2K[G[83%] sealing (before chunk ids)
[2K[1A[2K[G[84%] sealing (chunk ids)
[2K[1A[2K[G[84%] sealing (chunk ids NamedChunkIdsPlugin)
[2K[1A[2K[G[84%] sealing (chunk ids)
[2K[1A[2K[G[85%] sealing (chunk id optimization)
[2K[1A[2K[G[85%] sealing (after chunk id optimization)
[2K[1A[2K[G[86%] sealing (record modules)
[2K[1A[2K[G[86%] sealing (record modules RecordIdsPlugin)
[2K[1A[2K[G[86%] sealing (record modules)
[2K[1A[2K[G[87%] sealing (record chunks)
[2K[1A[2K[G[87%] sealing (record chunks RecordIdsPlugin)
[2K[1A[2K[G[87%] sealing (record chunks)
[2K[1A[2K[G[87%] sealing (module hashing)
[2K[1A[2K[G[88%] sealing (code generation)
[2K[1A[2K[G[89%] sealing (runtime requirements)
[2K[1A[2K[G[89%] sealing (hashing)
[2K[1A[2K[G[90%] sealing (after hashing)
[2K[1A[2K[G[91%] sealing (record hash)
[2K[1A[2K[G[91%] sealing (module assets processing)
[2K[1A[2K[G[92%] sealing (chunk assets processing)
[2K[1A[2K[G[92%] sealing (asset processing)
[2K[1A[2K[G[92%] sealing (asset processing copy-webpack-plugin)
[2K[1A[2K[G[92%] sealing (asset processing HotModuleReplacementPlugin)
[2K[1A[2K[G[92%] sealing (asset processing ESLintWebpackPlugin_1)
[2K[1A[2K[G[92%] sealing (asset processing PersistentChildCompilerSingletonPlugin)
[2K[1A[2K[G[92%] sealing (asset processing HtmlWebpackPlugin)
[2K[1A[2K[G[92%] sealing (asset processing)
[2K[1A[2K[G[93%] sealing (after asset optimization)
[2K[1A[2K[G[94%] sealing (recording)
[2K[1A[2K[G[94%] sealing (recording HotModuleReplacementPlugin)
[2K[1A[2K[G[94%] sealing (recording)
[2K[1A[2K[G[94%] sealing (after seal)
[2K[1A[2K[G[95%] emitting (emit)
[2K[1A[2K[G[98%] emitting (after emit)
[2K[1A[2K[GBuild finished at 08:16:00 by 0.000s
[2K[1A[2K[GBuild finished at 08:16:00 by 0.000s
[2K[1A[2K[GBuild finished at 08:16:00 by 0.000s
[2K[1A[2K[G DONE  Compiled successfully in 1291ms8:16:00 AM

Build finished at 08:16:00 by 0.000s
[2K[1A[2K[G
  App running at:
  - Local:   http://localhost:8086/ 
  - Network: http://172.16.0.4:8086/

Build finished at 08:16:00 by 0.000s
[2K[1A[2K[GBuild finished at 08:16:00 by 0.000s
[2K[1A[2K[GBuild finished at 08:16:00 by 0.000s
[2K[1A[2K[GBuild finished at 08:16:00 by 0.000s
[2K[1A[2K[GBuild finished at 08:16:00 by 0.000s
[2K[1A[2K[GBuild finished at 08:16:00 by 0.000s
[2K[1A[2K[GBuild finished at 08:16:00 by 0.000s
[2K[1A[2K[GBuild finished at 08:16:00 by 0.000s
[2K[1A[2K[G WAIT  Compiling...8:16:59 AM

Compiling...

[2K[1A[2K[G[1%] cache (end idle)
[2K[1A[2K[G[3%] setup (watch run)
[2K[1A[2K[G[3%] setup (watch run vue-loader-plugin)
[2K[1A[2K[G[3%] setup (watch run ESLintWebpackPlugin_1)
[2K[1A[2K[G[3%] setup (watch run webpack-dev-middleware)
[2K[1A[2K[G[3%] setup (watch run)
[2K[1A[2K[G[4%] setup (normal module factory)
[2K[1A[2K[G[4%] setup (normal module factory CaseSensitivePathsPlugin)
[2K[1A[2K[G[4%] setup (normal module factory)
[2K[1A[2K[G[5%] setup (context module factory)
[2K[1A[2K[G[6%] setup (before compile)
[2K[1A[2K[G[6%] setup (before compile ProgressPlugin)
[2K[1A[2K[G[6%] setup (before compile)
[2K[1A[2K[G[7%] setup (compile)
[2K[1A[2K[G[7%] setup (compile ExternalsPlugin)
[2K[1A[2K[G[7%] setup (compile)
[2K[1A[2K[G[8%] setup (compilation)
[2K[1A[2K[G[8%] setup (compilation HtmlWebpackPlugin)
[2K[1A[2K[G[8%] setup (compilation CopyPlugin)
[2K[1A[2K[G[8%] setup (compilation ArrayPushCallbackChunkFormatPlugin)
[2K[1A[2K[G[8%] setup (compilation JsonpChunkLoadingPlugin)
[2K[1A[2K[G[8%] setup (compilation StartupChunkDependenciesPlugin)
[2K[1A[2K[G[8%] setup (compilation ImportScriptsChunkLoadingPlugin)
[2K[1A[2K[G[8%] setup (compilation WorkerPlugin)
[2K[1A[2K[G[8%] setup (compilation SplitChunksPlugin)
[2K[1A[2K[G[8%] setup (compilation ResolverCachePlugin)
[2K[1A[2K[G[8%] setup (compilation)
[2K[1A[2K[G[9%] setup (compilation)
[2K[1A[2K[G[9%] setup (compilation vue-loader-plugin)
[2K[1A[2K[G[9%] setup (compilation DefinePlugin)
[2K[1A[2K[G[9%] setup (compilation ProgressPlugin)
[2K[1A[2K[G[9%] setup (compilation EntryPlugin)
[2K[1A[2K[G[9%] setup (compilation ChunkPrefetchPreloadPlugin)
[2K[1A[2K[G[9%] setup (compilation ModuleInfoHeaderPlugin)
[2K[1A[2K[G[9%] setup (compilation EvalSourceMapDevToolPlugin)
[2K[1A[2K[G[9%] setup (compilation JavascriptModulesPlugin)
[2K[1A[2K[G[9%] setup (compilation JsonModulesPlugin)
[2K[1A[2K[G[9%] setup (compilation AssetModulesPlugin)
[2K[1A[2K[G[9%] setup (compilation EntryPlugin)
[2K[1A[2K[G[9%] setup (compilation RuntimePlugin)
[2K[1A[2K[G[9%] setup (compilation InferAsyncModulesPlugin)
[2K[1A[2K[G[9%] setup (compilation DataUriPlugin)
[2K[1A[2K[G[9%] setup (compilation FileUriPlugin)
[2K[1A[2K[G[9%] setup (compilation CompatibilityPlugin)
[2K[1A[2K[G[9%] setup (compilation HarmonyModulesPlugin)
[2K[1A[2K[G[9%] setup (compilation AMDPlugin)
[2K[1A[2K[G[9%] setup (compilation RequireJsStuffPlugin)
[2K[1A[2K[G[9%] setup (compilation CommonJsPlugin)
[2K[1A[2K[G[9%] setup (compilation LoaderPlugin)
[2K[1A[2K[G[9%] setup (compilation NodeStuffPlugin)
[2K[1A[2K[G[9%] setup (compilation APIPlugin)
[2K[1A[2K[G[9%] setup (compilation ExportsInfoApiPlugin)
[2K[1A[2K[G[9%] setup (compilation WebpackIsIncludedPlugin)
[2K[1A[2K[G[9%] setup (compilation ConstPlugin)
[2K[1A[2K[G[9%] setup (compilation UseStrictPlugin)
[2K[1A[2K[G[9%] setup (compilation RequireIncludePlugin)
[2K[1A[2K[G[9%] setup (compilation RequireEnsurePlugin)
[2K[1A[2K[G[9%] setup (compilation RequireContextPlugin)
[2K[1A[2K[G[9%] setup (compilation ImportPlugin)
[2K[1A[2K[G[9%] setup (compilation ImportMetaContextPlugin)
[2K[1A[2K[G[9%] setup (compilation SystemPlugin)
[2K[1A[2K[G[9%] setup (compilation ImportMetaPlugin)
[2K[1A[2K[G[9%] setup (compilation URLPlugin)
[2K[1A[2K[G[9%] setup (compilation DefaultStatsFactoryPlugin)
[2K[1A[2K[G[9%] setup (compilation DefaultStatsPresetPlugin)
[2K[1A[2K[G[9%] setup (compilation DefaultStatsPrinterPlugin)
[2K[1A[2K[G[9%] setup (compilation JavascriptMetaInfoPlugin)
[2K[1A[2K[G[9%] setup (compilation EnsureChunkConditionsPlugin)
[2K[1A[2K[G[9%] setup (compilation RemoveEmptyChunksPlugin)
[2K[1A[2K[G[9%] setup (compilation MergeDuplicateChunksPlugin)
[2K[1A[2K[G[9%] setup (compilation SideEffectsFlagPlugin)
[2K[1A[2K[G[9%] setup (compilation FlagDependencyExportsPlugin)
[2K[1A[2K[G[9%] setup (compilation NamedModuleIdsPlugin)
[2K[1A[2K[G[9%] setup (compilation NamedChunkIdsPlugin)
[2K[1A[2K[G[9%] setup (compilation DefinePlugin)
[2K[1A[2K[G[9%] setup (compilation TemplatedPathPlugin)
[2K[1A[2K[G[9%] setup (compilation RecordIdsPlugin)
[2K[1A[2K[G[9%] setup (compilation WarnCaseSensitiveModulesPlugin)
[2K[1A[2K[G[9%] setup (compilation EntryPlugin)
[2K[1A[2K[G[9%] setup (compilation ProvidePlugin)
[2K[1A[2K[G[9%] setup (compilation HotModuleReplacementPlugin)
[2K[1A[2K[G[9%] setup (compilation ProgressPlugin)
[2K[1A[2K[G[9%] setup (compilation ESLintWebpackPlugin_1)
[2K[1A[2K[G[9%] setup (compilation)
[2K[1A[2K[G[10%] building 
[2K[1A[2K[G[10%] building (0/0 modules)
[2K[1A[2K[G[24%] building (1/4 modules)
[2K[1A[2K[G[38%] building (81/67 modules)
[2K[1A[2K[G[51%] building (312/489 modules)
[2K[1A[2K[G[51%] building (import loader vue-loader/dist/index.js)
[2K[1A[2K[G[51%] building (801/607 modules)
[2K[1A[2K[G[51%] building (import loader babel-loader/lib/index.js)
[2K[1A[2K[G[51%] building (import loader vue-loader/dist/templateLoader.js)
[2K[1A[2K[G[51%] building (1496/632 modules)
[2K[1A[2K[G[51%] building (import loader css-loader/dist/cjs.js)
[2K[1A[2K[G[51%] building (import loader vue-loader/dist/stylePostLoader.js)
[2K[1A[2K[G[51%] building (import loader postcss-loader/dist/cjs.js)
[2K[1A[2K[G[51%] building (1496/633 modules)
[2K[1A[2K[G[51%] building (1500/650 modules)
[2K[1A[2K[G[65%] building (1506/652 modules)
[2K[1A[2K[G[65%] building 
[2K[1A[2K[G[69%] building (finish)
[2K[1A[2K[G[70%] sealing (finish module graph)
[2K[1A[2K[G[70%] sealing (finish module graph ResolverCachePlugin)
[2K[1A[2K[G[70%] sealing (finish module graph InferAsyncModulesPlugin)
[2K[1A[2K[G[70%] sealing (finish module graph FlagDependencyExportsPlugin)
[2K[1A[2K[G[70%] sealing (finish module graph ESLintWebpackPlugin_1)
[2K[1A[2K[G[70%] sealing (finish module graph)
[2K[1A[2K[G[71%] sealing (plugins)
[2K[1A[2K[G[71%] sealing (plugins WarnCaseSensitiveModulesPlugin)
[2K[1A[2K[G[71%] sealing (plugins)
[2K[1A[2K[G[71%] sealing (dependencies optimization)
[2K[1A[2K[G[71%] sealing (dependencies optimization SideEffectsFlagPlugin)
[2K[1A[2K[G[71%] sealing (dependencies optimization)
[2K[1A[2K[G[72%] sealing (after dependencies optimization)
[2K[1A[2K[G[73%] sealing (chunk graph)
[2K[1A[2K[G[73%] sealing (after chunk graph)
[2K[1A[2K[G[74%] sealing (optimizing)
[2K[1A[2K[G[74%] sealing (module optimization)
[2K[1A[2K[G[75%] sealing (after module optimization)
[2K[1A[2K[G[76%] sealing (chunk optimization)
[2K[1A[2K[G[76%] sealing (chunk optimization EnsureChunkConditionsPlugin)
[2K[1A[2K[G[76%] sealing (chunk optimization RemoveEmptyChunksPlugin)
[2K[1A[2K[G[76%] sealing (chunk optimization MergeDuplicateChunksPlugin)
[2K[1A[2K[G[76%] sealing (chunk optimization SplitChunksPlugin)
[2K[1A[2K[G[76%] sealing (chunk optimization RemoveEmptyChunksPlugin)
[2K[1A[2K[G[76%] sealing (chunk optimization)
[2K[1A[2K[G[76%] sealing (after chunk optimization)
[2K[1A[2K[G[77%] sealing (module and chunk tree optimization)
[2K[1A[2K[G[77%] sealing (module and chunk tree optimization PersistentChildCompilerSinglet
onPlugin)
[2K[1A[2K[1A[2K[G[77%] sealing (module and chunk tree optimization)
[2K[1A[2K[G[78%] sealing (after module and chunk tree optimization)
[2K[1A[2K[G[78%] sealing (chunk modules optimization)
[2K[1A[2K[G[79%] sealing (after chunk modules optimization)
[2K[1A[2K[G[80%] sealing (module reviving)
[2K[1A[2K[G[80%] sealing (module reviving RecordIdsPlugin)
[2K[1A[2K[G[80%] sealing (module reviving)
[2K[1A[2K[G[80%] sealing (before module ids)
[2K[1A[2K[G[81%] sealing (module ids)
[2K[1A[2K[G[81%] sealing (module ids NamedModuleIdsPlugin)
[2K[1A[2K[G[81%] sealing (module ids)
[2K[1A[2K[G[82%] sealing (module id optimization)
[2K[1A[2K[G[82%] sealing (module id optimization)
[2K[1A[2K[G[83%] sealing (chunk reviving)
[2K[1A[2K[G[83%] sealing (chunk reviving RecordIdsPlugin)
[2K[1A[2K[G[83%] sealing (chunk reviving)
[2K[1A[2K[G[83%] sealing (before chunk ids)
[2K[1A[2K[G[84%] sealing (chunk ids)
[2K[1A[2K[G[84%] sealing (chunk ids NamedChunkIdsPlugin)
[2K[1A[2K[G[84%] sealing (chunk ids)
[2K[1A[2K[G[85%] sealing (chunk id optimization)
[2K[1A[2K[G[85%] sealing (after chunk id optimization)
[2K[1A[2K[G[86%] sealing (record modules)
[2K[1A[2K[G[86%] sealing (record modules RecordIdsPlugin)
[2K[1A[2K[G[86%] sealing (record modules)
[2K[1A[2K[G[87%] sealing (record chunks)
[2K[1A[2K[G[87%] sealing (record chunks RecordIdsPlugin)
[2K[1A[2K[G[87%] sealing (record chunks)
[2K[1A[2K[G[87%] sealing (module hashing)
[2K[1A[2K[G[88%] sealing (code generation)
[2K[1A[2K[G[89%] sealing (runtime requirements)
[2K[1A[2K[G[89%] sealing (hashing)
[2K[1A[2K[G[90%] sealing (after hashing)
[2K[1A[2K[G[91%] sealing (record hash)
[2K[1A[2K[G[91%] sealing (module assets processing)
[2K[1A[2K[G[92%] sealing (chunk assets processing)
[2K[1A[2K[G[92%] sealing (asset processing)
[2K[1A[2K[G[92%] sealing (asset processing copy-webpack-plugin)
[2K[1A[2K[G[92%] sealing (asset processing HotModuleReplacementPlugin)
[2K[1A[2K[G[92%] sealing (asset processing ESLintWebpackPlugin_1)
[2K[1A[2K[G[92%] sealing (asset processing PersistentChildCompilerSingletonPlugin)
[2K[1A[2K[G[92%] sealing (asset processing HtmlWebpackPlugin)
[2K[1A[2K[G[92%] sealing (asset processing)
[2K[1A[2K[G[93%] sealing (after asset optimization)
[2K[1A[2K[G[94%] sealing (recording)
[2K[1A[2K[G[94%] sealing (recording HotModuleReplacementPlugin)
[2K[1A[2K[G[94%] sealing (recording)
[2K[1A[2K[G[94%] sealing (after seal)
[2K[1A[2K[G[95%] emitting (emit)
[2K[1A[2K[G[98%] emitting (after emit)
[2K[1A[2K[GBuild finished at 08:17:02 by 0.000s
[2K[1A[2K[GBuild finished at 08:17:02 by 0.000s
[2K[1A[2K[GBuild finished at 08:17:02 by 0.000s
[2K[1A[2K[G ERROR  Failed to compile with 1 error8:17:02 AM

[eslint] 
/home/zhx/TJNovel/frontend/src/Novels/Novel_Reader.vue
  1491:9  error  'loadChapterFromSearch' is not defined  no-undef

✖ 1 problem (1 error, 0 warnings)


You may use special comments to disable some warnings.
Use // eslint-disable-next-line to ignore the next line.
Use /* eslint-disable */ to ignore all warnings in a file.
Build finished at 08:17:02 by 0.000s
[2K[1A[2K[GBuild finished at 08:17:02 by 0.000s
[2K[1A[2K[GBuild finished at 08:17:02 by 0.000s
[2K[1A[2K[GBuild finished at 08:17:02 by 0.000s
[2K[1A[2K[GBuild finished at 08:17:02 by 0.000s
[2K[1A[2K[GBuild finished at 08:17:02 by 0.000s
[2K[1A[2K[GBuild finished at 08:17:02 by 0.000s
[2K[1A[2K[GBuild finished at 08:17:02 by 0.000s
[2K[1A[2K[GBuild finished at 08:17:02 by 0.000s
[2K[1A[2K[GERROR in [eslint] 
/home/zhx/TJNovel/frontend/src/Novels/Novel_Reader.vue
  1491:9  error  'loadChapterFromSearch' is not defined  no-undef

✖ 1 problem (1 error, 0 warnings)

webpack compiled with 1 error
 WAIT  Compiling...8:17:03 AM

Compiling...

[2K[1A[2K[G[1%] cache (end idle)
[2K[1A[2K[G[3%] setup (watch run)
[2K[1A[2K[G[3%] setup (watch run vue-loader-plugin)
[2K[1A[2K[G[3%] setup (watch run ESLintWebpackPlugin_1)
[2K[1A[2K[G[3%] setup (watch run webpack-dev-middleware)
[2K[1A[2K[G[3%] setup (watch run)
[2K[1A[2K[G[4%] setup (normal module factory)
[2K[1A[2K[G[4%] setup (normal module factory CaseSensitivePathsPlugin)
[2K[1A[2K[G[4%] setup (normal module factory)
[2K[1A[2K[G[5%] setup (context module factory)
[2K[1A[2K[G[6%] setup (before compile)
[2K[1A[2K[G[6%] setup (before compile ProgressPlugin)
[2K[1A[2K[G[6%] setup (before compile)
[2K[1A[2K[G[7%] setup (compile)
[2K[1A[2K[G[7%] setup (compile ExternalsPlugin)
[2K[1A[2K[G[7%] setup (compile)
[2K[1A[2K[G[8%] setup (compilation)
[2K[1A[2K[G[8%] setup (compilation HtmlWebpackPlugin)
[2K[1A[2K[G[8%] setup (compilation CopyPlugin)
[2K[1A[2K[G[8%] setup (compilation ArrayPushCallbackChunkFormatPlugin)
[2K[1A[2K[G[8%] setup (compilation JsonpChunkLoadingPlugin)
[2K[1A[2K[G[8%] setup (compilation StartupChunkDependenciesPlugin)
[2K[1A[2K[G[8%] setup (compilation ImportScriptsChunkLoadingPlugin)
[2K[1A[2K[G[8%] setup (compilation WorkerPlugin)
[2K[1A[2K[G[8%] setup (compilation SplitChunksPlugin)
[2K[1A[2K[G[8%] setup (compilation ResolverCachePlugin)
[2K[1A[2K[G[8%] setup (compilation)
[2K[1A[2K[G[9%] setup (compilation)
[2K[1A[2K[G[9%] setup (compilation vue-loader-plugin)
[2K[1A[2K[G[9%] setup (compilation DefinePlugin)
[2K[1A[2K[G[9%] setup (compilation ProgressPlugin)
[2K[1A[2K[G[9%] setup (compilation EntryPlugin)
[2K[1A[2K[G[9%] setup (compilation ChunkPrefetchPreloadPlugin)
[2K[1A[2K[G[9%] setup (compilation ModuleInfoHeaderPlugin)
[2K[1A[2K[G[9%] setup (compilation EvalSourceMapDevToolPlugin)
[2K[1A[2K[G[9%] setup (compilation JavascriptModulesPlugin)
[2K[1A[2K[G[9%] setup (compilation JsonModulesPlugin)
[2K[1A[2K[G[9%] setup (compilation AssetModulesPlugin)
[2K[1A[2K[G[9%] setup (compilation EntryPlugin)
[2K[1A[2K[G[9%] setup (compilation RuntimePlugin)
[2K[1A[2K[G[9%] setup (compilation InferAsyncModulesPlugin)
[2K[1A[2K[G[9%] setup (compilation DataUriPlugin)
[2K[1A[2K[G[9%] setup (compilation FileUriPlugin)
[2K[1A[2K[G[9%] setup (compilation CompatibilityPlugin)
[2K[1A[2K[G[9%] setup (compilation HarmonyModulesPlugin)
[2K[1A[2K[G[9%] setup (compilation AMDPlugin)
[2K[1A[2K[G[9%] setup (compilation RequireJsStuffPlugin)
[2K[1A[2K[G[9%] setup (compilation CommonJsPlugin)
[2K[1A[2K[G[9%] setup (compilation LoaderPlugin)
[2K[1A[2K[G[9%] setup (compilation NodeStuffPlugin)
[2K[1A[2K[G[9%] setup (compilation APIPlugin)
[2K[1A[2K[G[9%] setup (compilation ExportsInfoApiPlugin)
[2K[1A[2K[G[9%] setup (compilation WebpackIsIncludedPlugin)
[2K[1A[2K[G[9%] setup (compilation ConstPlugin)
[2K[1A[2K[G[9%] setup (compilation UseStrictPlugin)
[2K[1A[2K[G[9%] setup (compilation RequireIncludePlugin)
[2K[1A[2K[G[9%] setup (compilation RequireEnsurePlugin)
[2K[1A[2K[G[9%] setup (compilation RequireContextPlugin)
[2K[1A[2K[G[9%] setup (compilation ImportPlugin)
[2K[1A[2K[G[9%] setup (compilation ImportMetaContextPlugin)
[2K[1A[2K[G[9%] setup (compilation SystemPlugin)
[2K[1A[2K[G[9%] setup (compilation ImportMetaPlugin)
[2K[1A[2K[G[9%] setup (compilation URLPlugin)
[2K[1A[2K[G[9%] setup (compilation DefaultStatsFactoryPlugin)
[2K[1A[2K[G[9%] setup (compilation DefaultStatsPresetPlugin)
[2K[1A[2K[G[9%] setup (compilation DefaultStatsPrinterPlugin)
[2K[1A[2K[G[9%] setup (compilation JavascriptMetaInfoPlugin)
[2K[1A[2K[G[9%] setup (compilation EnsureChunkConditionsPlugin)
[2K[1A[2K[G[9%] setup (compilation RemoveEmptyChunksPlugin)
[2K[1A[2K[G[9%] setup (compilation MergeDuplicateChunksPlugin)
[2K[1A[2K[G[9%] setup (compilation SideEffectsFlagPlugin)
[2K[1A[2K[G[9%] setup (compilation FlagDependencyExportsPlugin)
[2K[1A[2K[G[9%] setup (compilation NamedModuleIdsPlugin)
[2K[1A[2K[G[9%] setup (compilation NamedChunkIdsPlugin)
[2K[1A[2K[G[9%] setup (compilation DefinePlugin)
[2K[1A[2K[G[9%] setup (compilation TemplatedPathPlugin)
[2K[1A[2K[G[9%] setup (compilation RecordIdsPlugin)
[2K[1A[2K[G[9%] setup (compilation WarnCaseSensitiveModulesPlugin)
[2K[1A[2K[G[9%] setup (compilation EntryPlugin)
[2K[1A[2K[G[9%] setup (compilation ProvidePlugin)
[2K[1A[2K[G[9%] setup (compilation HotModuleReplacementPlugin)
[2K[1A[2K[G[9%] setup (compilation ProgressPlugin)
[2K[1A[2K[G[9%] setup (compilation ESLintWebpackPlugin_1)
[2K[1A[2K[G[9%] setup (compilation)
[2K[1A[2K[G[10%] building 
[2K[1A[2K[G[10%] building (0/0 modules)
[2K[1A[2K[G[24%] building (16/7 modules)
[2K[1A[2K[G[38%] building (90/67 modules)
[2K[1A[2K[G[51%] building (308/473 modules)
[2K[1A[2K[G[51%] building (import loader vue-loader/dist/index.js)
[2K[1A[2K[G[51%] building (1096/625 modules)
[2K[1A[2K[G[51%] building (import loader babel-loader/lib/index.js)
[2K[1A[2K[G[51%] building (import loader vue-loader/dist/templateLoader.js)
[2K[1A[2K[G[51%] building (1488/632 modules)
[2K[1A[2K[G[51%] building (import loader css-loader/dist/cjs.js)
[2K[1A[2K[G[51%] building (import loader vue-loader/dist/stylePostLoader.js)
[2K[1A[2K[G[51%] building (import loader postcss-loader/dist/cjs.js)
[2K[1A[2K[G[51%] building (1488/633 modules)
[2K[1A[2K[G[65%] building (1506/652 modules)
[2K[1A[2K[G[65%] building 
[2K[1A[2K[G[69%] building (finish)
[2K[1A[2K[G[70%] sealing (finish module graph)
[2K[1A[2K[G[70%] sealing (finish module graph ResolverCachePlugin)
[2K[1A[2K[G[70%] sealing (finish module graph InferAsyncModulesPlugin)
[2K[1A[2K[G[70%] sealing (finish module graph FlagDependencyExportsPlugin)
[2K[1A[2K[G[70%] sealing (finish module graph ESLintWebpackPlugin_1)
[2K[1A[2K[G[70%] sealing (finish module graph)
[2K[1A[2K[G[71%] sealing (plugins)
[2K[1A[2K[G[71%] sealing (plugins WarnCaseSensitiveModulesPlugin)
[2K[1A[2K[G[71%] sealing (plugins)
[2K[1A[2K[G[71%] sealing (dependencies optimization)
[2K[1A[2K[G[71%] sealing (dependencies optimization SideEffectsFlagPlugin)
[2K[1A[2K[G[71%] sealing (dependencies optimization)
[2K[1A[2K[G[72%] sealing (after dependencies optimization)
[2K[1A[2K[G[73%] sealing (chunk graph)
[2K[1A[2K[G[73%] sealing (after chunk graph)
[2K[1A[2K[G[74%] sealing (optimizing)
[2K[1A[2K[G[74%] sealing (module optimization)
[2K[1A[2K[G[75%] sealing (after module optimization)
[2K[1A[2K[G[76%] sealing (chunk optimization)
[2K[1A[2K[G[76%] sealing (chunk optimization EnsureChunkConditionsPlugin)
[2K[1A[2K[G[76%] sealing (chunk optimization RemoveEmptyChunksPlugin)
[2K[1A[2K[G[76%] sealing (chunk optimization MergeDuplicateChunksPlugin)
[2K[1A[2K[G[76%] sealing (chunk optimization SplitChunksPlugin)
[2K[1A[2K[G[76%] sealing (chunk optimization RemoveEmptyChunksPlugin)
[2K[1A[2K[G[76%] sealing (chunk optimization)
[2K[1A[2K[G[76%] sealing (after chunk optimization)
[2K[1A[2K[G[77%] sealing (module and chunk tree optimization)
[2K[1A[2K[G[77%] sealing (module and chunk tree optimization PersistentChildCompilerSinglet
onPlugin)
[2K[1A[2K[1A[2K[G[77%] sealing (module and chunk tree optimization)
[2K[1A[2K[G[78%] sealing (after module and chunk tree optimization)
[2K[1A[2K[G[78%] sealing (chunk modules optimization)
[2K[1A[2K[G[79%] sealing (after chunk modules optimization)
[2K[1A[2K[G[80%] sealing (module reviving)
[2K[1A[2K[G[80%] sealing (module reviving RecordIdsPlugin)
[2K[1A[2K[G[80%] sealing (module reviving)
[2K[1A[2K[G[80%] sealing (before module ids)
[2K[1A[2K[G[81%] sealing (module ids)
[2K[1A[2K[G[81%] sealing (module ids NamedModuleIdsPlugin)
[2K[1A[2K[G[81%] sealing (module ids)
[2K[1A[2K[G[82%] sealing (module id optimization)
[2K[1A[2K[G[82%] sealing (module id optimization)
[2K[1A[2K[G[83%] sealing (chunk reviving)
[2K[1A[2K[G[83%] sealing (chunk reviving RecordIdsPlugin)
[2K[1A[2K[G[83%] sealing (chunk reviving)
[2K[1A[2K[G[83%] sealing (before chunk ids)
[2K[1A[2K[G[84%] sealing (chunk ids)
[2K[1A[2K[G[84%] sealing (chunk ids NamedChunkIdsPlugin)
[2K[1A[2K[G[84%] sealing (chunk ids)
[2K[1A[2K[G[85%] sealing (chunk id optimization)
[2K[1A[2K[G[85%] sealing (after chunk id optimization)
[2K[1A[2K[G[86%] sealing (record modules)
[2K[1A[2K[G[86%] sealing (record modules RecordIdsPlugin)
[2K[1A[2K[G[86%] sealing (record modules)
[2K[1A[2K[G[87%] sealing (record chunks)
[2K[1A[2K[G[87%] sealing (record chunks RecordIdsPlugin)
[2K[1A[2K[G[87%] sealing (record chunks)
[2K[1A[2K[G[87%] sealing (module hashing)
[2K[1A[2K[G[88%] sealing (code generation)
[2K[1A[2K[G[89%] sealing (runtime requirements)
[2K[1A[2K[G[89%] sealing (hashing)
[2K[1A[2K[G[90%] sealing (after hashing)
[2K[1A[2K[G[91%] sealing (record hash)
[2K[1A[2K[G[91%] sealing (module assets processing)
[2K[1A[2K[G[92%] sealing (chunk assets processing)
[2K[1A[2K[G[92%] sealing (asset processing)
[2K[1A[2K[G[92%] sealing (asset processing copy-webpack-plugin)
[2K[1A[2K[G[92%] sealing (asset processing HotModuleReplacementPlugin)
[2K[1A[2K[G[92%] sealing (asset processing ESLintWebpackPlugin_1)
[2K[1A[2K[G[92%] sealing (asset processing PersistentChildCompilerSingletonPlugin)
[2K[1A[2K[G[92%] sealing (asset processing HtmlWebpackPlugin)
[2K[1A[2K[G[92%] sealing (asset processing)
[2K[1A[2K[G[93%] sealing (after asset optimization)
[2K[1A[2K[G[94%] sealing (recording)
[2K[1A[2K[G[94%] sealing (recording HotModuleReplacementPlugin)
[2K[1A[2K[G[94%] sealing (recording)
[2K[1A[2K[G[94%] sealing (after seal)
[2K[1A[2K[G[95%] emitting (emit)
[2K[1A[2K[G[98%] emitting (after emit)
[2K[1A[2K[GBuild finished at 08:17:05 by 0.000s
[2K[1A[2K[GBuild finished at 08:17:05 by 0.000s
[2K[1A[2K[GBuild finished at 08:17:05 by 0.000s
[2K[1A[2K[G DONE  Compiled successfully in 2263ms8:17:05 AM

Build finished at 08:17:05 by 0.000s
[2K[1A[2K[G
  App running at:
  - Local:   http://localhost:8086/ 
  - Network: http://172.16.0.4:8086/

Build finished at 08:17:05 by 0.000s
[2K[1A[2K[GBuild finished at 08:17:05 by 0.000s
[2K[1A[2K[GBuild finished at 08:17:05 by 0.000s
[2K[1A[2K[GBuild finished at 08:17:05 by 0.000s
[2K[1A[2K[GBuild finished at 08:17:05 by 0.000s
[2K[1A[2K[GBuild finished at 08:17:05 by 0.000s
[2K[1A[2K[GBuild finished at 08:17:05 by 0.000s
[2K[1A[2K[GBuild finished at 08:17:05 by 0.000s
[2K[1A[2K[G WAIT  Compiling...8:17:23 AM

Compiling...

[2K[1A[2K[G[1%] cache (end idle)
[2K[1A[2K[G[3%] setup (watch run)
[2K[1A[2K[G[3%] setup (watch run vue-loader-plugin)
[2K[1A[2K[G[3%] setup (watch run ESLintWebpackPlugin_1)
[2K[1A[2K[G[3%] setup (watch run webpack-dev-middleware)
[2K[1A[2K[G[3%] setup (watch run)
[2K[1A[2K[G[4%] setup (normal module factory)
[2K[1A[2K[G[4%] setup (normal module factory CaseSensitivePathsPlugin)
[2K[1A[2K[G[4%] setup (normal module factory)
[2K[1A[2K[G[5%] setup (context module factory)
[2K[1A[2K[G[6%] setup (before compile)
[2K[1A[2K[G[6%] setup (before compile ProgressPlugin)
[2K[1A[2K[G[6%] setup (before compile)
[2K[1A[2K[G[7%] setup (compile)
[2K[1A[2K[G[7%] setup (compile ExternalsPlugin)
[2K[1A[2K[G[7%] setup (compile)
[2K[1A[2K[G[8%] setup (compilation)
[2K[1A[2K[G[8%] setup (compilation HtmlWebpackPlugin)
[2K[1A[2K[G[8%] setup (compilation CopyPlugin)
[2K[1A[2K[G[8%] setup (compilation ArrayPushCallbackChunkFormatPlugin)
[2K[1A[2K[G[8%] setup (compilation JsonpChunkLoadingPlugin)
[2K[1A[2K[G[8%] setup (compilation StartupChunkDependenciesPlugin)
[2K[1A[2K[G[8%] setup (compilation ImportScriptsChunkLoadingPlugin)
[2K[1A[2K[G[8%] setup (compilation WorkerPlugin)
[2K[1A[2K[G[8%] setup (compilation SplitChunksPlugin)
[2K[1A[2K[G[8%] setup (compilation ResolverCachePlugin)
[2K[1A[2K[G[8%] setup (compilation)
[2K[1A[2K[G[9%] setup (compilation)
[2K[1A[2K[G[9%] setup (compilation vue-loader-plugin)
[2K[1A[2K[G[9%] setup (compilation DefinePlugin)
[2K[1A[2K[G[9%] setup (compilation ProgressPlugin)
[2K[1A[2K[G[9%] setup (compilation EntryPlugin)
[2K[1A[2K[G[9%] setup (compilation ChunkPrefetchPreloadPlugin)
[2K[1A[2K[G[9%] setup (compilation ModuleInfoHeaderPlugin)
[2K[1A[2K[G[9%] setup (compilation EvalSourceMapDevToolPlugin)
[2K[1A[2K[G[9%] setup (compilation JavascriptModulesPlugin)
[2K[1A[2K[G[9%] setup (compilation JsonModulesPlugin)
[2K[1A[2K[G[9%] setup (compilation AssetModulesPlugin)
[2K[1A[2K[G[9%] setup (compilation EntryPlugin)
[2K[1A[2K[G[9%] setup (compilation RuntimePlugin)
[2K[1A[2K[G[9%] setup (compilation InferAsyncModulesPlugin)
[2K[1A[2K[G[9%] setup (compilation DataUriPlugin)
[2K[1A[2K[G[9%] setup (compilation FileUriPlugin)
[2K[1A[2K[G[9%] setup (compilation CompatibilityPlugin)
[2K[1A[2K[G[9%] setup (compilation HarmonyModulesPlugin)
[2K[1A[2K[G[9%] setup (compilation AMDPlugin)
[2K[1A[2K[G[9%] setup (compilation RequireJsStuffPlugin)
[2K[1A[2K[G[9%] setup (compilation CommonJsPlugin)
[2K[1A[2K[G[9%] setup (compilation LoaderPlugin)
[2K[1A[2K[G[9%] setup (compilation NodeStuffPlugin)
[2K[1A[2K[G[9%] setup (compilation APIPlugin)
[2K[1A[2K[G[9%] setup (compilation ExportsInfoApiPlugin)
[2K[1A[2K[G[9%] setup (compilation WebpackIsIncludedPlugin)
[2K[1A[2K[G[9%] setup (compilation ConstPlugin)
[2K[1A[2K[G[9%] setup (compilation UseStrictPlugin)
[2K[1A[2K[G[9%] setup (compilation RequireIncludePlugin)
[2K[1A[2K[G[9%] setup (compilation RequireEnsurePlugin)
[2K[1A[2K[G[9%] setup (compilation RequireContextPlugin)
[2K[1A[2K[G[9%] setup (compilation ImportPlugin)
[2K[1A[2K[G[9%] setup (compilation ImportMetaContextPlugin)
[2K[1A[2K[G[9%] setup (compilation SystemPlugin)
[2K[1A[2K[G[9%] setup (compilation ImportMetaPlugin)
[2K[1A[2K[G[9%] setup (compilation URLPlugin)
[2K[1A[2K[G[9%] setup (compilation DefaultStatsFactoryPlugin)
[2K[1A[2K[G[9%] setup (compilation DefaultStatsPresetPlugin)
[2K[1A[2K[G[9%] setup (compilation DefaultStatsPrinterPlugin)
[2K[1A[2K[G[9%] setup (compilation JavascriptMetaInfoPlugin)
[2K[1A[2K[G[9%] setup (compilation EnsureChunkConditionsPlugin)
[2K[1A[2K[G[9%] setup (compilation RemoveEmptyChunksPlugin)
[2K[1A[2K[G[9%] setup (compilation MergeDuplicateChunksPlugin)
[2K[1A[2K[G[9%] setup (compilation SideEffectsFlagPlugin)
[2K[1A[2K[G[9%] setup (compilation FlagDependencyExportsPlugin)
[2K[1A[2K[G[9%] setup (compilation NamedModuleIdsPlugin)
[2K[1A[2K[G[9%] setup (compilation NamedChunkIdsPlugin)
[2K[1A[2K[G[9%] setup (compilation DefinePlugin)
[2K[1A[2K[G[9%] setup (compilation TemplatedPathPlugin)
[2K[1A[2K[G[9%] setup (compilation RecordIdsPlugin)
[2K[1A[2K[G[9%] setup (compilation WarnCaseSensitiveModulesPlugin)
[2K[1A[2K[G[9%] setup (compilation EntryPlugin)
[2K[1A[2K[G[9%] setup (compilation ProvidePlugin)
[2K[1A[2K[G[9%] setup (compilation HotModuleReplacementPlugin)
[2K[1A[2K[G[9%] setup (compilation ProgressPlugin)
[2K[1A[2K[G[9%] setup (compilation ESLintWebpackPlugin_1)
[2K[1A[2K[G[9%] setup (compilation)
[2K[1A[2K[G[10%] building 
[2K[1A[2K[G[10%] building (0/0 modules)
[2K[1A[2K[G[24%] building (1/4 modules)
[2K[1A[2K[G[38%] building (81/67 modules)
[2K[1A[2K[G[51%] building (312/486 modules)
[2K[1A[2K[G[51%] building (import loader vue-loader/dist/index.js)
[2K[1A[2K[G[51%] building (555/564 modules)
[2K[1A[2K[G[51%] building (import loader babel-loader/lib/index.js)
[2K[1A[2K[G[51%] building (import loader vue-loader/dist/templateLoader.js)
[2K[1A[2K[G[51%] building (1288/615 modules)
[2K[1A[2K[G[51%] building (import loader css-loader/dist/cjs.js)
[2K[1A[2K[G[51%] building (import loader vue-loader/dist/stylePostLoader.js)
[2K[1A[2K[G[51%] building (import loader postcss-loader/dist/cjs.js)
[2K[1A[2K[G[51%] building (1313/616 modules)
[2K[1A[2K[G[65%] building (1506/640 modules)
[2K[1A[2K[G[65%] building 
[2K[1A[2K[G[69%] building (finish)
[2K[1A[2K[G[70%] sealing (finish module graph)
[2K[1A[2K[G[70%] sealing (finish module graph ResolverCachePlugin)
[2K[1A[2K[G[70%] sealing (finish module graph InferAsyncModulesPlugin)
[2K[1A[2K[G[70%] sealing (finish module graph FlagDependencyExportsPlugin)
[2K[1A[2K[G[70%] sealing (finish module graph ESLintWebpackPlugin_1)
[2K[1A[2K[G[70%] sealing (finish module graph)
[2K[1A[2K[G[71%] sealing (plugins)
[2K[1A[2K[G[71%] sealing (plugins WarnCaseSensitiveModulesPlugin)
[2K[1A[2K[G[71%] sealing (plugins)
[2K[1A[2K[G[71%] sealing (dependencies optimization)
[2K[1A[2K[G[71%] sealing (dependencies optimization SideEffectsFlagPlugin)
[2K[1A[2K[G[71%] sealing (dependencies optimization)
[2K[1A[2K[G[72%] sealing (after dependencies optimization)
[2K[1A[2K[G[73%] sealing (chunk graph)
[2K[1A[2K[G[73%] sealing (after chunk graph)
[2K[1A[2K[G[74%] sealing (optimizing)
[2K[1A[2K[G[74%] sealing (module optimization)
[2K[1A[2K[G[75%] sealing (after module optimization)
[2K[1A[2K[G[76%] sealing (chunk optimization)
[2K[1A[2K[G[76%] sealing (chunk optimization EnsureChunkConditionsPlugin)
[2K[1A[2K[G[76%] sealing (chunk optimization RemoveEmptyChunksPlugin)
[2K[1A[2K[G[76%] sealing (chunk optimization MergeDuplicateChunksPlugin)
[2K[1A[2K[G[76%] sealing (chunk optimization SplitChunksPlugin)
[2K[1A[2K[G[76%] sealing (chunk optimization RemoveEmptyChunksPlugin)
[2K[1A[2K[G[76%] sealing (chunk optimization)
[2K[1A[2K[G[76%] sealing (after chunk optimization)
[2K[1A[2K[G[77%] sealing (module and chunk tree optimization)
[2K[1A[2K[G[77%] sealing (module and chunk tree optimization PersistentChildCompilerSinglet
onPlugin)
[2K[1A[2K[1A[2K[G[77%] sealing (module and chunk tree optimization)
[2K[1A[2K[G[78%] sealing (after module and chunk tree optimization)
[2K[1A[2K[G[78%] sealing (chunk modules optimization)
[2K[1A[2K[G[79%] sealing (after chunk modules optimization)
[2K[1A[2K[G[80%] sealing (module reviving)
[2K[1A[2K[G[80%] sealing (module reviving RecordIdsPlugin)
[2K[1A[2K[G[80%] sealing (module reviving)
[2K[1A[2K[G[80%] sealing (before module ids)
[2K[1A[2K[G[81%] sealing (module ids)
[2K[1A[2K[G[81%] sealing (module ids NamedModuleIdsPlugin)
[2K[1A[2K[G[81%] sealing (module ids)
[2K[1A[2K[G[82%] sealing (module id optimization)
[2K[1A[2K[G[82%] sealing (module id optimization)
[2K[1A[2K[G[83%] sealing (chunk reviving)
[2K[1A[2K[G[83%] sealing (chunk reviving RecordIdsPlugin)
[2K[1A[2K[G[83%] sealing (chunk reviving)
[2K[1A[2K[G[83%] sealing (before chunk ids)
[2K[1A[2K[G[84%] sealing (chunk ids)
[2K[1A[2K[G[84%] sealing (chunk ids NamedChunkIdsPlugin)
[2K[1A[2K[G[84%] sealing (chunk ids)
[2K[1A[2K[G[85%] sealing (chunk id optimization)
[2K[1A[2K[G[85%] sealing (after chunk id optimization)
[2K[1A[2K[G[86%] sealing (record modules)
[2K[1A[2K[G[86%] sealing (record modules RecordIdsPlugin)
[2K[1A[2K[G[86%] sealing (record modules)
[2K[1A[2K[G[87%] sealing (record chunks)
[2K[1A[2K[G[87%] sealing (record chunks RecordIdsPlugin)
[2K[1A[2K[G[87%] sealing (record chunks)
[2K[1A[2K[G[87%] sealing (module hashing)
[2K[1A[2K[G[88%] sealing (code generation)
[2K[1A[2K[G[89%] sealing (runtime requirements)
[2K[1A[2K[G[89%] sealing (hashing)
[2K[1A[2K[G[90%] sealing (after hashing)
[2K[1A[2K[G[91%] sealing (record hash)
[2K[1A[2K[G[91%] sealing (module assets processing)
[2K[1A[2K[G[92%] sealing (chunk assets processing)
[2K[1A[2K[G[92%] sealing (asset processing)
[2K[1A[2K[G[92%] sealing (asset processing copy-webpack-plugin)
[2K[1A[2K[G[92%] sealing (asset processing HotModuleReplacementPlugin)
[2K[1A[2K[G[92%] sealing (asset processing ESLintWebpackPlugin_1)
[2K[1A[2K[G[92%] sealing (asset processing PersistentChildCompilerSingletonPlugin)
[2K[1A[2K[G[92%] sealing (asset processing HtmlWebpackPlugin)
[2K[1A[2K[G[92%] sealing (asset processing)
[2K[1A[2K[G[93%] sealing (after asset optimization)
[2K[1A[2K[G[94%] sealing (recording)
[2K[1A[2K[G[94%] sealing (recording HotModuleReplacementPlugin)
[2K[1A[2K[G[94%] sealing (recording)
[2K[1A[2K[G[94%] sealing (after seal)
[2K[1A[2K[G[95%] emitting (emit)
[2K[1A[2K[G[98%] emitting (after emit)
[2K[1A[2K[GBuild finished at 08:17:25 by 0.000s
[2K[1A[2K[GBuild finished at 08:17:25 by 0.000s
[2K[1A[2K[GBuild finished at 08:17:25 by 0.000s
[2K[1A[2K[G DONE  Compiled successfully in 1142ms8:17:25 AM

Build finished at 08:17:25 by 0.000s
[2K[1A[2K[G
  App running at:
  - Local:   http://localhost:8086/ 
  - Network: http://172.16.0.4:8086/

Build finished at 08:17:25 by 0.000s
[2K[1A[2K[GBuild finished at 08:17:25 by 0.000s
[2K[1A[2K[GBuild finished at 08:17:25 by 0.000s
[2K[1A[2K[GBuild finished at 08:17:25 by 0.000s
[2K[1A[2K[GBuild finished at 08:17:25 by 0.000s
[2K[1A[2K[GBuild finished at 08:17:25 by 0.000s
[2K[1A[2K[GBuild finished at 08:17:25 by 0.000s
[2K[1A[2K[GBuild finished at 08:17:25 by 0.000s
[2K[1A[2K[G WAIT  Compiling...8:17:28 AM

Compiling...

[2K[1A[2K[G[1%] cache (end idle)
[2K[1A[2K[G[3%] setup (watch run)
[2K[1A[2K[G[3%] setup (watch run vue-loader-plugin)
[2K[1A[2K[G[3%] setup (watch run ESLintWebpackPlugin_1)
[2K[1A[2K[G[3%] setup (watch run webpack-dev-middleware)
[2K[1A[2K[G[3%] setup (watch run)
[2K[1A[2K[G[4%] setup (normal module factory)
[2K[1A[2K[G[4%] setup (normal module factory CaseSensitivePathsPlugin)
[2K[1A[2K[G[4%] setup (normal module factory)
[2K[1A[2K[G[5%] setup (context module factory)
[2K[1A[2K[G[6%] setup (before compile)
[2K[1A[2K[G[6%] setup (before compile ProgressPlugin)
[2K[1A[2K[G[6%] setup (before compile)
[2K[1A[2K[G[7%] setup (compile)
[2K[1A[2K[G[7%] setup (compile ExternalsPlugin)
[2K[1A[2K[G[7%] setup (compile)
[2K[1A[2K[G[8%] setup (compilation)
[2K[1A[2K[G[8%] setup (compilation HtmlWebpackPlugin)
[2K[1A[2K[G[8%] setup (compilation CopyPlugin)
[2K[1A[2K[G[8%] setup (compilation ArrayPushCallbackChunkFormatPlugin)
[2K[1A[2K[G[8%] setup (compilation JsonpChunkLoadingPlugin)
[2K[1A[2K[G[8%] setup (compilation StartupChunkDependenciesPlugin)
[2K[1A[2K[G[8%] setup (compilation ImportScriptsChunkLoadingPlugin)
[2K[1A[2K[G[8%] setup (compilation WorkerPlugin)
[2K[1A[2K[G[8%] setup (compilation SplitChunksPlugin)
[2K[1A[2K[G[8%] setup (compilation ResolverCachePlugin)
[2K[1A[2K[G[8%] setup (compilation)
[2K[1A[2K[G[9%] setup (compilation)
[2K[1A[2K[G[9%] setup (compilation vue-loader-plugin)
[2K[1A[2K[G[9%] setup (compilation DefinePlugin)
[2K[1A[2K[G[9%] setup (compilation ProgressPlugin)
[2K[1A[2K[G[9%] setup (compilation EntryPlugin)
[2K[1A[2K[G[9%] setup (compilation ChunkPrefetchPreloadPlugin)
[2K[1A[2K[G[9%] setup (compilation ModuleInfoHeaderPlugin)
[2K[1A[2K[G[9%] setup (compilation EvalSourceMapDevToolPlugin)
[2K[1A[2K[G[9%] setup (compilation JavascriptModulesPlugin)
[2K[1A[2K[G[9%] setup (compilation JsonModulesPlugin)
[2K[1A[2K[G[9%] setup (compilation AssetModulesPlugin)
[2K[1A[2K[G[9%] setup (compilation EntryPlugin)
[2K[1A[2K[G[9%] setup (compilation RuntimePlugin)
[2K[1A[2K[G[9%] setup (compilation InferAsyncModulesPlugin)
[2K[1A[2K[G[9%] setup (compilation DataUriPlugin)
[2K[1A[2K[G[9%] setup (compilation FileUriPlugin)
[2K[1A[2K[G[9%] setup (compilation CompatibilityPlugin)
[2K[1A[2K[G[9%] setup (compilation HarmonyModulesPlugin)
[2K[1A[2K[G[9%] setup (compilation AMDPlugin)
[2K[1A[2K[G[9%] setup (compilation RequireJsStuffPlugin)
[2K[1A[2K[G[9%] setup (compilation CommonJsPlugin)
[2K[1A[2K[G[9%] setup (compilation LoaderPlugin)
[2K[1A[2K[G[9%] setup (compilation NodeStuffPlugin)
[2K[1A[2K[G[9%] setup (compilation APIPlugin)
[2K[1A[2K[G[9%] setup (compilation ExportsInfoApiPlugin)
[2K[1A[2K[G[9%] setup (compilation WebpackIsIncludedPlugin)
[2K[1A[2K[G[9%] setup (compilation ConstPlugin)
[2K[1A[2K[G[9%] setup (compilation UseStrictPlugin)
[2K[1A[2K[G[9%] setup (compilation RequireIncludePlugin)
[2K[1A[2K[G[9%] setup (compilation RequireEnsurePlugin)
[2K[1A[2K[G[9%] setup (compilation RequireContextPlugin)
[2K[1A[2K[G[9%] setup (compilation ImportPlugin)
[2K[1A[2K[G[9%] setup (compilation ImportMetaContextPlugin)
[2K[1A[2K[G[9%] setup (compilation SystemPlugin)
[2K[1A[2K[G[9%] setup (compilation ImportMetaPlugin)
[2K[1A[2K[G[9%] setup (compilation URLPlugin)
[2K[1A[2K[G[9%] setup (compilation DefaultStatsFactoryPlugin)
[2K[1A[2K[G[9%] setup (compilation DefaultStatsPresetPlugin)
[2K[1A[2K[G[9%] setup (compilation DefaultStatsPrinterPlugin)
[2K[1A[2K[G[9%] setup (compilation JavascriptMetaInfoPlugin)
[2K[1A[2K[G[9%] setup (compilation EnsureChunkConditionsPlugin)
[2K[1A[2K[G[9%] setup (compilation RemoveEmptyChunksPlugin)
[2K[1A[2K[G[9%] setup (compilation MergeDuplicateChunksPlugin)
[2K[1A[2K[G[9%] setup (compilation SideEffectsFlagPlugin)
[2K[1A[2K[G[9%] setup (compilation FlagDependencyExportsPlugin)
[2K[1A[2K[G[9%] setup (compilation NamedModuleIdsPlugin)
[2K[1A[2K[G[9%] setup (compilation NamedChunkIdsPlugin)
[2K[1A[2K[G[9%] setup (compilation DefinePlugin)
[2K[1A[2K[G[9%] setup (compilation TemplatedPathPlugin)
[2K[1A[2K[G[9%] setup (compilation RecordIdsPlugin)
[2K[1A[2K[G[9%] setup (compilation WarnCaseSensitiveModulesPlugin)
[2K[1A[2K[G[9%] setup (compilation EntryPlugin)
[2K[1A[2K[G[9%] setup (compilation ProvidePlugin)
[2K[1A[2K[G[9%] setup (compilation HotModuleReplacementPlugin)
[2K[1A[2K[G[9%] setup (compilation ProgressPlugin)
[2K[1A[2K[G[9%] setup (compilation ESLintWebpackPlugin_1)
[2K[1A[2K[G[9%] setup (compilation)
[2K[1A[2K[G[10%] building 
[2K[1A[2K[G[10%] building (0/0 modules)
[2K[1A[2K[G[24%] building (1/4 modules)
[2K[1A[2K[G[38%] building (81/67 modules)
[2K[1A[2K[G[38%] building (import loader vue-loader/dist/index.js)
[2K[1A[2K[G[38%] building (145/242 modules)
[2K[1A[2K[G[51%] building (312/488 modules)
[2K[1A[2K[G[51%] building (import loader babel-loader/lib/index.js)
[2K[1A[2K[G[51%] building (import loader vue-loader/dist/templateLoader.js)
[2K[1A[2K[G[51%] building (574/589 modules)
[2K[1A[2K[G[51%] building (import loader css-loader/dist/cjs.js)
[2K[1A[2K[G[51%] building (import loader vue-loader/dist/stylePostLoader.js)
[2K[1A[2K[G[51%] building (import loader postcss-loader/dist/cjs.js)
[2K[1A[2K[G[51%] building (795/598 modules)
[2K[1A[2K[G[65%] building (1506/640 modules)
[2K[1A[2K[G[65%] building 
[2K[1A[2K[G[69%] building (finish)
[2K[1A[2K[G[70%] sealing (finish module graph)
[2K[1A[2K[G[70%] sealing (finish module graph ResolverCachePlugin)
[2K[1A[2K[G[70%] sealing (finish module graph InferAsyncModulesPlugin)
[2K[1A[2K[G[70%] sealing (finish module graph FlagDependencyExportsPlugin)
[2K[1A[2K[G[70%] sealing (finish module graph ESLintWebpackPlugin_1)
[2K[1A[2K[G[70%] sealing (finish module graph)
[2K[1A[2K[G[71%] sealing (plugins)
[2K[1A[2K[G[71%] sealing (plugins WarnCaseSensitiveModulesPlugin)
[2K[1A[2K[G[71%] sealing (plugins)
[2K[1A[2K[G[71%] sealing (dependencies optimization)
[2K[1A[2K[G[71%] sealing (dependencies optimization SideEffectsFlagPlugin)
[2K[1A[2K[G[71%] sealing (dependencies optimization)
[2K[1A[2K[G[72%] sealing (after dependencies optimization)
[2K[1A[2K[G[73%] sealing (chunk graph)
[2K[1A[2K[G[73%] sealing (after chunk graph)
[2K[1A[2K[G[74%] sealing (optimizing)
[2K[1A[2K[G[74%] sealing (module optimization)
[2K[1A[2K[G[75%] sealing (after module optimization)
[2K[1A[2K[G[76%] sealing (chunk optimization)
[2K[1A[2K[G[76%] sealing (chunk optimization EnsureChunkConditionsPlugin)
[2K[1A[2K[G[76%] sealing (chunk optimization RemoveEmptyChunksPlugin)
[2K[1A[2K[G[76%] sealing (chunk optimization MergeDuplicateChunksPlugin)
[2K[1A[2K[G[76%] sealing (chunk optimization SplitChunksPlugin)
[2K[1A[2K[G[76%] sealing (chunk optimization RemoveEmptyChunksPlugin)
[2K[1A[2K[G[76%] sealing (chunk optimization)
[2K[1A[2K[G[76%] sealing (after chunk optimization)
[2K[1A[2K[G[77%] sealing (module and chunk tree optimization)
[2K[1A[2K[G[77%] sealing (module and chunk tree optimization PersistentChildCompilerSinglet
onPlugin)
[2K[1A[2K[1A[2K[G[77%] sealing (module and chunk tree optimization)
[2K[1A[2K[G[78%] sealing (after module and chunk tree optimization)
[2K[1A[2K[G[78%] sealing (chunk modules optimization)
[2K[1A[2K[G[79%] sealing (after chunk modules optimization)
[2K[1A[2K[G[80%] sealing (module reviving)
[2K[1A[2K[G[80%] sealing (module reviving RecordIdsPlugin)
[2K[1A[2K[G[80%] sealing (module reviving)
[2K[1A[2K[G[80%] sealing (before module ids)
[2K[1A[2K[G[81%] sealing (module ids)
[2K[1A[2K[G[81%] sealing (module ids NamedModuleIdsPlugin)
[2K[1A[2K[G[81%] sealing (module ids)
[2K[1A[2K[G[82%] sealing (module id optimization)
[2K[1A[2K[G[82%] sealing (module id optimization)
[2K[1A[2K[G[83%] sealing (chunk reviving)
[2K[1A[2K[G[83%] sealing (chunk reviving RecordIdsPlugin)
[2K[1A[2K[G[83%] sealing (chunk reviving)
[2K[1A[2K[G[83%] sealing (before chunk ids)
[2K[1A[2K[G[84%] sealing (chunk ids)
[2K[1A[2K[G[84%] sealing (chunk ids NamedChunkIdsPlugin)
[2K[1A[2K[G[84%] sealing (chunk ids)
[2K[1A[2K[G[85%] sealing (chunk id optimization)
[2K[1A[2K[G[85%] sealing (after chunk id optimization)
[2K[1A[2K[G[86%] sealing (record modules)
[2K[1A[2K[G[86%] sealing (record modules RecordIdsPlugin)
[2K[1A[2K[G[86%] sealing (record modules)
[2K[1A[2K[G[87%] sealing (record chunks)
[2K[1A[2K[G[87%] sealing (record chunks RecordIdsPlugin)
[2K[1A[2K[G[87%] sealing (record chunks)
[2K[1A[2K[G[87%] sealing (module hashing)
[2K[1A[2K[G[88%] sealing (code generation)
[2K[1A[2K[G[89%] sealing (runtime requirements)
[2K[1A[2K[G[89%] sealing (hashing)
[2K[1A[2K[G[90%] sealing (after hashing)
[2K[1A[2K[G[91%] sealing (record hash)
[2K[1A[2K[G[91%] sealing (module assets processing)
[2K[1A[2K[G[92%] sealing (chunk assets processing)
[2K[1A[2K[G[92%] sealing (asset processing)
[2K[1A[2K[G[92%] sealing (asset processing copy-webpack-plugin)
[2K[1A[2K[G[92%] sealing (asset processing HotModuleReplacementPlugin)
[2K[1A[2K[G[92%] sealing (asset processing ESLintWebpackPlugin_1)
[2K[1A[2K[G[92%] sealing (asset processing PersistentChildCompilerSingletonPlugin)
[2K[1A[2K[G[92%] sealing (asset processing HtmlWebpackPlugin)
[2K[1A[2K[G[92%] sealing (asset processing)
[2K[1A[2K[G[93%] sealing (after asset optimization)
[2K[1A[2K[G[94%] sealing (recording)
[2K[1A[2K[G[94%] sealing (recording HotModuleReplacementPlugin)
[2K[1A[2K[G[94%] sealing (recording)
[2K[1A[2K[G[94%] sealing (after seal)
[2K[1A[2K[G[95%] emitting (emit)
[2K[1A[2K[G[98%] emitting (after emit)
[2K[1A[2K[GBuild finished at 08:17:29 by 0.000s
[2K[1A[2K[GBuild finished at 08:17:29 by 0.000s
[2K[1A[2K[GBuild finished at 08:17:29 by 0.000s
[2K[1A[2K[G DONE  Compiled successfully in 1006ms8:17:29 AM

Build finished at 08:17:29 by 0.000s
[2K[1A[2K[G
  App running at:
  - Local:   http://localhost:8086/ 
  - Network: http://172.16.0.4:8086/

Build finished at 08:17:29 by 0.000s
[2K[1A[2K[GBuild finished at 08:17:29 by 0.000s
[2K[1A[2K[GBuild finished at 08:17:29 by 0.000s
[2K[1A[2K[GBuild finished at 08:17:29 by 0.000s
[2K[1A[2K[GBuild finished at 08:17:29 by 0.000s
[2K[1A[2K[GBuild finished at 08:17:29 by 0.000s
[2K[1A[2K[GBuild finished at 08:17:29 by 0.000s
[2K[1A[2K[GBuild finished at 08:17:29 by 0.000s
[2K[1A[2K[G WAIT  Compiling...8:17:37 AM

Compiling...

[2K[1A[2K[G[1%] cache (end idle)
[2K[1A[2K[G[3%] setup (watch run)
[2K[1A[2K[G[3%] setup (watch run vue-loader-plugin)
[2K[1A[2K[G[3%] setup (watch run ESLintWebpackPlugin_1)
[2K[1A[2K[G[3%] setup (watch run webpack-dev-middleware)
[2K[1A[2K[G[3%] setup (watch run)
[2K[1A[2K[G[4%] setup (normal module factory)
[2K[1A[2K[G[4%] setup (normal module factory CaseSensitivePathsPlugin)
[2K[1A[2K[G[4%] setup (normal module factory)
[2K[1A[2K[G[5%] setup (context module factory)
[2K[1A[2K[G[6%] setup (before compile)
[2K[1A[2K[G[6%] setup (before compile ProgressPlugin)
[2K[1A[2K[G[6%] setup (before compile)
[2K[1A[2K[G[7%] setup (compile)
[2K[1A[2K[G[7%] setup (compile ExternalsPlugin)
[2K[1A[2K[G[7%] setup (compile)
[2K[1A[2K[G[8%] setup (compilation)
[2K[1A[2K[G[8%] setup (compilation HtmlWebpackPlugin)
[2K[1A[2K[G[8%] setup (compilation CopyPlugin)
[2K[1A[2K[G[8%] setup (compilation ArrayPushCallbackChunkFormatPlugin)
[2K[1A[2K[G[8%] setup (compilation JsonpChunkLoadingPlugin)
[2K[1A[2K[G[8%] setup (compilation StartupChunkDependenciesPlugin)
[2K[1A[2K[G[8%] setup (compilation ImportScriptsChunkLoadingPlugin)
[2K[1A[2K[G[8%] setup (compilation WorkerPlugin)
[2K[1A[2K[G[8%] setup (compilation SplitChunksPlugin)
[2K[1A[2K[G[8%] setup (compilation ResolverCachePlugin)
[2K[1A[2K[G[8%] setup (compilation)
[2K[1A[2K[G[9%] setup (compilation)
[2K[1A[2K[G[9%] setup (compilation vue-loader-plugin)
[2K[1A[2K[G[9%] setup (compilation DefinePlugin)
[2K[1A[2K[G[9%] setup (compilation ProgressPlugin)
[2K[1A[2K[G[9%] setup (compilation EntryPlugin)
[2K[1A[2K[G[9%] setup (compilation ChunkPrefetchPreloadPlugin)
[2K[1A[2K[G[9%] setup (compilation ModuleInfoHeaderPlugin)
[2K[1A[2K[G[9%] setup (compilation EvalSourceMapDevToolPlugin)
[2K[1A[2K[G[9%] setup (compilation JavascriptModulesPlugin)
[2K[1A[2K[G[9%] setup (compilation JsonModulesPlugin)
[2K[1A[2K[G[9%] setup (compilation AssetModulesPlugin)
[2K[1A[2K[G[9%] setup (compilation EntryPlugin)
[2K[1A[2K[G[9%] setup (compilation RuntimePlugin)
[2K[1A[2K[G[9%] setup (compilation InferAsyncModulesPlugin)
[2K[1A[2K[G[9%] setup (compilation DataUriPlugin)
[2K[1A[2K[G[9%] setup (compilation FileUriPlugin)
[2K[1A[2K[G[9%] setup (compilation CompatibilityPlugin)
[2K[1A[2K[G[9%] setup (compilation HarmonyModulesPlugin)
[2K[1A[2K[G[9%] setup (compilation AMDPlugin)
[2K[1A[2K[G[9%] setup (compilation RequireJsStuffPlugin)
[2K[1A[2K[G[9%] setup (compilation CommonJsPlugin)
[2K[1A[2K[G[9%] setup (compilation LoaderPlugin)
[2K[1A[2K[G[9%] setup (compilation NodeStuffPlugin)
[2K[1A[2K[G[9%] setup (compilation APIPlugin)
[2K[1A[2K[G[9%] setup (compilation ExportsInfoApiPlugin)
[2K[1A[2K[G[9%] setup (compilation WebpackIsIncludedPlugin)
[2K[1A[2K[G[9%] setup (compilation ConstPlugin)
[2K[1A[2K[G[9%] setup (compilation UseStrictPlugin)
[2K[1A[2K[G[9%] setup (compilation RequireIncludePlugin)
[2K[1A[2K[G[9%] setup (compilation RequireEnsurePlugin)
[2K[1A[2K[G[9%] setup (compilation RequireContextPlugin)
[2K[1A[2K[G[9%] setup (compilation ImportPlugin)
[2K[1A[2K[G[9%] setup (compilation ImportMetaContextPlugin)
[2K[1A[2K[G[9%] setup (compilation SystemPlugin)
[2K[1A[2K[G[9%] setup (compilation ImportMetaPlugin)
[2K[1A[2K[G[9%] setup (compilation URLPlugin)
[2K[1A[2K[G[9%] setup (compilation DefaultStatsFactoryPlugin)
[2K[1A[2K[G[9%] setup (compilation DefaultStatsPresetPlugin)
[2K[1A[2K[G[9%] setup (compilation DefaultStatsPrinterPlugin)
[2K[1A[2K[G[9%] setup (compilation JavascriptMetaInfoPlugin)
[2K[1A[2K[G[9%] setup (compilation EnsureChunkConditionsPlugin)
[2K[1A[2K[G[9%] setup (compilation RemoveEmptyChunksPlugin)
[2K[1A[2K[G[9%] setup (compilation MergeDuplicateChunksPlugin)
[2K[1A[2K[G[9%] setup (compilation SideEffectsFlagPlugin)
[2K[1A[2K[G[9%] setup (compilation FlagDependencyExportsPlugin)
[2K[1A[2K[G[9%] setup (compilation NamedModuleIdsPlugin)
[2K[1A[2K[G[9%] setup (compilation NamedChunkIdsPlugin)
[2K[1A[2K[G[9%] setup (compilation DefinePlugin)
[2K[1A[2K[G[9%] setup (compilation TemplatedPathPlugin)
[2K[1A[2K[G[9%] setup (compilation RecordIdsPlugin)
[2K[1A[2K[G[9%] setup (compilation WarnCaseSensitiveModulesPlugin)
[2K[1A[2K[G[9%] setup (compilation EntryPlugin)
[2K[1A[2K[G[9%] setup (compilation ProvidePlugin)
[2K[1A[2K[G[9%] setup (compilation HotModuleReplacementPlugin)
[2K[1A[2K[G[9%] setup (compilation ProgressPlugin)
[2K[1A[2K[G[9%] setup (compilation ESLintWebpackPlugin_1)
[2K[1A[2K[G[9%] setup (compilation)
[2K[1A[2K[G[10%] building 
[2K[1A[2K[G[10%] building (0/0 modules)
[2K[1A[2K[G[24%] building (1/4 modules)
[2K[1A[2K[G[38%] building (81/67 modules)
[2K[1A[2K[G[38%] building (import loader vue-loader/dist/index.js)
[2K[1A[2K[G[38%] building (145/242 modules)
[2K[1A[2K[G[51%] building (312/488 modules)
[2K[1A[2K[G[51%] building (import loader babel-loader/lib/index.js)
[2K[1A[2K[G[51%] building (import loader vue-loader/dist/templateLoader.js)
[2K[1A[2K[G[51%] building (574/589 modules)
[2K[1A[2K[G[51%] building (import loader css-loader/dist/cjs.js)
[2K[1A[2K[G[51%] building (import loader vue-loader/dist/stylePostLoader.js)
[2K[1A[2K[G[51%] building (import loader postcss-loader/dist/cjs.js)
[2K[1A[2K[G[51%] building (795/598 modules)
[2K[1A[2K[G[51%] building (import loader vue-loader/dist/pitcher.js)
[2K[1A[2K[G[51%] building (1498/642 modules)
[2K[1A[2K[G[51%] building (import loader vue-style-loader/index.js)
[2K[1A[2K[G[51%] building (1498/642 modules)
[2K[1A[2K[G[51%] building (1500/647 modules)
[2K[1A[2K[G[65%] building (1514/649 modules)
[2K[1A[2K[G[65%] building 
[2K[1A[2K[G[69%] building (finish)
[2K[1A[2K[G[70%] sealing (finish module graph)
[2K[1A[2K[G[70%] sealing (finish module graph ResolverCachePlugin)
[2K[1A[2K[G[70%] sealing (finish module graph InferAsyncModulesPlugin)
[2K[1A[2K[G[70%] sealing (finish module graph FlagDependencyExportsPlugin)
[2K[1A[2K[G[70%] sealing (finish module graph ESLintWebpackPlugin_1)
[2K[1A[2K[G[70%] sealing (finish module graph)
[2K[1A[2K[G[71%] sealing (plugins)
[2K[1A[2K[G[71%] sealing (plugins WarnCaseSensitiveModulesPlugin)
[2K[1A[2K[G[71%] sealing (plugins)
[2K[1A[2K[G[71%] sealing (dependencies optimization)
[2K[1A[2K[G[71%] sealing (dependencies optimization SideEffectsFlagPlugin)
[2K[1A[2K[G[71%] sealing (dependencies optimization)
[2K[1A[2K[G[72%] sealing (after dependencies optimization)
[2K[1A[2K[G[73%] sealing (chunk graph)
[2K[1A[2K[G[73%] sealing (after chunk graph)
[2K[1A[2K[G[74%] sealing (optimizing)
[2K[1A[2K[G[74%] sealing (module optimization)
[2K[1A[2K[G[75%] sealing (after module optimization)
[2K[1A[2K[G[76%] sealing (chunk optimization)
[2K[1A[2K[G[76%] sealing (chunk optimization EnsureChunkConditionsPlugin)
[2K[1A[2K[G[76%] sealing (chunk optimization RemoveEmptyChunksPlugin)
[2K[1A[2K[G[76%] sealing (chunk optimization MergeDuplicateChunksPlugin)
[2K[1A[2K[G[76%] sealing (chunk optimization SplitChunksPlugin)
[2K[1A[2K[G[76%] sealing (chunk optimization RemoveEmptyChunksPlugin)
[2K[1A[2K[G[76%] sealing (chunk optimization)
[2K[1A[2K[G[76%] sealing (after chunk optimization)
[2K[1A[2K[G[77%] sealing (module and chunk tree optimization)
[2K[1A[2K[G[77%] sealing (module and chunk tree optimization PersistentChildCompilerSinglet
onPlugin)
[2K[1A[2K[1A[2K[G[77%] sealing (module and chunk tree optimization)
[2K[1A[2K[G[78%] sealing (after module and chunk tree optimization)
[2K[1A[2K[G[78%] sealing (chunk modules optimization)
[2K[1A[2K[G[79%] sealing (after chunk modules optimization)
[2K[1A[2K[G[80%] sealing (module reviving)
[2K[1A[2K[G[80%] sealing (module reviving RecordIdsPlugin)
[2K[1A[2K[G[80%] sealing (module reviving)
[2K[1A[2K[G[80%] sealing (before module ids)
[2K[1A[2K[G[81%] sealing (module ids)
[2K[1A[2K[G[81%] sealing (module ids NamedModuleIdsPlugin)
[2K[1A[2K[G[81%] sealing (module ids)
[2K[1A[2K[G[82%] sealing (module id optimization)
[2K[1A[2K[G[82%] sealing (module id optimization)
[2K[1A[2K[G[83%] sealing (chunk reviving)
[2K[1A[2K[G[83%] sealing (chunk reviving RecordIdsPlugin)
[2K[1A[2K[G[83%] sealing (chunk reviving)
[2K[1A[2K[G[83%] sealing (before chunk ids)
[2K[1A[2K[G[84%] sealing (chunk ids)
[2K[1A[2K[G[84%] sealing (chunk ids NamedChunkIdsPlugin)
[2K[1A[2K[G[84%] sealing (chunk ids)
[2K[1A[2K[G[85%] sealing (chunk id optimization)
[2K[1A[2K[G[85%] sealing (after chunk id optimization)
[2K[1A[2K[G[86%] sealing (record modules)
[2K[1A[2K[G[86%] sealing (record modules RecordIdsPlugin)
[2K[1A[2K[G[86%] sealing (record modules)
[2K[1A[2K[G[87%] sealing (record chunks)
[2K[1A[2K[G[87%] sealing (record chunks RecordIdsPlugin)
[2K[1A[2K[G[87%] sealing (record chunks)
[2K[1A[2K[G[87%] sealing (module hashing)
[2K[1A[2K[G[88%] sealing (code generation)
[2K[1A[2K[G[89%] sealing (runtime requirements)
[2K[1A[2K[G[89%] sealing (hashing)
[2K[1A[2K[G[90%] sealing (after hashing)
[2K[1A[2K[G[91%] sealing (record hash)
[2K[1A[2K[G[91%] sealing (module assets processing)
[2K[1A[2K[G[92%] sealing (chunk assets processing)
[2K[1A[2K[G[92%] sealing (asset processing)
[2K[1A[2K[G[92%] sealing (asset processing copy-webpack-plugin)
[2K[1A[2K[G[92%] sealing (asset processing HotModuleReplacementPlugin)
[2K[1A[2K[G[92%] sealing (asset processing ESLintWebpackPlugin_1)
[2K[1A[2K[G[92%] sealing (asset processing PersistentChildCompilerSingletonPlugin)
[2K[1A[2K[G[92%] sealing (asset processing HtmlWebpackPlugin)
[2K[1A[2K[G[92%] sealing (asset processing)
[2K[1A[2K[G[93%] sealing (after asset optimization)
[2K[1A[2K[G[94%] sealing (recording)
[2K[1A[2K[G[94%] sealing (recording HotModuleReplacementPlugin)
[2K[1A[2K[G[94%] sealing (recording)
[2K[1A[2K[G[94%] sealing (after seal)
[2K[1A[2K[G[95%] emitting (emit)
[2K[1A[2K[G[98%] emitting (after emit)
[2K[1A[2K[GBuild finished at 08:17:39 by 0.000s
[2K[1A[2K[GBuild finished at 08:17:39 by 0.000s
[2K[1A[2K[GBuild finished at 08:17:39 by 0.000s
[2K[1A[2K[G ERROR  Failed to compile with 1 error8:17:39 AM

[eslint] 
/home/zhx/TJNovel/frontend/src/Novels/Novel_Search.vue
  93:54  error  'esSearchNovels' is defined but never used    no-unused-vars
  93:70  error  'esSearchChapters' is defined but never used  no-unused-vars

/home/zhx/TJNovel/frontend/src/Novels/SearchChapterCard.vue
  21:15  error  'defineProps' is not defined  no-undef

✖ 3 problems (3 errors, 0 warnings)


You may use special comments to disable some warnings.
Use // eslint-disable-next-line to ignore the next line.
Use /* eslint-disable */ to ignore all warnings in a file.
Build finished at 08:17:39 by 0.000s
[2K[1A[2K[GBuild finished at 08:17:39 by 0.000s
[2K[1A[2K[GBuild finished at 08:17:39 by 0.000s
[2K[1A[2K[GBuild finished at 08:17:39 by 0.000s
[2K[1A[2K[GBuild finished at 08:17:39 by 0.000s
[2K[1A[2K[GBuild finished at 08:17:39 by 0.000s
[2K[1A[2K[GBuild finished at 08:17:39 by 0.000s
[2K[1A[2K[GBuild finished at 08:17:39 by 0.000s
[2K[1A[2K[GBuild finished at 08:17:39 by 0.000s
[2K[1A[2K[GERROR in [eslint] 
/home/zhx/TJNovel/frontend/src/Novels/Novel_Search.vue
  93:54  error  'esSearchNovels' is defined but never used    no-unused-vars
  93:70  error  'esSearchChapters' is defined but never used  no-unused-vars

/home/zhx/TJNovel/frontend/src/Novels/SearchChapterCard.vue
  21:15  error  'defineProps' is not defined  no-undef

✖ 3 problems (3 errors, 0 warnings)

webpack compiled with 1 error
 WAIT  Compiling...8:17:42 AM

Compiling...

[2K[1A[2K[G[1%] cache (end idle)
[2K[1A[2K[G[3%] setup (watch run)
[2K[1A[2K[G[3%] setup (watch run vue-loader-plugin)
[2K[1A[2K[G[3%] setup (watch run ESLintWebpackPlugin_1)
[2K[1A[2K[G[3%] setup (watch run webpack-dev-middleware)
[2K[1A[2K[G[3%] setup (watch run)
[2K[1A[2K[G[4%] setup (normal module factory)
[2K[1A[2K[G[4%] setup (normal module factory CaseSensitivePathsPlugin)
[2K[1A[2K[G[4%] setup (normal module factory)
[2K[1A[2K[G[5%] setup (context module factory)
[2K[1A[2K[G[6%] setup (before compile)
[2K[1A[2K[G[6%] setup (before compile ProgressPlugin)
[2K[1A[2K[G[6%] setup (before compile)
[2K[1A[2K[G[7%] setup (compile)
[2K[1A[2K[G[7%] setup (compile ExternalsPlugin)
[2K[1A[2K[G[7%] setup (compile)
[2K[1A[2K[G[8%] setup (compilation)
[2K[1A[2K[G[8%] setup (compilation HtmlWebpackPlugin)
[2K[1A[2K[G[8%] setup (compilation CopyPlugin)
[2K[1A[2K[G[8%] setup (compilation ArrayPushCallbackChunkFormatPlugin)
[2K[1A[2K[G[8%] setup (compilation JsonpChunkLoadingPlugin)
[2K[1A[2K[G[8%] setup (compilation StartupChunkDependenciesPlugin)
[2K[1A[2K[G[8%] setup (compilation ImportScriptsChunkLoadingPlugin)
[2K[1A[2K[G[8%] setup (compilation WorkerPlugin)
[2K[1A[2K[G[8%] setup (compilation SplitChunksPlugin)
[2K[1A[2K[G[8%] setup (compilation ResolverCachePlugin)
[2K[1A[2K[G[8%] setup (compilation)
[2K[1A[2K[G[9%] setup (compilation)
[2K[1A[2K[G[9%] setup (compilation vue-loader-plugin)
[2K[1A[2K[G[9%] setup (compilation DefinePlugin)
[2K[1A[2K[G[9%] setup (compilation ProgressPlugin)
[2K[1A[2K[G[9%] setup (compilation EntryPlugin)
[2K[1A[2K[G[9%] setup (compilation ChunkPrefetchPreloadPlugin)
[2K[1A[2K[G[9%] setup (compilation ModuleInfoHeaderPlugin)
[2K[1A[2K[G[9%] setup (compilation EvalSourceMapDevToolPlugin)
[2K[1A[2K[G[9%] setup (compilation JavascriptModulesPlugin)
[2K[1A[2K[G[9%] setup (compilation JsonModulesPlugin)
[2K[1A[2K[G[9%] setup (compilation AssetModulesPlugin)
[2K[1A[2K[G[9%] setup (compilation EntryPlugin)
[2K[1A[2K[G[9%] setup (compilation RuntimePlugin)
[2K[1A[2K[G[9%] setup (compilation InferAsyncModulesPlugin)
[2K[1A[2K[G[9%] setup (compilation DataUriPlugin)
[2K[1A[2K[G[9%] setup (compilation FileUriPlugin)
[2K[1A[2K[G[9%] setup (compilation CompatibilityPlugin)
[2K[1A[2K[G[9%] setup (compilation HarmonyModulesPlugin)
[2K[1A[2K[G[9%] setup (compilation AMDPlugin)
[2K[1A[2K[G[9%] setup (compilation RequireJsStuffPlugin)
[2K[1A[2K[G[9%] setup (compilation CommonJsPlugin)
[2K[1A[2K[G[9%] setup (compilation LoaderPlugin)
[2K[1A[2K[G[9%] setup (compilation NodeStuffPlugin)
[2K[1A[2K[G[9%] setup (compilation APIPlugin)
[2K[1A[2K[G[9%] setup (compilation ExportsInfoApiPlugin)
[2K[1A[2K[G[9%] setup (compilation WebpackIsIncludedPlugin)
[2K[1A[2K[G[9%] setup (compilation ConstPlugin)
[2K[1A[2K[G[9%] setup (compilation UseStrictPlugin)
[2K[1A[2K[G[9%] setup (compilation RequireIncludePlugin)
[2K[1A[2K[G[9%] setup (compilation RequireEnsurePlugin)
[2K[1A[2K[G[9%] setup (compilation RequireContextPlugin)
[2K[1A[2K[G[9%] setup (compilation ImportPlugin)
[2K[1A[2K[G[9%] setup (compilation ImportMetaContextPlugin)
[2K[1A[2K[G[9%] setup (compilation SystemPlugin)
[2K[1A[2K[G[9%] setup (compilation ImportMetaPlugin)
[2K[1A[2K[G[9%] setup (compilation URLPlugin)
[2K[1A[2K[G[9%] setup (compilation DefaultStatsFactoryPlugin)
[2K[1A[2K[G[9%] setup (compilation DefaultStatsPresetPlugin)
[2K[1A[2K[G[9%] setup (compilation DefaultStatsPrinterPlugin)
[2K[1A[2K[G[9%] setup (compilation JavascriptMetaInfoPlugin)
[2K[1A[2K[G[9%] setup (compilation EnsureChunkConditionsPlugin)
[2K[1A[2K[G[9%] setup (compilation RemoveEmptyChunksPlugin)
[2K[1A[2K[G[9%] setup (compilation MergeDuplicateChunksPlugin)
[2K[1A[2K[G[9%] setup (compilation SideEffectsFlagPlugin)
[2K[1A[2K[G[9%] setup (compilation FlagDependencyExportsPlugin)
[2K[1A[2K[G[9%] setup (compilation NamedModuleIdsPlugin)
[2K[1A[2K[G[9%] setup (compilation NamedChunkIdsPlugin)
[2K[1A[2K[G[9%] setup (compilation DefinePlugin)
[2K[1A[2K[G[9%] setup (compilation TemplatedPathPlugin)
[2K[1A[2K[G[9%] setup (compilation RecordIdsPlugin)
[2K[1A[2K[G[9%] setup (compilation WarnCaseSensitiveModulesPlugin)
[2K[1A[2K[G[9%] setup (compilation EntryPlugin)
[2K[1A[2K[G[9%] setup (compilation ProvidePlugin)
[2K[1A[2K[G[9%] setup (compilation HotModuleReplacementPlugin)
[2K[1A[2K[G[9%] setup (compilation ProgressPlugin)
[2K[1A[2K[G[9%] setup (compilation ESLintWebpackPlugin_1)
[2K[1A[2K[G[9%] setup (compilation)
[2K[1A[2K[G[10%] building 
[2K[1A[2K[G[10%] building (0/0 modules)
[2K[1A[2K[G[24%] building (1/4 modules)
[2K[1A[2K[G[38%] building (81/67 modules)
[2K[1A[2K[G[38%] building (import loader vue-loader/dist/index.js)
[2K[1A[2K[G[38%] building (145/242 modules)
[2K[1A[2K[G[51%] building (312/487 modules)
[2K[1A[2K[G[51%] building (import loader babel-loader/lib/index.js)
[2K[1A[2K[G[51%] building (import loader vue-loader/dist/templateLoader.js)
[2K[1A[2K[G[51%] building (574/589 modules)
[2K[1A[2K[G[51%] building (import loader css-loader/dist/cjs.js)
[2K[1A[2K[G[51%] building (import loader vue-loader/dist/stylePostLoader.js)
[2K[1A[2K[G[51%] building (import loader postcss-loader/dist/cjs.js)
[2K[1A[2K[G[51%] building (795/598 modules)
[2K[1A[2K[G[65%] building (1514/648 modules)
[2K[1A[2K[G[65%] building 
[2K[1A[2K[G[69%] building (finish)
[2K[1A[2K[G[70%] sealing (finish module graph)
[2K[1A[2K[G[70%] sealing (finish module graph ResolverCachePlugin)
[2K[1A[2K[G[70%] sealing (finish module graph InferAsyncModulesPlugin)
[2K[1A[2K[G[70%] sealing (finish module graph FlagDependencyExportsPlugin)
[2K[1A[2K[G[70%] sealing (finish module graph ESLintWebpackPlugin_1)
[2K[1A[2K[G[70%] sealing (finish module graph)
[2K[1A[2K[G[71%] sealing (plugins)
[2K[1A[2K[G[71%] sealing (plugins WarnCaseSensitiveModulesPlugin)
[2K[1A[2K[G[71%] sealing (plugins)
[2K[1A[2K[G[71%] sealing (dependencies optimization)
[2K[1A[2K[G[71%] sealing (dependencies optimization SideEffectsFlagPlugin)
[2K[1A[2K[G[71%] sealing (dependencies optimization)
[2K[1A[2K[G[72%] sealing (after dependencies optimization)
[2K[1A[2K[G[73%] sealing (chunk graph)
[2K[1A[2K[G[73%] sealing (after chunk graph)
[2K[1A[2K[G[74%] sealing (optimizing)
[2K[1A[2K[G[74%] sealing (module optimization)
[2K[1A[2K[G[75%] sealing (after module optimization)
[2K[1A[2K[G[76%] sealing (chunk optimization)
[2K[1A[2K[G[76%] sealing (chunk optimization EnsureChunkConditionsPlugin)
[2K[1A[2K[G[76%] sealing (chunk optimization RemoveEmptyChunksPlugin)
[2K[1A[2K[G[76%] sealing (chunk optimization MergeDuplicateChunksPlugin)
[2K[1A[2K[G[76%] sealing (chunk optimization SplitChunksPlugin)
[2K[1A[2K[G[76%] sealing (chunk optimization RemoveEmptyChunksPlugin)
[2K[1A[2K[G[76%] sealing (chunk optimization)
[2K[1A[2K[G[76%] sealing (after chunk optimization)
[2K[1A[2K[G[77%] sealing (module and chunk tree optimization)
[2K[1A[2K[G[77%] sealing (module and chunk tree optimization PersistentChildCompilerSinglet
onPlugin)
[2K[1A[2K[1A[2K[G[77%] sealing (module and chunk tree optimization)
[2K[1A[2K[G[78%] sealing (after module and chunk tree optimization)
[2K[1A[2K[G[78%] sealing (chunk modules optimization)
[2K[1A[2K[G[79%] sealing (after chunk modules optimization)
[2K[1A[2K[G[80%] sealing (module reviving)
[2K[1A[2K[G[80%] sealing (module reviving RecordIdsPlugin)
[2K[1A[2K[G[80%] sealing (module reviving)
[2K[1A[2K[G[80%] sealing (before module ids)
[2K[1A[2K[G[81%] sealing (module ids)
[2K[1A[2K[G[81%] sealing (module ids NamedModuleIdsPlugin)
[2K[1A[2K[G[81%] sealing (module ids)
[2K[1A[2K[G[82%] sealing (module id optimization)
[2K[1A[2K[G[82%] sealing (module id optimization)
[2K[1A[2K[G[83%] sealing (chunk reviving)
[2K[1A[2K[G[83%] sealing (chunk reviving RecordIdsPlugin)
[2K[1A[2K[G[83%] sealing (chunk reviving)
[2K[1A[2K[G[83%] sealing (before chunk ids)
[2K[1A[2K[G[84%] sealing (chunk ids)
[2K[1A[2K[G[84%] sealing (chunk ids NamedChunkIdsPlugin)
[2K[1A[2K[G[84%] sealing (chunk ids)
[2K[1A[2K[G[85%] sealing (chunk id optimization)
[2K[1A[2K[G[85%] sealing (after chunk id optimization)
[2K[1A[2K[G[86%] sealing (record modules)
[2K[1A[2K[G[86%] sealing (record modules RecordIdsPlugin)
[2K[1A[2K[G[86%] sealing (record modules)
[2K[1A[2K[G[87%] sealing (record chunks)
[2K[1A[2K[G[87%] sealing (record chunks RecordIdsPlugin)
[2K[1A[2K[G[87%] sealing (record chunks)
[2K[1A[2K[G[87%] sealing (module hashing)
[2K[1A[2K[G[88%] sealing (code generation)
[2K[1A[2K[G[89%] sealing (runtime requirements)
[2K[1A[2K[G[89%] sealing (hashing)
[2K[1A[2K[G[90%] sealing (after hashing)
[2K[1A[2K[G[91%] sealing (record hash)
[2K[1A[2K[G[91%] sealing (module assets processing)
[2K[1A[2K[G[92%] sealing (chunk assets processing)
[2K[1A[2K[G[92%] sealing (asset processing)
[2K[1A[2K[G[92%] sealing (asset processing copy-webpack-plugin)
[2K[1A[2K[G[92%] sealing (asset processing HotModuleReplacementPlugin)
[2K[1A[2K[G[92%] sealing (asset processing ESLintWebpackPlugin_1)
[2K[1A[2K[G[92%] sealing (asset processing PersistentChildCompilerSingletonPlugin)
[2K[1A[2K[G[92%] sealing (asset processing HtmlWebpackPlugin)
[2K[1A[2K[G[92%] sealing (asset processing)
[2K[1A[2K[G[93%] sealing (after asset optimization)
[2K[1A[2K[G[94%] sealing (recording)
[2K[1A[2K[G[94%] sealing (recording HotModuleReplacementPlugin)
[2K[1A[2K[G[94%] sealing (recording)
[2K[1A[2K[G[94%] sealing (after seal)
[2K[1A[2K[G[95%] emitting (emit)
[2K[1A[2K[G[98%] emitting (after emit)
[2K[1A[2K[GBuild finished at 08:17:43 by 0.000s
[2K[1A[2K[GBuild finished at 08:17:43 by 0.000s
[2K[1A[2K[GBuild finished at 08:17:43 by 0.000s
[2K[1A[2K[G ERROR  Failed to compile with 1 error8:17:43 AM

[eslint] 
/home/zhx/TJNovel/frontend/src/Novels/Novel_Search.vue
  93:10  error  'searchNovels' is defined but never used  no-unused-vars

/home/zhx/TJNovel/frontend/src/Novels/SearchChapterCard.vue
  21:15  error  'defineProps' is not defined  no-undef

✖ 2 problems (2 errors, 0 warnings)


You may use special comments to disable some warnings.
Use // eslint-disable-next-line to ignore the next line.
Use /* eslint-disable */ to ignore all warnings in a file.
Build finished at 08:17:43 by 0.000s
[2K[1A[2K[GBuild finished at 08:17:43 by 0.000s
[2K[1A[2K[GBuild finished at 08:17:43 by 0.000s
[2K[1A[2K[GBuild finished at 08:17:43 by 0.000s
[2K[1A[2K[GBuild finished at 08:17:43 by 0.000s
[2K[1A[2K[GBuild finished at 08:17:43 by 0.000s
[2K[1A[2K[GBuild finished at 08:17:43 by 0.000s
[2K[1A[2K[GBuild finished at 08:17:43 by 0.000s
[2K[1A[2K[GBuild finished at 08:17:43 by 0.000s
[2K[1A[2K[GERROR in [eslint] 
/home/zhx/TJNovel/frontend/src/Novels/Novel_Search.vue
  93:10  error  'searchNovels' is defined but never used  no-unused-vars

/home/zhx/TJNovel/frontend/src/Novels/SearchChapterCard.vue
  21:15  error  'defineProps' is not defined  no-undef

✖ 2 problems (2 errors, 0 warnings)

webpack compiled with 1 error
Proxy error: Could not proxy request /api/Category from 20.243.208.35:8086 to http://localhost:7080.
See https://nodejs.org/api/errors.html#errors_common_system_errors for more information (ECONNRESET).

Proxy error: Could not proxy request /api/Reader/9/balance from 20.243.208.35:8086 to http://localhost:7080.
See https://nodejs.org/api/errors.html#errors_common_system_errors for more information (ECONNRESET).

Proxy error: Could not proxy request /api/Ranking/collect?topN=10 from 20.243.208.35:8086 to http://localhost:7080.
See https://nodejs.org/api/errors.html#errors_common_system_errors for more information (ECONNRESET).

Proxy error: Could not proxy request /api/Author/11 from 20.243.208.35:8086 to http://localhost:7080.
See https://nodejs.org/api/errors.html#errors_common_system_errors for more information (ECONNRESET).

Proxy error: Could not proxy request /api/Author/1 from 20.243.208.35:8086 to http://localhost:7080.
See https://nodejs.org/api/errors.html#errors_common_system_errors for more information (ECONNRESET).

Proxy error: Could not proxy request /api/Author/12 from 20.243.208.35:8086 to http://localhost:7080.
See https://nodejs.org/api/errors.html#errors_common_system_errors for more information (ECONNRESET).

Proxy error: Could not proxy request /api/Novel/34 from 20.243.208.35:8086 to http://localhost:7080.
See https://nodejs.org/api/errors.html#errors_common_system_errors for more information (ECONNRESET).

Proxy error: Could not proxy request /api/Novel/36 from 20.243.208.35:8086 to http://localhost:7080.
See https://nodejs.org/api/errors.html#errors_common_system_errors for more information (ECONNREFUSED).

Proxy error: Could not proxy request /api/Novel/35 from 20.243.208.35:8086 to http://localhost:7080.
See https://nodejs.org/api/errors.html#errors_common_system_errors for more information (ECONNREFUSED).

Proxy error: Could not proxy request /api/Novel/37 from 20.243.208.35:8086 to http://localhost:7080.
See https://nodejs.org/api/errors.html#errors_common_system_errors for more information (ECONNREFUSED).

Proxy error: Could not proxy request /api/Novel/38 from 20.243.208.35:8086 to http://localhost:7080.
See https://nodejs.org/api/errors.html#errors_common_system_errors for more information (ECONNREFUSED).

Proxy error: Could not proxy request /api/Novel/39 from 20.243.208.35:8086 to http://localhost:7080.
See https://nodejs.org/api/errors.html#errors_common_system_errors for more information (ECONNREFUSED).

Proxy error: Could not proxy request /api/Novel/40 from 20.243.208.35:8086 to http://localhost:7080.
See https://nodejs.org/api/errors.html#errors_common_system_errors for more information (ECONNREFUSED).

Proxy error: Could not proxy request /api/Novel/41 from 20.243.208.35:8086 to http://localhost:7080.
See https://nodejs.org/api/errors.html#errors_common_system_errors for more information (ECONNREFUSED).

Proxy error: Could not proxy request /api/Novel/published/filter-by-id?page=1&pageSize=6&category=%E5%8E%86%E5%8F%B2 from 20.243.208.35:8086 to http://localhost:7080.
See https://nodejs.org/api/errors.html#errors_common_system_errors for more information (ECONNREFUSED).

Proxy error: Could not proxy request /api/Novel/published/filter-by-id?page=1&pageSize=10 from 20.243.208.35:8086 to http://localhost:7080.
See https://nodejs.org/api/errors.html#errors_common_system_errors for more information (ECONNREFUSED).

Proxy error: Could not proxy request /api/Category from 20.243.208.35:8086 to http://localhost:7080.
See https://nodejs.org/api/errors.html#errors_common_system_errors for more information (ECONNREFUSED).

Proxy error: Could not proxy request /api/Novel/35 from 20.243.208.35:8086 to http://localhost:7080.
See https://nodejs.org/api/errors.html#errors_common_system_errors for more information (ECONNREFUSED).

Proxy error: Could not proxy request /api/Ranking/collect?topN=10 from 20.243.208.35:8086 to http://localhost:7080.
See https://nodejs.org/api/errors.html#errors_common_system_errors for more information (ECONNREFUSED).

Proxy error: Could not proxy request /api/ChapterManagement/logs/all from 20.243.208.35:8086 to http://localhost:7080.
See https://nodejs.org/api/errors.html#errors_common_system_errors for more information (ECONNREFUSED).

Proxy error: Could not proxy request /api/Novel/36 from 20.243.208.35:8086 to http://localhost:7080.
See https://nodejs.org/api/errors.html#errors_common_system_errors for more information (ECONNREFUSED).

Proxy error: Could not proxy request /api/Ranking/score?topN=10 from 20.243.208.35:8086 to http://localhost:7080.
See https://nodejs.org/api/errors.html#errors_common_system_errors for more information (ECONNREFUSED).

Proxy error: Could not proxy request /api/Ranking/recommend?topN=10 from 20.243.208.35:8086 to http://localhost:7080.
See https://nodejs.org/api/errors.html#errors_common_system_errors for more information (ECONNREFUSED).

Proxy error: Could not proxy request /api/Novel/38 from 20.243.208.35:8086 to http://localhost:7080.
See https://nodejs.org/api/errors.html#errors_common_system_errors for more information (ECONNREFUSED).

Proxy error: Could not proxy request /api/Novel/37 from 20.243.208.35:8086 to http://localhost:7080.
See https://nodejs.org/api/errors.html#errors_common_system_errors for more information (ECONNREFUSED).

Proxy error: Could not proxy request /api/Novel/39 from 20.243.208.35:8086 to http://localhost:7080.
See https://nodejs.org/api/errors.html#errors_common_system_errors for more information (ECONNREFUSED).

Proxy error: Could not proxy request /api/Novel/40 from 20.243.208.35:8086 to http://localhost:7080.
See https://nodejs.org/api/errors.html#errors_common_system_errors for more information (ECONNREFUSED).

Proxy error: Could not proxy request /api/Novel/41 from 20.243.208.35:8086 to http://localhost:7080.
See https://nodejs.org/api/errors.html#errors_common_system_errors for more information (ECONNREFUSED).

Proxy error: Could not proxy request /api/Novel/36 from 20.243.208.35:8086 to http://localhost:7080.
See https://nodejs.org/api/errors.html#errors_common_system_errors for more information (ECONNREFUSED).

Proxy error: Could not proxy request /api/Novel/35 from 20.243.208.35:8086 to http://localhost:7080.
See https://nodejs.org/api/errors.html#errors_common_system_errors for more information (ECONNREFUSED).

Proxy error: Could not proxy request /api/Novel/37 from 20.243.208.35:8086 to http://localhost:7080.
See https://nodejs.org/api/errors.html#errors_common_system_errors for more information (ECONNREFUSED).

Proxy error: Could not proxy request /api/Novel/33 from 20.243.208.35:8086 to http://localhost:7080.
See https://nodejs.org/api/errors.html#errors_common_system_errors for more information (ECONNREFUSED).

Proxy error: Could not proxy request /api/Novel/32 from 20.243.208.35:8086 to http://localhost:7080.
See https://nodejs.org/api/errors.html#errors_common_system_errors for more information (ECONNREFUSED).

Proxy error: Could not proxy request /api/Novel/34 from 20.243.208.35:8086 to http://localhost:7080.
See https://nodejs.org/api/errors.html#errors_common_system_errors for more information (ECONNREFUSED).

Proxy error: Could not proxy request /api/Novel/38 from 20.243.208.35:8086 to http://localhost:7080.
See https://nodejs.org/api/errors.html#errors_common_system_errors for more information (ECONNREFUSED).

Proxy error: Could not proxy request /api/Category from 20.243.208.35:8086 to http://localhost:7080.
See https://nodejs.org/api/errors.html#errors_common_system_errors for more information (ECONNREFUSED).

Proxy error: Could not proxy request /ws/notifications?userId=9 from 20.243.208.35:8086 to ws://localhost:7080.
See https://nodejs.org/api/errors.html#errors_common_system_errors for more information (ECONNREFUSED).

Proxy error: Could not proxy request /ws/notifications?userId=9 from 20.243.208.35:8086 to ws://localhost:7080.
See https://nodejs.org/api/errors.html#errors_common_system_errors for more information (ECONNREFUSED).

Proxy error: Could not proxy request /api/Novel/published/filter-by-id?page=1&pageSize=10 from 20.243.208.35:8086 to http://localhost:7080.
See https://nodejs.org/api/errors.html#errors_common_system_errors for more information (ECONNREFUSED).

Proxy error: Could not proxy request /ws/notifications?userId=9 from 20.243.208.35:8086 to ws://localhost:7080.
See https://nodejs.org/api/errors.html#errors_common_system_errors for more information (ECONNREFUSED).

Proxy error: Could not proxy request /ws/notifications?userId=9 from 20.243.208.35:8086 to ws://localhost:7080.
See https://nodejs.org/api/errors.html#errors_common_system_errors for more information (ECONNREFUSED).

Proxy error: Could not proxy request /ws/notifications?userId=9 from 20.243.208.35:8086 to ws://localhost:7080.
See https://nodejs.org/api/errors.html#errors_common_system_errors for more information (ECONNREFUSED).

Proxy error: Could not proxy request /ws/notifications?userId=9 from 20.243.208.35:8086 to ws://localhost:7080.
See https://nodejs.org/api/errors.html#errors_common_system_errors for more information (ECONNREFUSED).

Proxy error: Could not proxy request /ws/notifications?userId=9 from 20.243.208.35:8086 to ws://localhost:7080.
See https://nodejs.org/api/errors.html#errors_common_system_errors for more information (ECONNREFUSED).

Proxy error: Could not proxy request /ws/notifications?userId=9 from 20.243.208.35:8086 to ws://localhost:7080.
See https://nodejs.org/api/errors.html#errors_common_system_errors for more information (ECONNREFUSED).

Proxy error: Could not proxy request /ws/notifications?userId=9 from 20.243.208.35:8086 to ws://localhost:7080.
See https://nodejs.org/api/errors.html#errors_common_system_errors for more information (ECONNREFUSED).

Proxy error: Could not proxy request /ws/notifications?userId=9 from 20.243.208.35:8086 to ws://localhost:7080.
See https://nodejs.org/api/errors.html#errors_common_system_errors for more information (ECONNREFUSED).

 WAIT  Compiling...8:27:37 AM

Compiling...

[2K[1A[2K[G[1%] cache (end idle)
[2K[1A[2K[G[3%] setup (watch run)
[2K[1A[2K[G[3%] setup (watch run vue-loader-plugin)
[2K[1A[2K[G[3%] setup (watch run ESLintWebpackPlugin_1)
[2K[1A[2K[G[3%] setup (watch run webpack-dev-middleware)
[2K[1A[2K[G[3%] setup (watch run)
[2K[1A[2K[G[4%] setup (normal module factory)
[2K[1A[2K[G[4%] setup (normal module factory CaseSensitivePathsPlugin)
[2K[1A[2K[G[4%] setup (normal module factory)
[2K[1A[2K[G[5%] setup (context module factory)
[2K[1A[2K[G[6%] setup (before compile)
[2K[1A[2K[G[6%] setup (before compile ProgressPlugin)
[2K[1A[2K[G[6%] setup (before compile)
[2K[1A[2K[G[7%] setup (compile)
[2K[1A[2K[G[7%] setup (compile ExternalsPlugin)
[2K[1A[2K[G[7%] setup (compile)
[2K[1A[2K[G[8%] setup (compilation)
[2K[1A[2K[G[8%] setup (compilation HtmlWebpackPlugin)
[2K[1A[2K[G[8%] setup (compilation CopyPlugin)
[2K[1A[2K[G[8%] setup (compilation ArrayPushCallbackChunkFormatPlugin)
[2K[1A[2K[G[8%] setup (compilation JsonpChunkLoadingPlugin)
[2K[1A[2K[G[8%] setup (compilation StartupChunkDependenciesPlugin)
[2K[1A[2K[G[8%] setup (compilation ImportScriptsChunkLoadingPlugin)
[2K[1A[2K[G[8%] setup (compilation WorkerPlugin)
[2K[1A[2K[G[8%] setup (compilation SplitChunksPlugin)
[2K[1A[2K[G[8%] setup (compilation ResolverCachePlugin)
[2K[1A[2K[G[8%] setup (compilation)
[2K[1A[2K[G[9%] setup (compilation)
[2K[1A[2K[G[9%] setup (compilation vue-loader-plugin)
[2K[1A[2K[G[9%] setup (compilation DefinePlugin)
[2K[1A[2K[G[9%] setup (compilation ProgressPlugin)
[2K[1A[2K[G[9%] setup (compilation EntryPlugin)
[2K[1A[2K[G[9%] setup (compilation ChunkPrefetchPreloadPlugin)
[2K[1A[2K[G[9%] setup (compilation ModuleInfoHeaderPlugin)
[2K[1A[2K[G[9%] setup (compilation EvalSourceMapDevToolPlugin)
[2K[1A[2K[G[9%] setup (compilation JavascriptModulesPlugin)
[2K[1A[2K[G[9%] setup (compilation JsonModulesPlugin)
[2K[1A[2K[G[9%] setup (compilation AssetModulesPlugin)
[2K[1A[2K[G[9%] setup (compilation EntryPlugin)
[2K[1A[2K[G[9%] setup (compilation RuntimePlugin)
[2K[1A[2K[G[9%] setup (compilation InferAsyncModulesPlugin)
[2K[1A[2K[G[9%] setup (compilation DataUriPlugin)
[2K[1A[2K[G[9%] setup (compilation FileUriPlugin)
[2K[1A[2K[G[9%] setup (compilation CompatibilityPlugin)
[2K[1A[2K[G[9%] setup (compilation HarmonyModulesPlugin)
[2K[1A[2K[G[9%] setup (compilation AMDPlugin)
[2K[1A[2K[G[9%] setup (compilation RequireJsStuffPlugin)
[2K[1A[2K[G[9%] setup (compilation CommonJsPlugin)
[2K[1A[2K[G[9%] setup (compilation LoaderPlugin)
[2K[1A[2K[G[9%] setup (compilation NodeStuffPlugin)
[2K[1A[2K[G[9%] setup (compilation APIPlugin)
[2K[1A[2K[G[9%] setup (compilation ExportsInfoApiPlugin)
[2K[1A[2K[G[9%] setup (compilation WebpackIsIncludedPlugin)
[2K[1A[2K[G[9%] setup (compilation ConstPlugin)
[2K[1A[2K[G[9%] setup (compilation UseStrictPlugin)
[2K[1A[2K[G[9%] setup (compilation RequireIncludePlugin)
[2K[1A[2K[G[9%] setup (compilation RequireEnsurePlugin)
[2K[1A[2K[G[9%] setup (compilation RequireContextPlugin)
[2K[1A[2K[G[9%] setup (compilation ImportPlugin)
[2K[1A[2K[G[9%] setup (compilation ImportMetaContextPlugin)
[2K[1A[2K[G[9%] setup (compilation SystemPlugin)
[2K[1A[2K[G[9%] setup (compilation ImportMetaPlugin)
[2K[1A[2K[G[9%] setup (compilation URLPlugin)
[2K[1A[2K[G[9%] setup (compilation DefaultStatsFactoryPlugin)
[2K[1A[2K[G[9%] setup (compilation DefaultStatsPresetPlugin)
[2K[1A[2K[G[9%] setup (compilation DefaultStatsPrinterPlugin)
[2K[1A[2K[G[9%] setup (compilation JavascriptMetaInfoPlugin)
[2K[1A[2K[G[9%] setup (compilation EnsureChunkConditionsPlugin)
[2K[1A[2K[G[9%] setup (compilation RemoveEmptyChunksPlugin)
[2K[1A[2K[G[9%] setup (compilation MergeDuplicateChunksPlugin)
[2K[1A[2K[G[9%] setup (compilation SideEffectsFlagPlugin)
[2K[1A[2K[G[9%] setup (compilation FlagDependencyExportsPlugin)
[2K[1A[2K[G[9%] setup (compilation NamedModuleIdsPlugin)
[2K[1A[2K[G[9%] setup (compilation NamedChunkIdsPlugin)
[2K[1A[2K[G[9%] setup (compilation DefinePlugin)
[2K[1A[2K[G[9%] setup (compilation TemplatedPathPlugin)
[2K[1A[2K[G[9%] setup (compilation RecordIdsPlugin)
[2K[1A[2K[G[9%] setup (compilation WarnCaseSensitiveModulesPlugin)
[2K[1A[2K[G[9%] setup (compilation EntryPlugin)
[2K[1A[2K[G[9%] setup (compilation ProvidePlugin)
[2K[1A[2K[G[9%] setup (compilation HotModuleReplacementPlugin)
[2K[1A[2K[G[9%] setup (compilation ProgressPlugin)
[2K[1A[2K[G[9%] setup (compilation ESLintWebpackPlugin_1)
[2K[1A[2K[G[9%] setup (compilation)
[2K[1A[2K[G[10%] building 
[2K[1A[2K[G[10%] building (0/0 modules)
[2K[1A[2K[G[24%] building (14/7 modules)
[2K[1A[2K[G[38%] building (160/183 modules)
[2K[1A[2K[G[51%] building (327/491 modules)
[2K[1A[2K[G[51%] building (import loader vue-loader/dist/index.js)
[2K[1A[2K[G[51%] building (1493/622 modules)
[2K[1A[2K[G[51%] building (import loader babel-loader/lib/index.js)
[2K[1A[2K[G[51%] building (import loader vue-loader/dist/templateLoader.js)
[2K[1A[2K[G[51%] building (1493/629 modules)
[2K[1A[2K[G[51%] building (import loader css-loader/dist/cjs.js)
[2K[1A[2K[G[51%] building (import loader vue-loader/dist/stylePostLoader.js)
[2K[1A[2K[G[51%] building (import loader postcss-loader/dist/cjs.js)
[2K[1A[2K[G[51%] building (1493/630 modules)
[2K[1A[2K[G[51%] building (1500/648 modules)
[2K[1A[2K[G[65%] building (1514/650 modules)
[2K[1A[2K[G[65%] building 
[2K[1A[2K[G[69%] building (finish)
[2K[1A[2K[G[70%] sealing (finish module graph)
[2K[1A[2K[G[70%] sealing (finish module graph ResolverCachePlugin)
[2K[1A[2K[G[70%] sealing (finish module graph InferAsyncModulesPlugin)
[2K[1A[2K[G[70%] sealing (finish module graph FlagDependencyExportsPlugin)
[2K[1A[2K[G[70%] sealing (finish module graph ESLintWebpackPlugin_1)
[2K[1A[2K[G[70%] sealing (finish module graph)
[2K[1A[2K[G[71%] sealing (plugins)
[2K[1A[2K[G[71%] sealing (plugins WarnCaseSensitiveModulesPlugin)
[2K[1A[2K[G[71%] sealing (plugins)
[2K[1A[2K[G[71%] sealing (dependencies optimization)
[2K[1A[2K[G[71%] sealing (dependencies optimization SideEffectsFlagPlugin)
[2K[1A[2K[G[71%] sealing (dependencies optimization)
[2K[1A[2K[G[72%] sealing (after dependencies optimization)
[2K[1A[2K[G[73%] sealing (chunk graph)
[2K[1A[2K[G[73%] sealing (after chunk graph)
[2K[1A[2K[G[74%] sealing (optimizing)
[2K[1A[2K[G[74%] sealing (module optimization)
[2K[1A[2K[G[75%] sealing (after module optimization)
[2K[1A[2K[G[76%] sealing (chunk optimization)
[2K[1A[2K[G[76%] sealing (chunk optimization EnsureChunkConditionsPlugin)
[2K[1A[2K[G[76%] sealing (chunk optimization RemoveEmptyChunksPlugin)
[2K[1A[2K[G[76%] sealing (chunk optimization MergeDuplicateChunksPlugin)
[2K[1A[2K[G[76%] sealing (chunk optimization SplitChunksPlugin)
[2K[1A[2K[G[76%] sealing (chunk optimization RemoveEmptyChunksPlugin)
[2K[1A[2K[G[76%] sealing (chunk optimization)
[2K[1A[2K[G[76%] sealing (after chunk optimization)
[2K[1A[2K[G[77%] sealing (module and chunk tree optimization)
[2K[1A[2K[G[77%] sealing (module and chunk tree optimization PersistentChildCompilerSinglet
onPlugin)
[2K[1A[2K[1A[2K[G[77%] sealing (module and chunk tree optimization)
[2K[1A[2K[G[78%] sealing (after module and chunk tree optimization)
[2K[1A[2K[G[78%] sealing (chunk modules optimization)
[2K[1A[2K[G[79%] sealing (after chunk modules optimization)
[2K[1A[2K[G[80%] sealing (module reviving)
[2K[1A[2K[G[80%] sealing (module reviving RecordIdsPlugin)
[2K[1A[2K[G[80%] sealing (module reviving)
[2K[1A[2K[G[80%] sealing (before module ids)
[2K[1A[2K[G[81%] sealing (module ids)
[2K[1A[2K[G[81%] sealing (module ids NamedModuleIdsPlugin)
[2K[1A[2K[G[81%] sealing (module ids)
[2K[1A[2K[G[82%] sealing (module id optimization)
[2K[1A[2K[G[82%] sealing (module id optimization)
[2K[1A[2K[G[83%] sealing (chunk reviving)
[2K[1A[2K[G[83%] sealing (chunk reviving RecordIdsPlugin)
[2K[1A[2K[G[83%] sealing (chunk reviving)
[2K[1A[2K[G[83%] sealing (before chunk ids)
[2K[1A[2K[G[84%] sealing (chunk ids)
[2K[1A[2K[G[84%] sealing (chunk ids NamedChunkIdsPlugin)
[2K[1A[2K[G[84%] sealing (chunk ids)
[2K[1A[2K[G[85%] sealing (chunk id optimization)
[2K[1A[2K[G[85%] sealing (after chunk id optimization)
[2K[1A[2K[G[86%] sealing (record modules)
[2K[1A[2K[G[86%] sealing (record modules RecordIdsPlugin)
[2K[1A[2K[G[86%] sealing (record modules)
[2K[1A[2K[G[87%] sealing (record chunks)
[2K[1A[2K[G[87%] sealing (record chunks RecordIdsPlugin)
[2K[1A[2K[G[87%] sealing (record chunks)
[2K[1A[2K[G[87%] sealing (module hashing)
[2K[1A[2K[G[88%] sealing (code generation)
[2K[1A[2K[G[89%] sealing (runtime requirements)
[2K[1A[2K[G[89%] sealing (hashing)
[2K[1A[2K[G[90%] sealing (after hashing)
[2K[1A[2K[G[91%] sealing (record hash)
[2K[1A[2K[G[91%] sealing (module assets processing)
[2K[1A[2K[G[92%] sealing (chunk assets processing)
[2K[1A[2K[G[92%] sealing (asset processing)
[2K[1A[2K[G[92%] sealing (asset processing copy-webpack-plugin)
[2K[1A[2K[G[92%] sealing (asset processing HotModuleReplacementPlugin)
[2K[1A[2K[G[92%] sealing (asset processing ESLintWebpackPlugin_1)
[2K[1A[2K[G[92%] sealing (asset processing PersistentChildCompilerSingletonPlugin)
[2K[1A[2K[G[92%] sealing (asset processing HtmlWebpackPlugin)
[2K[1A[2K[G[92%] sealing (asset processing)
[2K[1A[2K[G[93%] sealing (after asset optimization)
[2K[1A[2K[G[94%] sealing (recording)
[2K[1A[2K[G[94%] sealing (recording HotModuleReplacementPlugin)
[2K[1A[2K[G[94%] sealing (recording)
[2K[1A[2K[G[94%] sealing (after seal)
[2K[1A[2K[G[95%] emitting (emit)
[2K[1A[2K[G[98%] emitting (after emit)
[2K[1A[2K[GBuild finished at 08:27:39 by 0.000s
[2K[1A[2K[GBuild finished at 08:27:39 by 0.000s
[2K[1A[2K[GBuild finished at 08:27:39 by 0.000s
[2K[1A[2K[G ERROR  Failed to compile with 1 error8:27:39 AM

[eslint] 
/home/zhx/TJNovel/frontend/src/Novels/Novel_Search.vue
  93:10  error  'searchNovels' is defined but never used  no-unused-vars

/home/zhx/TJNovel/frontend/src/Novels/SearchChapterCard.vue
  21:15  error  'defineProps' is not defined  no-undef

✖ 2 problems (2 errors, 0 warnings)


You may use special comments to disable some warnings.
Use // eslint-disable-next-line to ignore the next line.
Use /* eslint-disable */ to ignore all warnings in a file.
Build finished at 08:27:39 by 0.000s
[2K[1A[2K[GBuild finished at 08:27:39 by 0.000s
[2K[1A[2K[GBuild finished at 08:27:39 by 0.000s
[2K[1A[2K[GBuild finished at 08:27:39 by 0.000s
[2K[1A[2K[GBuild finished at 08:27:39 by 0.000s
[2K[1A[2K[GBuild finished at 08:27:39 by 0.000s
[2K[1A[2K[GBuild finished at 08:27:39 by 0.000s
[2K[1A[2K[GBuild finished at 08:27:39 by 0.000s
[2K[1A[2K[GBuild finished at 08:27:39 by 0.000s
[2K[1A[2K[GERROR in [eslint] 
/home/zhx/TJNovel/frontend/src/Novels/Novel_Search.vue
  93:10  error  'searchNovels' is defined but never used  no-unused-vars

/home/zhx/TJNovel/frontend/src/Novels/SearchChapterCard.vue
  21:15  error  'defineProps' is not defined  no-undef

✖ 2 problems (2 errors, 0 warnings)

webpack compiled with 1 error
 WAIT  Compiling...8:29:39 AM

Compiling...

[2K[1A[2K[G[1%] cache (end idle)
[2K[1A[2K[G[3%] setup (watch run)
[2K[1A[2K[G[3%] setup (watch run vue-loader-plugin)
[2K[1A[2K[G[3%] setup (watch run ESLintWebpackPlugin_1)
[2K[1A[2K[G[3%] setup (watch run webpack-dev-middleware)
[2K[1A[2K[G[3%] setup (watch run)
[2K[1A[2K[G[4%] setup (normal module factory)
[2K[1A[2K[G[4%] setup (normal module factory CaseSensitivePathsPlugin)
[2K[1A[2K[G[4%] setup (normal module factory)
[2K[1A[2K[G[5%] setup (context module factory)
[2K[1A[2K[G[6%] setup (before compile)
[2K[1A[2K[G[6%] setup (before compile ProgressPlugin)
[2K[1A[2K[G[6%] setup (before compile)
[2K[1A[2K[G[7%] setup (compile)
[2K[1A[2K[G[7%] setup (compile ExternalsPlugin)
[2K[1A[2K[G[7%] setup (compile)
[2K[1A[2K[G[8%] setup (compilation)
[2K[1A[2K[G[8%] setup (compilation HtmlWebpackPlugin)
[2K[1A[2K[G[8%] setup (compilation CopyPlugin)
[2K[1A[2K[G[8%] setup (compilation ArrayPushCallbackChunkFormatPlugin)
[2K[1A[2K[G[8%] setup (compilation JsonpChunkLoadingPlugin)
[2K[1A[2K[G[8%] setup (compilation StartupChunkDependenciesPlugin)
[2K[1A[2K[G[8%] setup (compilation ImportScriptsChunkLoadingPlugin)
[2K[1A[2K[G[8%] setup (compilation WorkerPlugin)
[2K[1A[2K[G[8%] setup (compilation SplitChunksPlugin)
[2K[1A[2K[G[8%] setup (compilation ResolverCachePlugin)
[2K[1A[2K[G[8%] setup (compilation)
[2K[1A[2K[G[9%] setup (compilation)
[2K[1A[2K[G[9%] setup (compilation vue-loader-plugin)
[2K[1A[2K[G[9%] setup (compilation DefinePlugin)
[2K[1A[2K[G[9%] setup (compilation ProgressPlugin)
[2K[1A[2K[G[9%] setup (compilation EntryPlugin)
[2K[1A[2K[G[9%] setup (compilation ChunkPrefetchPreloadPlugin)
[2K[1A[2K[G[9%] setup (compilation ModuleInfoHeaderPlugin)
[2K[1A[2K[G[9%] setup (compilation EvalSourceMapDevToolPlugin)
[2K[1A[2K[G[9%] setup (compilation JavascriptModulesPlugin)
[2K[1A[2K[G[9%] setup (compilation JsonModulesPlugin)
[2K[1A[2K[G[9%] setup (compilation AssetModulesPlugin)
[2K[1A[2K[G[9%] setup (compilation EntryPlugin)
[2K[1A[2K[G[9%] setup (compilation RuntimePlugin)
[2K[1A[2K[G[9%] setup (compilation InferAsyncModulesPlugin)
[2K[1A[2K[G[9%] setup (compilation DataUriPlugin)
[2K[1A[2K[G[9%] setup (compilation FileUriPlugin)
[2K[1A[2K[G[9%] setup (compilation CompatibilityPlugin)
[2K[1A[2K[G[9%] setup (compilation HarmonyModulesPlugin)
[2K[1A[2K[G[9%] setup (compilation AMDPlugin)
[2K[1A[2K[G[9%] setup (compilation RequireJsStuffPlugin)
[2K[1A[2K[G[9%] setup (compilation CommonJsPlugin)
[2K[1A[2K[G[9%] setup (compilation LoaderPlugin)
[2K[1A[2K[G[9%] setup (compilation NodeStuffPlugin)
[2K[1A[2K[G[9%] setup (compilation APIPlugin)
[2K[1A[2K[G[9%] setup (compilation ExportsInfoApiPlugin)
[2K[1A[2K[G[9%] setup (compilation WebpackIsIncludedPlugin)
[2K[1A[2K[G[9%] setup (compilation ConstPlugin)
[2K[1A[2K[G[9%] setup (compilation UseStrictPlugin)
[2K[1A[2K[G[9%] setup (compilation RequireIncludePlugin)
[2K[1A[2K[G[9%] setup (compilation RequireEnsurePlugin)
[2K[1A[2K[G[9%] setup (compilation RequireContextPlugin)
[2K[1A[2K[G[9%] setup (compilation ImportPlugin)
[2K[1A[2K[G[9%] setup (compilation ImportMetaContextPlugin)
[2K[1A[2K[G[9%] setup (compilation SystemPlugin)
[2K[1A[2K[G[9%] setup (compilation ImportMetaPlugin)
[2K[1A[2K[G[9%] setup (compilation URLPlugin)
[2K[1A[2K[G[9%] setup (compilation DefaultStatsFactoryPlugin)
[2K[1A[2K[G[9%] setup (compilation DefaultStatsPresetPlugin)
[2K[1A[2K[G[9%] setup (compilation DefaultStatsPrinterPlugin)
[2K[1A[2K[G[9%] setup (compilation JavascriptMetaInfoPlugin)
[2K[1A[2K[G[9%] setup (compilation EnsureChunkConditionsPlugin)
[2K[1A[2K[G[9%] setup (compilation RemoveEmptyChunksPlugin)
[2K[1A[2K[G[9%] setup (compilation MergeDuplicateChunksPlugin)
[2K[1A[2K[G[9%] setup (compilation SideEffectsFlagPlugin)
[2K[1A[2K[G[9%] setup (compilation FlagDependencyExportsPlugin)
[2K[1A[2K[G[9%] setup (compilation NamedModuleIdsPlugin)
[2K[1A[2K[G[9%] setup (compilation NamedChunkIdsPlugin)
[2K[1A[2K[G[9%] setup (compilation DefinePlugin)
[2K[1A[2K[G[9%] setup (compilation TemplatedPathPlugin)
[2K[1A[2K[G[9%] setup (compilation RecordIdsPlugin)
[2K[1A[2K[G[9%] setup (compilation WarnCaseSensitiveModulesPlugin)
[2K[1A[2K[G[9%] setup (compilation EntryPlugin)
[2K[1A[2K[G[9%] setup (compilation ProvidePlugin)
[2K[1A[2K[G[9%] setup (compilation HotModuleReplacementPlugin)
[2K[1A[2K[G[9%] setup (compilation ProgressPlugin)
[2K[1A[2K[G[9%] setup (compilation ESLintWebpackPlugin_1)
[2K[1A[2K[G[9%] setup (compilation)
[2K[1A[2K[G[10%] building 
[2K[1A[2K[G[10%] building (0/0 modules)
[2K[1A[2K[G[24%] building (13/6 modules)
[2K[1A[2K[G[38%] building (14/6 modules)
[2K[1A[2K[G[51%] building (308/470 modules)
[2K[1A[2K[G[51%] building (import loader vue-loader/dist/index.js)
[2K[1A[2K[G[51%] building (1479/608 modules)
[2K[1A[2K[G[51%] building (import loader babel-loader/lib/index.js)
[2K[1A[2K[G[51%] building (import loader vue-loader/dist/templateLoader.js)
[2K[1A[2K[G[51%] building (1479/615 modules)
[2K[1A[2K[G[51%] building (import loader css-loader/dist/cjs.js)
[2K[1A[2K[G[51%] building (import loader vue-loader/dist/stylePostLoader.js)
[2K[1A[2K[G[51%] building (import loader postcss-loader/dist/cjs.js)
[2K[1A[2K[G[51%] building (1479/616 modules)
[2K[1A[2K[G[65%] building (1514/648 modules)
[2K[1A[2K[G[65%] building 
[2K[1A[2K[G[69%] building (finish)
[2K[1A[2K[G[70%] sealing (finish module graph)
[2K[1A[2K[G[70%] sealing (finish module graph ResolverCachePlugin)
[2K[1A[2K[G[70%] sealing (finish module graph InferAsyncModulesPlugin)
[2K[1A[2K[G[70%] sealing (finish module graph FlagDependencyExportsPlugin)
[2K[1A[2K[G[70%] sealing (finish module graph ESLintWebpackPlugin_1)
[2K[1A[2K[G[70%] sealing (finish module graph)
[2K[1A[2K[G[71%] sealing (plugins)
[2K[1A[2K[G[71%] sealing (plugins WarnCaseSensitiveModulesPlugin)
[2K[1A[2K[G[71%] sealing (plugins)
[2K[1A[2K[G[71%] sealing (dependencies optimization)
[2K[1A[2K[G[71%] sealing (dependencies optimization SideEffectsFlagPlugin)
[2K[1A[2K[G[71%] sealing (dependencies optimization)
[2K[1A[2K[G[72%] sealing (after dependencies optimization)
[2K[1A[2K[G[73%] sealing (chunk graph)
[2K[1A[2K[G[73%] sealing (after chunk graph)
[2K[1A[2K[G[74%] sealing (optimizing)
[2K[1A[2K[G[74%] sealing (module optimization)
[2K[1A[2K[G[75%] sealing (after module optimization)
[2K[1A[2K[G[76%] sealing (chunk optimization)
[2K[1A[2K[G[76%] sealing (chunk optimization EnsureChunkConditionsPlugin)
[2K[1A[2K[G[76%] sealing (chunk optimization RemoveEmptyChunksPlugin)
[2K[1A[2K[G[76%] sealing (chunk optimization MergeDuplicateChunksPlugin)
[2K[1A[2K[G[76%] sealing (chunk optimization SplitChunksPlugin)
[2K[1A[2K[G[76%] sealing (chunk optimization RemoveEmptyChunksPlugin)
[2K[1A[2K[G[76%] sealing (chunk optimization)
[2K[1A[2K[G[76%] sealing (after chunk optimization)
[2K[1A[2K[G[77%] sealing (module and chunk tree optimization)
[2K[1A[2K[G[77%] sealing (module and chunk tree optimization PersistentChildCompilerSinglet
onPlugin)
[2K[1A[2K[1A[2K[G[77%] sealing (module and chunk tree optimization)
[2K[1A[2K[G[78%] sealing (after module and chunk tree optimization)
[2K[1A[2K[G[78%] sealing (chunk modules optimization)
[2K[1A[2K[G[79%] sealing (after chunk modules optimization)
[2K[1A[2K[G[80%] sealing (module reviving)
[2K[1A[2K[G[80%] sealing (module reviving RecordIdsPlugin)
[2K[1A[2K[G[80%] sealing (module reviving)
[2K[1A[2K[G[80%] sealing (before module ids)
[2K[1A[2K[G[81%] sealing (module ids)
[2K[1A[2K[G[81%] sealing (module ids NamedModuleIdsPlugin)
[2K[1A[2K[G[81%] sealing (module ids)
[2K[1A[2K[G[82%] sealing (module id optimization)
[2K[1A[2K[G[82%] sealing (module id optimization)
[2K[1A[2K[G[83%] sealing (chunk reviving)
[2K[1A[2K[G[83%] sealing (chunk reviving RecordIdsPlugin)
[2K[1A[2K[G[83%] sealing (chunk reviving)
[2K[1A[2K[G[83%] sealing (before chunk ids)
[2K[1A[2K[G[84%] sealing (chunk ids)
[2K[1A[2K[G[84%] sealing (chunk ids NamedChunkIdsPlugin)
[2K[1A[2K[G[84%] sealing (chunk ids)
[2K[1A[2K[G[85%] sealing (chunk id optimization)
[2K[1A[2K[G[85%] sealing (after chunk id optimization)
[2K[1A[2K[G[86%] sealing (record modules)
[2K[1A[2K[G[86%] sealing (record modules RecordIdsPlugin)
[2K[1A[2K[G[86%] sealing (record modules)
[2K[1A[2K[G[87%] sealing (record chunks)
[2K[1A[2K[G[87%] sealing (record chunks RecordIdsPlugin)
[2K[1A[2K[G[87%] sealing (record chunks)
[2K[1A[2K[G[87%] sealing (module hashing)
[2K[1A[2K[G[88%] sealing (code generation)
[2K[1A[2K[G[89%] sealing (runtime requirements)
[2K[1A[2K[G[89%] sealing (hashing)
[2K[1A[2K[G[90%] sealing (after hashing)
[2K[1A[2K[G[91%] sealing (record hash)
[2K[1A[2K[G[91%] sealing (module assets processing)
[2K[1A[2K[G[92%] sealing (chunk assets processing)
[2K[1A[2K[G[92%] sealing (asset processing)
[2K[1A[2K[G[92%] sealing (asset processing copy-webpack-plugin)
[2K[1A[2K[G[92%] sealing (asset processing HotModuleReplacementPlugin)
[2K[1A[2K[G[92%] sealing (asset processing ESLintWebpackPlugin_1)
[2K[1A[2K[G[92%] sealing (asset processing PersistentChildCompilerSingletonPlugin)
[2K[1A[2K[G[92%] sealing (asset processing HtmlWebpackPlugin)
[2K[1A[2K[G[92%] sealing (asset processing)
[2K[1A[2K[G[93%] sealing (after asset optimization)
[2K[1A[2K[G[94%] sealing (recording)
[2K[1A[2K[G[94%] sealing (recording HotModuleReplacementPlugin)
[2K[1A[2K[G[94%] sealing (recording)
[2K[1A[2K[G[94%] sealing (after seal)
[2K[1A[2K[G[95%] emitting (emit)
[2K[1A[2K[G[98%] emitting (after emit)
[2K[1A[2K[GBuild finished at 08:29:41 by 0.000s
[2K[1A[2K[GBuild finished at 08:29:41 by 0.000s
[2K[1A[2K[GBuild finished at 08:29:41 by 0.000s
[2K[1A[2K[G ERROR  Failed to compile with 1 error8:29:41 AM

[eslint] 
/home/zhx/TJNovel/frontend/src/Novels/SearchChapterCard.vue
  21:15  error  'defineProps' is not defined  no-undef

✖ 1 problem (1 error, 0 warnings)


You may use special comments to disable some warnings.
Use // eslint-disable-next-line to ignore the next line.
Use /* eslint-disable */ to ignore all warnings in a file.
Build finished at 08:29:41 by 0.000s
[2K[1A[2K[GBuild finished at 08:29:41 by 0.000s
[2K[1A[2K[GBuild finished at 08:29:41 by 0.000s
[2K[1A[2K[GBuild finished at 08:29:41 by 0.000s
[2K[1A[2K[GBuild finished at 08:29:41 by 0.000s
[2K[1A[2K[GBuild finished at 08:29:41 by 0.000s
[2K[1A[2K[GBuild finished at 08:29:41 by 0.000s
[2K[1A[2K[GBuild finished at 08:29:41 by 0.000s
[2K[1A[2K[GBuild finished at 08:29:41 by 0.000s
[2K[1A[2K[GERROR in [eslint] 
/home/zhx/TJNovel/frontend/src/Novels/SearchChapterCard.vue
  21:15  error  'defineProps' is not defined  no-undef

✖ 1 problem (1 error, 0 warnings)

webpack compiled with 1 error
 WAIT  Compiling...8:29:41 AM

Compiling...

[2K[1A[2K[G[1%] cache (end idle)
[2K[1A[2K[G[3%] setup (watch run)
[2K[1A[2K[G[3%] setup (watch run vue-loader-plugin)
[2K[1A[2K[G[3%] setup (watch run ESLintWebpackPlugin_1)
[2K[1A[2K[G[3%] setup (watch run webpack-dev-middleware)
[2K[1A[2K[G[3%] setup (watch run)
[2K[1A[2K[G[4%] setup (normal module factory)
[2K[1A[2K[G[4%] setup (normal module factory CaseSensitivePathsPlugin)
[2K[1A[2K[G[4%] setup (normal module factory)
[2K[1A[2K[G[5%] setup (context module factory)
[2K[1A[2K[G[6%] setup (before compile)
[2K[1A[2K[G[6%] setup (before compile ProgressPlugin)
[2K[1A[2K[G[6%] setup (before compile)
[2K[1A[2K[G[7%] setup (compile)
[2K[1A[2K[G[7%] setup (compile ExternalsPlugin)
[2K[1A[2K[G[7%] setup (compile)
[2K[1A[2K[G[8%] setup (compilation)
[2K[1A[2K[G[8%] setup (compilation HtmlWebpackPlugin)
[2K[1A[2K[G[8%] setup (compilation CopyPlugin)
[2K[1A[2K[G[8%] setup (compilation ArrayPushCallbackChunkFormatPlugin)
[2K[1A[2K[G[8%] setup (compilation JsonpChunkLoadingPlugin)
[2K[1A[2K[G[8%] setup (compilation StartupChunkDependenciesPlugin)
[2K[1A[2K[G[8%] setup (compilation ImportScriptsChunkLoadingPlugin)
[2K[1A[2K[G[8%] setup (compilation WorkerPlugin)
[2K[1A[2K[G[8%] setup (compilation SplitChunksPlugin)
[2K[1A[2K[G[8%] setup (compilation ResolverCachePlugin)
[2K[1A[2K[G[8%] setup (compilation)
[2K[1A[2K[G[9%] setup (compilation)
[2K[1A[2K[G[9%] setup (compilation vue-loader-plugin)
[2K[1A[2K[G[9%] setup (compilation DefinePlugin)
[2K[1A[2K[G[9%] setup (compilation ProgressPlugin)
[2K[1A[2K[G[9%] setup (compilation EntryPlugin)
[2K[1A[2K[G[9%] setup (compilation ChunkPrefetchPreloadPlugin)
[2K[1A[2K[G[9%] setup (compilation ModuleInfoHeaderPlugin)
[2K[1A[2K[G[9%] setup (compilation EvalSourceMapDevToolPlugin)
[2K[1A[2K[G[9%] setup (compilation JavascriptModulesPlugin)
[2K[1A[2K[G[9%] setup (compilation JsonModulesPlugin)
[2K[1A[2K[G[9%] setup (compilation AssetModulesPlugin)
[2K[1A[2K[G[9%] setup (compilation EntryPlugin)
[2K[1A[2K[G[9%] setup (compilation RuntimePlugin)
[2K[1A[2K[G[9%] setup (compilation InferAsyncModulesPlugin)
[2K[1A[2K[G[9%] setup (compilation DataUriPlugin)
[2K[1A[2K[G[9%] setup (compilation FileUriPlugin)
[2K[1A[2K[G[9%] setup (compilation CompatibilityPlugin)
[2K[1A[2K[G[9%] setup (compilation HarmonyModulesPlugin)
[2K[1A[2K[G[9%] setup (compilation AMDPlugin)
[2K[1A[2K[G[9%] setup (compilation RequireJsStuffPlugin)
[2K[1A[2K[G[9%] setup (compilation CommonJsPlugin)
[2K[1A[2K[G[9%] setup (compilation LoaderPlugin)
[2K[1A[2K[G[9%] setup (compilation NodeStuffPlugin)
[2K[1A[2K[G[9%] setup (compilation APIPlugin)
[2K[1A[2K[G[9%] setup (compilation ExportsInfoApiPlugin)
[2K[1A[2K[G[9%] setup (compilation WebpackIsIncludedPlugin)
[2K[1A[2K[G[9%] setup (compilation ConstPlugin)
[2K[1A[2K[G[9%] setup (compilation UseStrictPlugin)
[2K[1A[2K[G[9%] setup (compilation RequireIncludePlugin)
[2K[1A[2K[G[9%] setup (compilation RequireEnsurePlugin)
[2K[1A[2K[G[9%] setup (compilation RequireContextPlugin)
[2K[1A[2K[G[9%] setup (compilation ImportPlugin)
[2K[1A[2K[G[9%] setup (compilation ImportMetaContextPlugin)
[2K[1A[2K[G[9%] setup (compilation SystemPlugin)
[2K[1A[2K[G[9%] setup (compilation ImportMetaPlugin)
[2K[1A[2K[G[9%] setup (compilation URLPlugin)
[2K[1A[2K[G[9%] setup (compilation DefaultStatsFactoryPlugin)
[2K[1A[2K[G[9%] setup (compilation DefaultStatsPresetPlugin)
[2K[1A[2K[G[9%] setup (compilation DefaultStatsPrinterPlugin)
[2K[1A[2K[G[9%] setup (compilation JavascriptMetaInfoPlugin)
[2K[1A[2K[G[9%] setup (compilation EnsureChunkConditionsPlugin)
[2K[1A[2K[G[9%] setup (compilation RemoveEmptyChunksPlugin)
[2K[1A[2K[G[9%] setup (compilation MergeDuplicateChunksPlugin)
[2K[1A[2K[G[9%] setup (compilation SideEffectsFlagPlugin)
[2K[1A[2K[G[9%] setup (compilation FlagDependencyExportsPlugin)
[2K[1A[2K[G[9%] setup (compilation NamedModuleIdsPlugin)
[2K[1A[2K[G[9%] setup (compilation NamedChunkIdsPlugin)
[2K[1A[2K[G[9%] setup (compilation DefinePlugin)
[2K[1A[2K[G[9%] setup (compilation TemplatedPathPlugin)
[2K[1A[2K[G[9%] setup (compilation RecordIdsPlugin)
[2K[1A[2K[G[9%] setup (compilation WarnCaseSensitiveModulesPlugin)
[2K[1A[2K[G[9%] setup (compilation EntryPlugin)
[2K[1A[2K[G[9%] setup (compilation ProvidePlugin)
[2K[1A[2K[G[9%] setup (compilation HotModuleReplacementPlugin)
[2K[1A[2K[G[9%] setup (compilation ProgressPlugin)
[2K[1A[2K[G[9%] setup (compilation ESLintWebpackPlugin_1)
[2K[1A[2K[G[9%] setup (compilation)
[2K[1A[2K[G[10%] building 
[2K[1A[2K[G[10%] building (0/0 modules)
[2K[1A[2K[G[24%] building (1/4 modules)
[2K[1A[2K[G[38%] building (81/68 modules)
[2K[1A[2K[G[51%] building (312/496 modules)
[2K[1A[2K[G[51%] building (import loader vue-loader/dist/index.js)
[2K[1A[2K[G[51%] building (1258/633 modules)
[2K[1A[2K[G[51%] building (import loader babel-loader/lib/index.js)
[2K[1A[2K[G[51%] building (import loader vue-loader/dist/templateLoader.js)
[2K[1A[2K[G[51%] building (1501/640 modules)
[2K[1A[2K[G[51%] building (import loader css-loader/dist/cjs.js)
[2K[1A[2K[G[51%] building (import loader vue-loader/dist/stylePostLoader.js)
[2K[1A[2K[G[51%] building (import loader postcss-loader/dist/cjs.js)
[2K[1A[2K[G[51%] building (1501/641 modules)
[2K[1A[2K[G[65%] building (1514/646 modules)
[2K[1A[2K[G[65%] building 
[2K[1A[2K[G[69%] building (finish)
[2K[1A[2K[G[70%] sealing (finish module graph)
[2K[1A[2K[G[70%] sealing (finish module graph ResolverCachePlugin)
[2K[1A[2K[G[70%] sealing (finish module graph InferAsyncModulesPlugin)
[2K[1A[2K[G[70%] sealing (finish module graph FlagDependencyExportsPlugin)
[2K[1A[2K[G[70%] sealing (finish module graph ESLintWebpackPlugin_1)
[2K[1A[2K[G[70%] sealing (finish module graph)
[2K[1A[2K[G[71%] sealing (plugins)
[2K[1A[2K[G[71%] sealing (plugins WarnCaseSensitiveModulesPlugin)
[2K[1A[2K[G[71%] sealing (plugins)
[2K[1A[2K[G[71%] sealing (dependencies optimization)
[2K[1A[2K[G[71%] sealing (dependencies optimization SideEffectsFlagPlugin)
[2K[1A[2K[G[71%] sealing (dependencies optimization)
[2K[1A[2K[G[72%] sealing (after dependencies optimization)
[2K[1A[2K[G[73%] sealing (chunk graph)
[2K[1A[2K[G[73%] sealing (after chunk graph)
[2K[1A[2K[G[74%] sealing (optimizing)
[2K[1A[2K[G[74%] sealing (module optimization)
[2K[1A[2K[G[75%] sealing (after module optimization)
[2K[1A[2K[G[76%] sealing (chunk optimization)
[2K[1A[2K[G[76%] sealing (chunk optimization EnsureChunkConditionsPlugin)
[2K[1A[2K[G[76%] sealing (chunk optimization RemoveEmptyChunksPlugin)
[2K[1A[2K[G[76%] sealing (chunk optimization MergeDuplicateChunksPlugin)
[2K[1A[2K[G[76%] sealing (chunk optimization SplitChunksPlugin)
[2K[1A[2K[G[76%] sealing (chunk optimization RemoveEmptyChunksPlugin)
[2K[1A[2K[G[76%] sealing (chunk optimization)
[2K[1A[2K[G[76%] sealing (after chunk optimization)
[2K[1A[2K[G[77%] sealing (module and chunk tree optimization)
[2K[1A[2K[G[77%] sealing (module and chunk tree optimization PersistentChildCompilerSinglet
onPlugin)
[2K[1A[2K[1A[2K[G[77%] sealing (module and chunk tree optimization)
[2K[1A[2K[G[78%] sealing (after module and chunk tree optimization)
[2K[1A[2K[G[78%] sealing (chunk modules optimization)
[2K[1A[2K[G[79%] sealing (after chunk modules optimization)
[2K[1A[2K[G[80%] sealing (module reviving)
[2K[1A[2K[G[80%] sealing (module reviving RecordIdsPlugin)
[2K[1A[2K[G[80%] sealing (module reviving)
[2K[1A[2K[G[80%] sealing (before module ids)
[2K[1A[2K[G[81%] sealing (module ids)
[2K[1A[2K[G[81%] sealing (module ids NamedModuleIdsPlugin)
[2K[1A[2K[G[81%] sealing (module ids)
[2K[1A[2K[G[82%] sealing (module id optimization)
[2K[1A[2K[G[82%] sealing (module id optimization)
[2K[1A[2K[G[83%] sealing (chunk reviving)
[2K[1A[2K[G[83%] sealing (chunk reviving RecordIdsPlugin)
[2K[1A[2K[G[83%] sealing (chunk reviving)
[2K[1A[2K[G[83%] sealing (before chunk ids)
[2K[1A[2K[G[84%] sealing (chunk ids)
[2K[1A[2K[G[84%] sealing (chunk ids NamedChunkIdsPlugin)
[2K[1A[2K[G[84%] sealing (chunk ids)
[2K[1A[2K[G[85%] sealing (chunk id optimization)
[2K[1A[2K[G[85%] sealing (after chunk id optimization)
[2K[1A[2K[G[86%] sealing (record modules)
[2K[1A[2K[G[86%] sealing (record modules RecordIdsPlugin)
[2K[1A[2K[G[86%] sealing (record modules)
[2K[1A[2K[G[87%] sealing (record chunks)
[2K[1A[2K[G[87%] sealing (record chunks RecordIdsPlugin)
[2K[1A[2K[G[87%] sealing (record chunks)
[2K[1A[2K[G[87%] sealing (module hashing)
[2K[1A[2K[G[88%] sealing (code generation)
[2K[1A[2K[G[89%] sealing (runtime requirements)
[2K[1A[2K[G[89%] sealing (hashing)
[2K[1A[2K[G[90%] sealing (after hashing)
[2K[1A[2K[G[91%] sealing (record hash)
[2K[1A[2K[G[91%] sealing (module assets processing)
[2K[1A[2K[G[92%] sealing (chunk assets processing)
[2K[1A[2K[G[92%] sealing (asset processing)
[2K[1A[2K[G[92%] sealing (asset processing copy-webpack-plugin)
[2K[1A[2K[G[92%] sealing (asset processing HotModuleReplacementPlugin)
[2K[1A[2K[G[92%] sealing (asset processing ESLintWebpackPlugin_1)
[2K[1A[2K[G[92%] sealing (asset processing PersistentChildCompilerSingletonPlugin)
[2K[1A[2K[G[92%] sealing (asset processing HtmlWebpackPlugin)
[2K[1A[2K[G[92%] sealing (asset processing)
[2K[1A[2K[G[93%] sealing (after asset optimization)
[2K[1A[2K[G[94%] sealing (recording)
[2K[1A[2K[G[94%] sealing (recording HotModuleReplacementPlugin)
[2K[1A[2K[G[94%] sealing (recording)
[2K[1A[2K[G[94%] sealing (after seal)
[2K[1A[2K[G[95%] emitting (emit)
[2K[1A[2K[G[98%] emitting (after emit)
[2K[1A[2K[GBuild finished at 08:29:42 by 0.000s
[2K[1A[2K[GBuild finished at 08:29:42 by 0.000s
[2K[1A[2K[GBuild finished at 08:29:42 by 0.000s
[2K[1A[2K[G ERROR  Failed to compile with 1 error8:29:42 AM

[eslint] 
/home/zhx/TJNovel/frontend/src/Novels/SearchChapterCard.vue
  21:15  error  'defineProps' is not defined  no-undef

✖ 1 problem (1 error, 0 warnings)


You may use special comments to disable some warnings.
Use // eslint-disable-next-line to ignore the next line.
Use /* eslint-disable */ to ignore all warnings in a file.
Build finished at 08:29:42 by 0.000s
[2K[1A[2K[GBuild finished at 08:29:42 by 0.000s
[2K[1A[2K[GBuild finished at 08:29:42 by 0.000s
[2K[1A[2K[GBuild finished at 08:29:42 by 0.000s
[2K[1A[2K[GBuild finished at 08:29:42 by 0.000s
[2K[1A[2K[GBuild finished at 08:29:42 by 0.000s
[2K[1A[2K[GBuild finished at 08:29:42 by 0.000s
[2K[1A[2K[GBuild finished at 08:29:42 by 0.000s
[2K[1A[2K[GBuild finished at 08:29:42 by 0.000s
[2K[1A[2K[GERROR in [eslint] 
/home/zhx/TJNovel/frontend/src/Novels/SearchChapterCard.vue
  21:15  error  'defineProps' is not defined  no-undef

✖ 1 problem (1 error, 0 warnings)

webpack compiled with 1 error
 WAIT  Compiling...8:30:57 AM

Compiling...

[2K[1A[2K[G[1%] cache (end idle)
[2K[1A[2K[G[3%] setup (watch run)
[2K[1A[2K[G[3%] setup (watch run vue-loader-plugin)
[2K[1A[2K[G[3%] setup (watch run ESLintWebpackPlugin_1)
[2K[1A[2K[G[3%] setup (watch run webpack-dev-middleware)
[2K[1A[2K[G[3%] setup (watch run)
[2K[1A[2K[G[4%] setup (normal module factory)
[2K[1A[2K[G[4%] setup (normal module factory CaseSensitivePathsPlugin)
[2K[1A[2K[G[4%] setup (normal module factory)
[2K[1A[2K[G[5%] setup (context module factory)
[2K[1A[2K[G[6%] setup (before compile)
[2K[1A[2K[G[6%] setup (before compile ProgressPlugin)
[2K[1A[2K[G[6%] setup (before compile)
[2K[1A[2K[G[7%] setup (compile)
[2K[1A[2K[G[7%] setup (compile ExternalsPlugin)
[2K[1A[2K[G[7%] setup (compile)
[2K[1A[2K[G[8%] setup (compilation)
[2K[1A[2K[G[8%] setup (compilation HtmlWebpackPlugin)
[2K[1A[2K[G[8%] setup (compilation CopyPlugin)
[2K[1A[2K[G[8%] setup (compilation ArrayPushCallbackChunkFormatPlugin)
[2K[1A[2K[G[8%] setup (compilation JsonpChunkLoadingPlugin)
[2K[1A[2K[G[8%] setup (compilation StartupChunkDependenciesPlugin)
[2K[1A[2K[G[8%] setup (compilation ImportScriptsChunkLoadingPlugin)
[2K[1A[2K[G[8%] setup (compilation WorkerPlugin)
[2K[1A[2K[G[8%] setup (compilation SplitChunksPlugin)
[2K[1A[2K[G[8%] setup (compilation ResolverCachePlugin)
[2K[1A[2K[G[8%] setup (compilation)
[2K[1A[2K[G[9%] setup (compilation)
[2K[1A[2K[G[9%] setup (compilation vue-loader-plugin)
[2K[1A[2K[G[9%] setup (compilation DefinePlugin)
[2K[1A[2K[G[9%] setup (compilation ProgressPlugin)
[2K[1A[2K[G[9%] setup (compilation EntryPlugin)
[2K[1A[2K[G[9%] setup (compilation ChunkPrefetchPreloadPlugin)
[2K[1A[2K[G[9%] setup (compilation ModuleInfoHeaderPlugin)
[2K[1A[2K[G[9%] setup (compilation EvalSourceMapDevToolPlugin)
[2K[1A[2K[G[9%] setup (compilation JavascriptModulesPlugin)
[2K[1A[2K[G[9%] setup (compilation JsonModulesPlugin)
[2K[1A[2K[G[9%] setup (compilation AssetModulesPlugin)
[2K[1A[2K[G[9%] setup (compilation EntryPlugin)
[2K[1A[2K[G[9%] setup (compilation RuntimePlugin)
[2K[1A[2K[G[9%] setup (compilation InferAsyncModulesPlugin)
[2K[1A[2K[G[9%] setup (compilation DataUriPlugin)
[2K[1A[2K[G[9%] setup (compilation FileUriPlugin)
[2K[1A[2K[G[9%] setup (compilation CompatibilityPlugin)
[2K[1A[2K[G[9%] setup (compilation HarmonyModulesPlugin)
[2K[1A[2K[G[9%] setup (compilation AMDPlugin)
[2K[1A[2K[G[9%] setup (compilation RequireJsStuffPlugin)
[2K[1A[2K[G[9%] setup (compilation CommonJsPlugin)
[2K[1A[2K[G[9%] setup (compilation LoaderPlugin)
[2K[1A[2K[G[9%] setup (compilation NodeStuffPlugin)
[2K[1A[2K[G[9%] setup (compilation APIPlugin)
[2K[1A[2K[G[9%] setup (compilation ExportsInfoApiPlugin)
[2K[1A[2K[G[9%] setup (compilation WebpackIsIncludedPlugin)
[2K[1A[2K[G[9%] setup (compilation ConstPlugin)
[2K[1A[2K[G[9%] setup (compilation UseStrictPlugin)
[2K[1A[2K[G[9%] setup (compilation RequireIncludePlugin)
[2K[1A[2K[G[9%] setup (compilation RequireEnsurePlugin)
[2K[1A[2K[G[9%] setup (compilation RequireContextPlugin)
[2K[1A[2K[G[9%] setup (compilation ImportPlugin)
[2K[1A[2K[G[9%] setup (compilation ImportMetaContextPlugin)
[2K[1A[2K[G[9%] setup (compilation SystemPlugin)
[2K[1A[2K[G[9%] setup (compilation ImportMetaPlugin)
[2K[1A[2K[G[9%] setup (compilation URLPlugin)
[2K[1A[2K[G[9%] setup (compilation DefaultStatsFactoryPlugin)
[2K[1A[2K[G[9%] setup (compilation DefaultStatsPresetPlugin)
[2K[1A[2K[G[9%] setup (compilation DefaultStatsPrinterPlugin)
[2K[1A[2K[G[9%] setup (compilation JavascriptMetaInfoPlugin)
[2K[1A[2K[G[9%] setup (compilation EnsureChunkConditionsPlugin)
[2K[1A[2K[G[9%] setup (compilation RemoveEmptyChunksPlugin)
[2K[1A[2K[G[9%] setup (compilation MergeDuplicateChunksPlugin)
[2K[1A[2K[G[9%] setup (compilation SideEffectsFlagPlugin)
[2K[1A[2K[G[9%] setup (compilation FlagDependencyExportsPlugin)
[2K[1A[2K[G[9%] setup (compilation NamedModuleIdsPlugin)
[2K[1A[2K[G[9%] setup (compilation NamedChunkIdsPlugin)
[2K[1A[2K[G[9%] setup (compilation DefinePlugin)
[2K[1A[2K[G[9%] setup (compilation TemplatedPathPlugin)
[2K[1A[2K[G[9%] setup (compilation RecordIdsPlugin)
[2K[1A[2K[G[9%] setup (compilation WarnCaseSensitiveModulesPlugin)
[2K[1A[2K[G[9%] setup (compilation EntryPlugin)
[2K[1A[2K[G[9%] setup (compilation ProvidePlugin)
[2K[1A[2K[G[9%] setup (compilation HotModuleReplacementPlugin)
[2K[1A[2K[G[9%] setup (compilation ProgressPlugin)
[2K[1A[2K[G[9%] setup (compilation ESLintWebpackPlugin_1)
[2K[1A[2K[G[9%] setup (compilation)
[2K[1A[2K[G[10%] building 
[2K[1A[2K[G[10%] building (0/0 modules)
[2K[1A[2K[G[24%] building (14/7 modules)
[2K[1A[2K[G[38%] building (160/183 modules)
[2K[1A[2K[G[51%] building (326/489 modules)
[2K[1A[2K[G[51%] building (import loader vue-loader/dist/index.js)
[2K[1A[2K[G[51%] building (1479/608 modules)
[2K[1A[2K[G[51%] building (import loader babel-loader/lib/index.js)
[2K[1A[2K[G[51%] building (import loader vue-loader/dist/templateLoader.js)
[2K[1A[2K[G[51%] building (1479/615 modules)
[2K[1A[2K[G[51%] building (import loader css-loader/dist/cjs.js)
[2K[1A[2K[G[51%] building (import loader vue-loader/dist/stylePostLoader.js)
[2K[1A[2K[G[51%] building (import loader postcss-loader/dist/cjs.js)
[2K[1A[2K[G[51%] building (1479/616 modules)
[2K[1A[2K[G[65%] building (1514/648 modules)
[2K[1A[2K[G[65%] building 
[2K[1A[2K[G[69%] building (finish)
[2K[1A[2K[G[70%] sealing (finish module graph)
[2K[1A[2K[G[70%] sealing (finish module graph ResolverCachePlugin)
[2K[1A[2K[G[70%] sealing (finish module graph InferAsyncModulesPlugin)
[2K[1A[2K[G[70%] sealing (finish module graph FlagDependencyExportsPlugin)
[2K[1A[2K[G[70%] sealing (finish module graph ESLintWebpackPlugin_1)
[2K[1A[2K[G[70%] sealing (finish module graph)
[2K[1A[2K[G[71%] sealing (plugins)
[2K[1A[2K[G[71%] sealing (plugins WarnCaseSensitiveModulesPlugin)
[2K[1A[2K[G[71%] sealing (plugins)
[2K[1A[2K[G[71%] sealing (dependencies optimization)
[2K[1A[2K[G[71%] sealing (dependencies optimization SideEffectsFlagPlugin)
[2K[1A[2K[G[71%] sealing (dependencies optimization)
[2K[1A[2K[G[72%] sealing (after dependencies optimization)
[2K[1A[2K[G[73%] sealing (chunk graph)
[2K[1A[2K[G[73%] sealing (after chunk graph)
[2K[1A[2K[G[74%] sealing (optimizing)
[2K[1A[2K[G[74%] sealing (module optimization)
[2K[1A[2K[G[75%] sealing (after module optimization)
[2K[1A[2K[G[76%] sealing (chunk optimization)
[2K[1A[2K[G[76%] sealing (chunk optimization EnsureChunkConditionsPlugin)
[2K[1A[2K[G[76%] sealing (chunk optimization RemoveEmptyChunksPlugin)
[2K[1A[2K[G[76%] sealing (chunk optimization MergeDuplicateChunksPlugin)
[2K[1A[2K[G[76%] sealing (chunk optimization SplitChunksPlugin)
[2K[1A[2K[G[76%] sealing (chunk optimization RemoveEmptyChunksPlugin)
[2K[1A[2K[G[76%] sealing (chunk optimization)
[2K[1A[2K[G[76%] sealing (after chunk optimization)
[2K[1A[2K[G[77%] sealing (module and chunk tree optimization)
[2K[1A[2K[G[77%] sealing (module and chunk tree optimization PersistentChildCompilerSinglet
onPlugin)
[2K[1A[2K[1A[2K[G[77%] sealing (module and chunk tree optimization)
[2K[1A[2K[G[78%] sealing (after module and chunk tree optimization)
[2K[1A[2K[G[78%] sealing (chunk modules optimization)
[2K[1A[2K[G[79%] sealing (after chunk modules optimization)
[2K[1A[2K[G[80%] sealing (module reviving)
[2K[1A[2K[G[80%] sealing (module reviving RecordIdsPlugin)
[2K[1A[2K[G[80%] sealing (module reviving)
[2K[1A[2K[G[80%] sealing (before module ids)
[2K[1A[2K[G[81%] sealing (module ids)
[2K[1A[2K[G[81%] sealing (module ids NamedModuleIdsPlugin)
[2K[1A[2K[G[81%] sealing (module ids)
[2K[1A[2K[G[82%] sealing (module id optimization)
[2K[1A[2K[G[82%] sealing (module id optimization)
[2K[1A[2K[G[83%] sealing (chunk reviving)
[2K[1A[2K[G[83%] sealing (chunk reviving RecordIdsPlugin)
[2K[1A[2K[G[83%] sealing (chunk reviving)
[2K[1A[2K[G[83%] sealing (before chunk ids)
[2K[1A[2K[G[84%] sealing (chunk ids)
[2K[1A[2K[G[84%] sealing (chunk ids NamedChunkIdsPlugin)
[2K[1A[2K[G[84%] sealing (chunk ids)
[2K[1A[2K[G[85%] sealing (chunk id optimization)
[2K[1A[2K[G[85%] sealing (after chunk id optimization)
[2K[1A[2K[G[86%] sealing (record modules)
[2K[1A[2K[G[86%] sealing (record modules RecordIdsPlugin)
[2K[1A[2K[G[86%] sealing (record modules)
[2K[1A[2K[G[87%] sealing (record chunks)
[2K[1A[2K[G[87%] sealing (record chunks RecordIdsPlugin)
[2K[1A[2K[G[87%] sealing (record chunks)
[2K[1A[2K[G[87%] sealing (module hashing)
[2K[1A[2K[G[88%] sealing (code generation)
[2K[1A[2K[G[89%] sealing (runtime requirements)
[2K[1A[2K[G[89%] sealing (hashing)
[2K[1A[2K[G[90%] sealing (after hashing)
[2K[1A[2K[G[91%] sealing (record hash)
[2K[1A[2K[G[91%] sealing (module assets processing)
[2K[1A[2K[G[92%] sealing (chunk assets processing)
[2K[1A[2K[G[92%] sealing (asset processing)
[2K[1A[2K[G[92%] sealing (asset processing copy-webpack-plugin)
[2K[1A[2K[G[92%] sealing (asset processing HotModuleReplacementPlugin)
[2K[1A[2K[G[92%] sealing (asset processing ESLintWebpackPlugin_1)
[2K[1A[2K[G[92%] sealing (asset processing PersistentChildCompilerSingletonPlugin)
[2K[1A[2K[G[92%] sealing (asset processing HtmlWebpackPlugin)
[2K[1A[2K[G[92%] sealing (asset processing)
[2K[1A[2K[G[93%] sealing (after asset optimization)
[2K[1A[2K[G[94%] sealing (recording)
[2K[1A[2K[G[94%] sealing (recording HotModuleReplacementPlugin)
[2K[1A[2K[G[94%] sealing (recording)
[2K[1A[2K[G[94%] sealing (after seal)
[2K[1A[2K[G[95%] emitting (emit)
[2K[1A[2K[G[98%] emitting (after emit)
[2K[1A[2K[GBuild finished at 08:30:58 by 0.000s
[2K[1A[2K[GBuild finished at 08:30:58 by 0.000s
[2K[1A[2K[GBuild finished at 08:30:58 by 0.000s
[2K[1A[2K[G DONE  Compiled successfully in 1157ms8:30:58 AM

Build finished at 08:30:58 by 0.000s
[2K[1A[2K[G
  App running at:
  - Local:   http://localhost:8086/ 
  - Network: http://172.16.0.4:8086/

Build finished at 08:30:58 by 0.000s
[2K[1A[2K[GBuild finished at 08:30:58 by 0.000s
[2K[1A[2K[GBuild finished at 08:30:58 by 0.000s
[2K[1A[2K[GBuild finished at 08:30:58 by 0.000s
[2K[1A[2K[GBuild finished at 08:30:58 by 0.000s
[2K[1A[2K[GBuild finished at 08:30:58 by 0.000s
[2K[1A[2K[GBuild finished at 08:30:58 by 0.000s
[2K[1A[2K[GBuild finished at 08:30:58 by 0.000s
[2K[1A[2K[G WAIT  Compiling...8:48:09 AM

Compiling...

[2K[1A[2K[G[1%] cache (end idle)
[2K[1A[2K[G[3%] setup (watch run)
[2K[1A[2K[G[3%] setup (watch run vue-loader-plugin)
[2K[1A[2K[G[3%] setup (watch run ESLintWebpackPlugin_1)
[2K[1A[2K[G[3%] setup (watch run webpack-dev-middleware)
[2K[1A[2K[G[3%] setup (watch run)
[2K[1A[2K[G[4%] setup (normal module factory)
[2K[1A[2K[G[4%] setup (normal module factory CaseSensitivePathsPlugin)
[2K[1A[2K[G[4%] setup (normal module factory)
[2K[1A[2K[G[5%] setup (context module factory)
[2K[1A[2K[G[6%] setup (before compile)
[2K[1A[2K[G[6%] setup (before compile ProgressPlugin)
[2K[1A[2K[G[6%] setup (before compile)
[2K[1A[2K[G[7%] setup (compile)
[2K[1A[2K[G[7%] setup (compile ExternalsPlugin)
[2K[1A[2K[G[7%] setup (compile)
[2K[1A[2K[G[8%] setup (compilation)
[2K[1A[2K[G[8%] setup (compilation HtmlWebpackPlugin)
[2K[1A[2K[G[8%] setup (compilation CopyPlugin)
[2K[1A[2K[G[8%] setup (compilation ArrayPushCallbackChunkFormatPlugin)
[2K[1A[2K[G[8%] setup (compilation JsonpChunkLoadingPlugin)
[2K[1A[2K[G[8%] setup (compilation StartupChunkDependenciesPlugin)
[2K[1A[2K[G[8%] setup (compilation ImportScriptsChunkLoadingPlugin)
[2K[1A[2K[G[8%] setup (compilation WorkerPlugin)
[2K[1A[2K[G[8%] setup (compilation SplitChunksPlugin)
[2K[1A[2K[G[8%] setup (compilation ResolverCachePlugin)
[2K[1A[2K[G[8%] setup (compilation)
[2K[1A[2K[G[9%] setup (compilation)
[2K[1A[2K[G[9%] setup (compilation vue-loader-plugin)
[2K[1A[2K[G[9%] setup (compilation DefinePlugin)
[2K[1A[2K[G[9%] setup (compilation ProgressPlugin)
[2K[1A[2K[G[9%] setup (compilation EntryPlugin)
[2K[1A[2K[G[9%] setup (compilation ChunkPrefetchPreloadPlugin)
[2K[1A[2K[G[9%] setup (compilation ModuleInfoHeaderPlugin)
[2K[1A[2K[G[9%] setup (compilation EvalSourceMapDevToolPlugin)
[2K[1A[2K[G[9%] setup (compilation JavascriptModulesPlugin)
[2K[1A[2K[G[9%] setup (compilation JsonModulesPlugin)
[2K[1A[2K[G[9%] setup (compilation AssetModulesPlugin)
[2K[1A[2K[G[9%] setup (compilation EntryPlugin)
[2K[1A[2K[G[9%] setup (compilation RuntimePlugin)
[2K[1A[2K[G[9%] setup (compilation InferAsyncModulesPlugin)
[2K[1A[2K[G[9%] setup (compilation DataUriPlugin)
[2K[1A[2K[G[9%] setup (compilation FileUriPlugin)
[2K[1A[2K[G[9%] setup (compilation CompatibilityPlugin)
[2K[1A[2K[G[9%] setup (compilation HarmonyModulesPlugin)
[2K[1A[2K[G[9%] setup (compilation AMDPlugin)
[2K[1A[2K[G[9%] setup (compilation RequireJsStuffPlugin)
[2K[1A[2K[G[9%] setup (compilation CommonJsPlugin)
[2K[1A[2K[G[9%] setup (compilation LoaderPlugin)
[2K[1A[2K[G[9%] setup (compilation NodeStuffPlugin)
[2K[1A[2K[G[9%] setup (compilation APIPlugin)
[2K[1A[2K[G[9%] setup (compilation ExportsInfoApiPlugin)
[2K[1A[2K[G[9%] setup (compilation WebpackIsIncludedPlugin)
[2K[1A[2K[G[9%] setup (compilation ConstPlugin)
[2K[1A[2K[G[9%] setup (compilation UseStrictPlugin)
[2K[1A[2K[G[9%] setup (compilation RequireIncludePlugin)
[2K[1A[2K[G[9%] setup (compilation RequireEnsurePlugin)
[2K[1A[2K[G[9%] setup (compilation RequireContextPlugin)
[2K[1A[2K[G[9%] setup (compilation ImportPlugin)
[2K[1A[2K[G[9%] setup (compilation ImportMetaContextPlugin)
[2K[1A[2K[G[9%] setup (compilation SystemPlugin)
[2K[1A[2K[G[9%] setup (compilation ImportMetaPlugin)
[2K[1A[2K[G[9%] setup (compilation URLPlugin)
[2K[1A[2K[G[9%] setup (compilation DefaultStatsFactoryPlugin)
[2K[1A[2K[G[9%] setup (compilation DefaultStatsPresetPlugin)
[2K[1A[2K[G[9%] setup (compilation DefaultStatsPrinterPlugin)
[2K[1A[2K[G[9%] setup (compilation JavascriptMetaInfoPlugin)
[2K[1A[2K[G[9%] setup (compilation EnsureChunkConditionsPlugin)
[2K[1A[2K[G[9%] setup (compilation RemoveEmptyChunksPlugin)
[2K[1A[2K[G[9%] setup (compilation MergeDuplicateChunksPlugin)
[2K[1A[2K[G[9%] setup (compilation SideEffectsFlagPlugin)
[2K[1A[2K[G[9%] setup (compilation FlagDependencyExportsPlugin)
[2K[1A[2K[G[9%] setup (compilation NamedModuleIdsPlugin)
[2K[1A[2K[G[9%] setup (compilation NamedChunkIdsPlugin)
[2K[1A[2K[G[9%] setup (compilation DefinePlugin)
[2K[1A[2K[G[9%] setup (compilation TemplatedPathPlugin)
[2K[1A[2K[G[9%] setup (compilation RecordIdsPlugin)
[2K[1A[2K[G[9%] setup (compilation WarnCaseSensitiveModulesPlugin)
[2K[1A[2K[G[9%] setup (compilation EntryPlugin)
[2K[1A[2K[G[9%] setup (compilation ProvidePlugin)
[2K[1A[2K[G[9%] setup (compilation HotModuleReplacementPlugin)
[2K[1A[2K[G[9%] setup (compilation ProgressPlugin)
[2K[1A[2K[G[9%] setup (compilation ESLintWebpackPlugin_1)
[2K[1A[2K[G[9%] setup (compilation)
[2K[1A[2K[G[10%] building 
[2K[1A[2K[G[10%] building (0/0 modules)
[2K[1A[2K[G[24%] building (7/6 modules)
[2K[1A[2K[G[38%] building (160/183 modules)
[2K[1A[2K[G[51%] building (326/501 modules)
[2K[1A[2K[G[51%] building (import loader vue-loader/dist/index.js)
[2K[1A[2K[G[51%] building (1503/632 modules)
[2K[1A[2K[G[51%] building (import loader babel-loader/lib/index.js)
[2K[1A[2K[G[51%] building (import loader vue-loader/dist/templateLoader.js)
[2K[1A[2K[G[51%] building (1503/639 modules)
[2K[1A[2K[G[51%] building (import loader css-loader/dist/cjs.js)
[2K[1A[2K[G[51%] building (import loader vue-loader/dist/stylePostLoader.js)
[2K[1A[2K[G[51%] building (import loader postcss-loader/dist/cjs.js)
[2K[1A[2K[G[51%] building (1503/640 modules)
[2K[1A[2K[G[65%] building (1514/649 modules)
[2K[1A[2K[G[65%] building 
[2K[1A[2K[G[69%] building (finish)
[2K[1A[2K[G[70%] sealing (finish module graph)
[2K[1A[2K[G[70%] sealing (finish module graph ResolverCachePlugin)
[2K[1A[2K[G[70%] sealing (finish module graph InferAsyncModulesPlugin)
[2K[1A[2K[G[70%] sealing (finish module graph FlagDependencyExportsPlugin)
[2K[1A[2K[G[70%] sealing (finish module graph ESLintWebpackPlugin_1)
[2K[1A[2K[G[70%] sealing (finish module graph)
[2K[1A[2K[G[71%] sealing (plugins)
[2K[1A[2K[G[71%] sealing (plugins WarnCaseSensitiveModulesPlugin)
[2K[1A[2K[G[71%] sealing (plugins)
[2K[1A[2K[G[71%] sealing (dependencies optimization)
[2K[1A[2K[G[71%] sealing (dependencies optimization SideEffectsFlagPlugin)
[2K[1A[2K[G[71%] sealing (dependencies optimization)
[2K[1A[2K[G[72%] sealing (after dependencies optimization)
[2K[1A[2K[G[73%] sealing (chunk graph)
[2K[1A[2K[G[73%] sealing (after chunk graph)
[2K[1A[2K[G[74%] sealing (optimizing)
[2K[1A[2K[G[74%] sealing (module optimization)
[2K[1A[2K[G[75%] sealing (after module optimization)
[2K[1A[2K[G[76%] sealing (chunk optimization)
[2K[1A[2K[G[76%] sealing (chunk optimization EnsureChunkConditionsPlugin)
[2K[1A[2K[G[76%] sealing (chunk optimization RemoveEmptyChunksPlugin)
[2K[1A[2K[G[76%] sealing (chunk optimization MergeDuplicateChunksPlugin)
[2K[1A[2K[G[76%] sealing (chunk optimization SplitChunksPlugin)
[2K[1A[2K[G[76%] sealing (chunk optimization RemoveEmptyChunksPlugin)
[2K[1A[2K[G[76%] sealing (chunk optimization)
[2K[1A[2K[G[76%] sealing (after chunk optimization)
[2K[1A[2K[G[77%] sealing (module and chunk tree optimization)
[2K[1A[2K[G[77%] sealing (module and chunk tree optimization PersistentChildCompilerSinglet
onPlugin)
[2K[1A[2K[1A[2K[G[77%] sealing (module and chunk tree optimization)
[2K[1A[2K[G[78%] sealing (after module and chunk tree optimization)
[2K[1A[2K[G[78%] sealing (chunk modules optimization)
[2K[1A[2K[G[79%] sealing (after chunk modules optimization)
[2K[1A[2K[G[80%] sealing (module reviving)
[2K[1A[2K[G[80%] sealing (module reviving RecordIdsPlugin)
[2K[1A[2K[G[80%] sealing (module reviving)
[2K[1A[2K[G[80%] sealing (before module ids)
[2K[1A[2K[G[81%] sealing (module ids)
[2K[1A[2K[G[81%] sealing (module ids NamedModuleIdsPlugin)
[2K[1A[2K[G[81%] sealing (module ids)
[2K[1A[2K[G[82%] sealing (module id optimization)
[2K[1A[2K[G[82%] sealing (module id optimization)
[2K[1A[2K[G[83%] sealing (chunk reviving)
[2K[1A[2K[G[83%] sealing (chunk reviving RecordIdsPlugin)
[2K[1A[2K[G[83%] sealing (chunk reviving)
[2K[1A[2K[G[83%] sealing (before chunk ids)
[2K[1A[2K[G[84%] sealing (chunk ids)
[2K[1A[2K[G[84%] sealing (chunk ids NamedChunkIdsPlugin)
[2K[1A[2K[G[84%] sealing (chunk ids)
[2K[1A[2K[G[85%] sealing (chunk id optimization)
[2K[1A[2K[G[85%] sealing (after chunk id optimization)
[2K[1A[2K[G[86%] sealing (record modules)
[2K[1A[2K[G[86%] sealing (record modules RecordIdsPlugin)
[2K[1A[2K[G[86%] sealing (record modules)
[2K[1A[2K[G[87%] sealing (record chunks)
[2K[1A[2K[G[87%] sealing (record chunks RecordIdsPlugin)
[2K[1A[2K[G[87%] sealing (record chunks)
[2K[1A[2K[G[87%] sealing (module hashing)
[2K[1A[2K[G[88%] sealing (code generation)
[2K[1A[2K[G[89%] sealing (runtime requirements)
[2K[1A[2K[G[89%] sealing (hashing)
[2K[1A[2K[G[90%] sealing (after hashing)
[2K[1A[2K[G[91%] sealing (record hash)
[2K[1A[2K[G[91%] sealing (module assets processing)
[2K[1A[2K[G[92%] sealing (chunk assets processing)
[2K[1A[2K[G[92%] sealing (asset processing)
[2K[1A[2K[G[92%] sealing (asset processing copy-webpack-plugin)
[2K[1A[2K[G[92%] sealing (asset processing HotModuleReplacementPlugin)
[2K[1A[2K[G[92%] sealing (asset processing ESLintWebpackPlugin_1)
[2K[1A[2K[G[92%] sealing (asset processing PersistentChildCompilerSingletonPlugin)
[2K[1A[2K[G[92%] sealing (asset processing HtmlWebpackPlugin)
[2K[1A[2K[G[92%] sealing (asset processing)
[2K[1A[2K[G[93%] sealing (after asset optimization)
[2K[1A[2K[G[94%] sealing (recording)
[2K[1A[2K[G[94%] sealing (recording HotModuleReplacementPlugin)
[2K[1A[2K[G[94%] sealing (recording)
[2K[1A[2K[G[94%] sealing (after seal)
[2K[1A[2K[G[95%] emitting (emit)
[2K[1A[2K[G[98%] emitting (after emit)
[2K[1A[2K[GBuild finished at 08:48:11 by 0.000s
[2K[1A[2K[GBuild finished at 08:48:11 by 0.000s
[2K[1A[2K[GBuild finished at 08:48:11 by 0.000s
[2K[1A[2K[G DONE  Compiled successfully in 1388ms8:48:11 AM

Build finished at 08:48:11 by 0.000s
[2K[1A[2K[G
  App running at:
  - Local:   http://localhost:8086/ 
  - Network: http://172.16.0.4:8086/

Build finished at 08:48:11 by 0.000s
[2K[1A[2K[GBuild finished at 08:48:11 by 0.000s
[2K[1A[2K[GBuild finished at 08:48:11 by 0.000s
[2K[1A[2K[GBuild finished at 08:48:11 by 0.000s
[2K[1A[2K[GBuild finished at 08:48:11 by 0.000s
[2K[1A[2K[GBuild finished at 08:48:11 by 0.000s
[2K[1A[2K[GBuild finished at 08:48:11 by 0.000s
[2K[1A[2K[GBuild finished at 08:48:11 by 0.000s
[2K[1A[2K[G WAIT  Compiling...8:48:14 AM

Compiling...

[2K[1A[2K[G[1%] cache (end idle)
[2K[1A[2K[G[3%] setup (watch run)
[2K[1A[2K[G[3%] setup (watch run vue-loader-plugin)
[2K[1A[2K[G[3%] setup (watch run ESLintWebpackPlugin_1)
[2K[1A[2K[G[3%] setup (watch run webpack-dev-middleware)
[2K[1A[2K[G[3%] setup (watch run)
[2K[1A[2K[G[4%] setup (normal module factory)
[2K[1A[2K[G[4%] setup (normal module factory CaseSensitivePathsPlugin)
[2K[1A[2K[G[4%] setup (normal module factory)
[2K[1A[2K[G[5%] setup (context module factory)
[2K[1A[2K[G[6%] setup (before compile)
[2K[1A[2K[G[6%] setup (before compile ProgressPlugin)
[2K[1A[2K[G[6%] setup (before compile)
[2K[1A[2K[G[7%] setup (compile)
[2K[1A[2K[G[7%] setup (compile ExternalsPlugin)
[2K[1A[2K[G[7%] setup (compile)
[2K[1A[2K[G[8%] setup (compilation)
[2K[1A[2K[G[8%] setup (compilation HtmlWebpackPlugin)
[2K[1A[2K[G[8%] setup (compilation CopyPlugin)
[2K[1A[2K[G[8%] setup (compilation ArrayPushCallbackChunkFormatPlugin)
[2K[1A[2K[G[8%] setup (compilation JsonpChunkLoadingPlugin)
[2K[1A[2K[G[8%] setup (compilation StartupChunkDependenciesPlugin)
[2K[1A[2K[G[8%] setup (compilation ImportScriptsChunkLoadingPlugin)
[2K[1A[2K[G[8%] setup (compilation WorkerPlugin)
[2K[1A[2K[G[8%] setup (compilation SplitChunksPlugin)
[2K[1A[2K[G[8%] setup (compilation ResolverCachePlugin)
[2K[1A[2K[G[8%] setup (compilation)
[2K[1A[2K[G[9%] setup (compilation)
[2K[1A[2K[G[9%] setup (compilation vue-loader-plugin)
[2K[1A[2K[G[9%] setup (compilation DefinePlugin)
[2K[1A[2K[G[9%] setup (compilation ProgressPlugin)
[2K[1A[2K[G[9%] setup (compilation EntryPlugin)
[2K[1A[2K[G[9%] setup (compilation ChunkPrefetchPreloadPlugin)
[2K[1A[2K[G[9%] setup (compilation ModuleInfoHeaderPlugin)
[2K[1A[2K[G[9%] setup (compilation EvalSourceMapDevToolPlugin)
[2K[1A[2K[G[9%] setup (compilation JavascriptModulesPlugin)
[2K[1A[2K[G[9%] setup (compilation JsonModulesPlugin)
[2K[1A[2K[G[9%] setup (compilation AssetModulesPlugin)
[2K[1A[2K[G[9%] setup (compilation EntryPlugin)
[2K[1A[2K[G[9%] setup (compilation RuntimePlugin)
[2K[1A[2K[G[9%] setup (compilation InferAsyncModulesPlugin)
[2K[1A[2K[G[9%] setup (compilation DataUriPlugin)
[2K[1A[2K[G[9%] setup (compilation FileUriPlugin)
[2K[1A[2K[G[9%] setup (compilation CompatibilityPlugin)
[2K[1A[2K[G[9%] setup (compilation HarmonyModulesPlugin)
[2K[1A[2K[G[9%] setup (compilation AMDPlugin)
[2K[1A[2K[G[9%] setup (compilation RequireJsStuffPlugin)
[2K[1A[2K[G[9%] setup (compilation CommonJsPlugin)
[2K[1A[2K[G[9%] setup (compilation LoaderPlugin)
[2K[1A[2K[G[9%] setup (compilation NodeStuffPlugin)
[2K[1A[2K[G[9%] setup (compilation APIPlugin)
[2K[1A[2K[G[9%] setup (compilation ExportsInfoApiPlugin)
[2K[1A[2K[G[9%] setup (compilation WebpackIsIncludedPlugin)
[2K[1A[2K[G[9%] setup (compilation ConstPlugin)
[2K[1A[2K[G[9%] setup (compilation UseStrictPlugin)
[2K[1A[2K[G[9%] setup (compilation RequireIncludePlugin)
[2K[1A[2K[G[9%] setup (compilation RequireEnsurePlugin)
[2K[1A[2K[G[9%] setup (compilation RequireContextPlugin)
[2K[1A[2K[G[9%] setup (compilation ImportPlugin)
[2K[1A[2K[G[9%] setup (compilation ImportMetaContextPlugin)
[2K[1A[2K[G[9%] setup (compilation SystemPlugin)
[2K[1A[2K[G[9%] setup (compilation ImportMetaPlugin)
[2K[1A[2K[G[9%] setup (compilation URLPlugin)
[2K[1A[2K[G[9%] setup (compilation DefaultStatsFactoryPlugin)
[2K[1A[2K[G[9%] setup (compilation DefaultStatsPresetPlugin)
[2K[1A[2K[G[9%] setup (compilation DefaultStatsPrinterPlugin)
[2K[1A[2K[G[9%] setup (compilation JavascriptMetaInfoPlugin)
[2K[1A[2K[G[9%] setup (compilation EnsureChunkConditionsPlugin)
[2K[1A[2K[G[9%] setup (compilation RemoveEmptyChunksPlugin)
[2K[1A[2K[G[9%] setup (compilation MergeDuplicateChunksPlugin)
[2K[1A[2K[G[9%] setup (compilation SideEffectsFlagPlugin)
[2K[1A[2K[G[9%] setup (compilation FlagDependencyExportsPlugin)
[2K[1A[2K[G[9%] setup (compilation NamedModuleIdsPlugin)
[2K[1A[2K[G[9%] setup (compilation NamedChunkIdsPlugin)
[2K[1A[2K[G[9%] setup (compilation DefinePlugin)
[2K[1A[2K[G[9%] setup (compilation TemplatedPathPlugin)
[2K[1A[2K[G[9%] setup (compilation RecordIdsPlugin)
[2K[1A[2K[G[9%] setup (compilation WarnCaseSensitiveModulesPlugin)
[2K[1A[2K[G[9%] setup (compilation EntryPlugin)
[2K[1A[2K[G[9%] setup (compilation ProvidePlugin)
[2K[1A[2K[G[9%] setup (compilation HotModuleReplacementPlugin)
[2K[1A[2K[G[9%] setup (compilation ProgressPlugin)
[2K[1A[2K[G[9%] setup (compilation ESLintWebpackPlugin_1)
[2K[1A[2K[G[9%] setup (compilation)
[2K[1A[2K[G[10%] building 
[2K[1A[2K[G[10%] building (0/0 modules)
[2K[1A[2K[G[24%] building (1/4 modules)
[2K[1A[2K[G[38%] building (81/67 modules)
[2K[1A[2K[G[38%] building (import loader vue-loader/dist/index.js)
[2K[1A[2K[G[38%] building (145/242 modules)
[2K[1A[2K[G[51%] building (311/489 modules)
[2K[1A[2K[G[51%] building (import loader babel-loader/lib/index.js)
[2K[1A[2K[G[51%] building (import loader vue-loader/dist/templateLoader.js)
[2K[1A[2K[G[51%] building (578/610 modules)
[2K[1A[2K[G[51%] building (import loader css-loader/dist/cjs.js)
[2K[1A[2K[G[51%] building (import loader vue-loader/dist/stylePostLoader.js)
[2K[1A[2K[G[51%] building (import loader postcss-loader/dist/cjs.js)
[2K[1A[2K[G[51%] building (804/622 modules)
[2K[1A[2K[G[65%] building (1514/649 modules)
[2K[1A[2K[G[65%] building 
[2K[1A[2K[G[69%] building (finish)
[2K[1A[2K[G[70%] sealing (finish module graph)
[2K[1A[2K[G[70%] sealing (finish module graph ResolverCachePlugin)
[2K[1A[2K[G[70%] sealing (finish module graph InferAsyncModulesPlugin)
[2K[1A[2K[G[70%] sealing (finish module graph FlagDependencyExportsPlugin)
[2K[1A[2K[G[70%] sealing (finish module graph ESLintWebpackPlugin_1)
[2K[1A[2K[G[70%] sealing (finish module graph)
[2K[1A[2K[G[71%] sealing (plugins)
[2K[1A[2K[G[71%] sealing (plugins WarnCaseSensitiveModulesPlugin)
[2K[1A[2K[G[71%] sealing (plugins)
[2K[1A[2K[G[71%] sealing (dependencies optimization)
[2K[1A[2K[G[71%] sealing (dependencies optimization SideEffectsFlagPlugin)
[2K[1A[2K[G[71%] sealing (dependencies optimization)
[2K[1A[2K[G[72%] sealing (after dependencies optimization)
[2K[1A[2K[G[73%] sealing (chunk graph)
[2K[1A[2K[G[73%] sealing (after chunk graph)
[2K[1A[2K[G[74%] sealing (optimizing)
[2K[1A[2K[G[74%] sealing (module optimization)
[2K[1A[2K[G[75%] sealing (after module optimization)
[2K[1A[2K[G[76%] sealing (chunk optimization)
[2K[1A[2K[G[76%] sealing (chunk optimization EnsureChunkConditionsPlugin)
[2K[1A[2K[G[76%] sealing (chunk optimization RemoveEmptyChunksPlugin)
[2K[1A[2K[G[76%] sealing (chunk optimization MergeDuplicateChunksPlugin)
[2K[1A[2K[G[76%] sealing (chunk optimization SplitChunksPlugin)
[2K[1A[2K[G[76%] sealing (chunk optimization RemoveEmptyChunksPlugin)
[2K[1A[2K[G[76%] sealing (chunk optimization)
[2K[1A[2K[G[76%] sealing (after chunk optimization)
[2K[1A[2K[G[77%] sealing (module and chunk tree optimization)
[2K[1A[2K[G[77%] sealing (module and chunk tree optimization PersistentChildCompilerSinglet
onPlugin)
[2K[1A[2K[1A[2K[G[77%] sealing (module and chunk tree optimization)
[2K[1A[2K[G[78%] sealing (after module and chunk tree optimization)
[2K[1A[2K[G[78%] sealing (chunk modules optimization)
[2K[1A[2K[G[79%] sealing (after chunk modules optimization)
[2K[1A[2K[G[80%] sealing (module reviving)
[2K[1A[2K[G[80%] sealing (module reviving RecordIdsPlugin)
[2K[1A[2K[G[80%] sealing (module reviving)
[2K[1A[2K[G[80%] sealing (before module ids)
[2K[1A[2K[G[81%] sealing (module ids)
[2K[1A[2K[G[81%] sealing (module ids NamedModuleIdsPlugin)
[2K[1A[2K[G[81%] sealing (module ids)
[2K[1A[2K[G[82%] sealing (module id optimization)
[2K[1A[2K[G[82%] sealing (module id optimization)
[2K[1A[2K[G[83%] sealing (chunk reviving)
[2K[1A[2K[G[83%] sealing (chunk reviving RecordIdsPlugin)
[2K[1A[2K[G[83%] sealing (chunk reviving)
[2K[1A[2K[G[83%] sealing (before chunk ids)
[2K[1A[2K[G[84%] sealing (chunk ids)
[2K[1A[2K[G[84%] sealing (chunk ids NamedChunkIdsPlugin)
[2K[1A[2K[G[84%] sealing (chunk ids)
[2K[1A[2K[G[85%] sealing (chunk id optimization)
[2K[1A[2K[G[85%] sealing (after chunk id optimization)
[2K[1A[2K[G[86%] sealing (record modules)
[2K[1A[2K[G[86%] sealing (record modules RecordIdsPlugin)
[2K[1A[2K[G[86%] sealing (record modules)
[2K[1A[2K[G[87%] sealing (record chunks)
[2K[1A[2K[G[87%] sealing (record chunks RecordIdsPlugin)
[2K[1A[2K[G[87%] sealing (record chunks)
[2K[1A[2K[G[87%] sealing (module hashing)
[2K[1A[2K[G[88%] sealing (code generation)
[2K[1A[2K[G[89%] sealing (runtime requirements)
[2K[1A[2K[G[89%] sealing (hashing)
[2K[1A[2K[G[90%] sealing (after hashing)
[2K[1A[2K[G[91%] sealing (record hash)
[2K[1A[2K[G[91%] sealing (module assets processing)
[2K[1A[2K[G[92%] sealing (chunk assets processing)
[2K[1A[2K[G[92%] sealing (asset processing)
[2K[1A[2K[G[92%] sealing (asset processing copy-webpack-plugin)
[2K[1A[2K[G[92%] sealing (asset processing HotModuleReplacementPlugin)
[2K[1A[2K[G[92%] sealing (asset processing ESLintWebpackPlugin_1)
[2K[1A[2K[G[92%] sealing (asset processing PersistentChildCompilerSingletonPlugin)
[2K[1A[2K[G[92%] sealing (asset processing HtmlWebpackPlugin)
[2K[1A[2K[G[92%] sealing (asset processing)
[2K[1A[2K[G[93%] sealing (after asset optimization)
[2K[1A[2K[G[94%] sealing (recording)
[2K[1A[2K[G[94%] sealing (recording HotModuleReplacementPlugin)
[2K[1A[2K[G[94%] sealing (recording)
[2K[1A[2K[G[94%] sealing (after seal)
[2K[1A[2K[G[95%] emitting (emit)
[2K[1A[2K[G[98%] emitting (after emit)
[2K[1A[2K[GBuild finished at 08:48:15 by 0.000s
[2K[1A[2K[GBuild finished at 08:48:15 by 0.000s
[2K[1A[2K[GBuild finished at 08:48:15 by 0.000s
[2K[1A[2K[G DONE  Compiled successfully in 997ms8:48:15 AM

Build finished at 08:48:15 by 0.000s
[2K[1A[2K[G
  App running at:
  - Local:   http://localhost:8086/ 
  - Network: http://172.16.0.4:8086/

Build finished at 08:48:15 by 0.000s
[2K[1A[2K[GBuild finished at 08:48:15 by 0.000s
[2K[1A[2K[GBuild finished at 08:48:15 by 0.000s
[2K[1A[2K[GBuild finished at 08:48:15 by 0.000s
[2K[1A[2K[GBuild finished at 08:48:15 by 0.000s
[2K[1A[2K[GBuild finished at 08:48:15 by 0.000s
[2K[1A[2K[GBuild finished at 08:48:15 by 0.000s
[2K[1A[2K[GBuild finished at 08:48:15 by 0.000s
[2K[1A[2K[G