npm warn deprecated @babel/plugin-proposal-class-properties@7.18.6: This proposal has been merged to the ECMAScript standard and thus this plugin is no longer maintained. Please use @babel/plugin-transform-class-properties instead.
npm warn deprecated @humanwhocodes/config-array@0.5.0: Use @eslint/config-array instead
npm warn deprecated rimraf@3.0.2: Rimraf versions prior to v4 are no longer supported
npm warn deprecated glob@7.2.3: Glob versions prior to v9 are no longer supported
npm warn deprecated @humanwhocodes/object-schema@1.2.1: Use @eslint/object-schema instead
npm warn deprecated webpack-chain@6.5.1: Package no longer supported. Contact Support at https://www.npmjs.com/support for more info.
npm warn deprecated eslint@7.32.0: This version is no longer supported. Please see https://eslint.org/version-support for other options.
npm warn cleanup Failed to remove some directories [
npm warn cleanup   [
npm warn cleanup     '/home/zhx/TJNovel/frontend/node_modules/.babel-plugin-polyfill-corejs2-Gjpb5WTY',
npm warn cleanup     Error: [safe-delete][SAFE_DELETE_BULK_CONFIRM_REQUIRED] {"count":53,"threshold":50,"scope":"turn","targets":["/home/zhx/TJNovel/frontend/node_modules/.babel-plugin-polyfill-corejs2-Gjpb5WTY"],"targetCount":1}
npm warn cleanup         at checkBulkDeleteGuard (/home/zhx/.codebuddy-server-cn/bin/stable-a64e0542131159dfcaadd99c096dc9165c6ad3fb/extensions/genie/out/vendor/shim/node-safe-delete-shim.cjs:273:19)
npm warn cleanup         at tryTrash (/home/zhx/.codebuddy-server-cn/bin/stable-a64e0542131159dfcaadd99c096dc9165c6ad3fb/extensions/genie/out/vendor/shim/node-safe-delete-shim.cjs:602:5)
npm warn cleanup         at tryRm (/home/zhx/.codebuddy-server-cn/bin/stable-a64e0542131159dfcaadd99c096dc9165c6ad3fb/extensions/genie/out/vendor/shim/node-safe-delete-shim.cjs:775:5)
npm warn cleanup         at wrappedPromisesRm (/home/zhx/.codebuddy-server-cn/bin/stable-a64e0542131159dfcaadd99c096dc9165c6ad3fb/extensions/genie/out/vendor/shim/node-safe-delete-shim.cjs:819:15)
npm warn cleanup         at _rm (/home/zhx/.workbuddy/binaries/node/versions/20.18.0/lib/node_modules/npm/node_modules/@npmcli/arborist/lib/arborist/reify.js:1250:25)
npm warn cleanup         at [removeTrash] (/home/zhx/.workbuddy/binaries/node/versions/20.18.0/lib/node_modules/npm/node_modules/@npmcli/arborist/lib/arborist/reify.js:1253:21)
npm warn cleanup         at [reifyPackages] (/home/zhx/.workbuddy/binaries/node/versions/20.18.0/lib/node_modules/npm/node_modules/@npmcli/arborist/lib/arborist/reify.js:340:29)
npm warn cleanup         at process.processTicksAndRejections (node:internal/process/task_queues:95:5)
npm warn cleanup         at async Arborist.reify (/home/zhx/.workbuddy/binaries/node/versions/20.18.0/lib/node_modules/npm/node_modules/@npmcli/arborist/lib/arborist/reify.js:142:5)
npm warn cleanup         at async Install.exec (/home/zhx/.workbuddy/binaries/node/versions/20.18.0/lib/node_modules/npm/lib/commands/install.js:150:5)
npm warn cleanup   ],
npm warn cleanup   [
npm warn cleanup     '/home/zhx/TJNovel/frontend/node_modules/.babel-plugin-polyfill-corejs3-bBtz5NBL',
npm warn cleanup     Error: [safe-delete][SAFE_DELETE_BULK_CONFIRM_REQUIRED] {"count":56,"threshold":50,"scope":"turn","targets":["/home/zhx/TJNovel/frontend/node_modules/.babel-plugin-polyfill-corejs3-bBtz5NBL"],"targetCount":1}
npm warn cleanup         at checkBulkDeleteGuard (/home/zhx/.codebuddy-server-cn/bin/stable-a64e0542131159dfcaadd99c096dc9165c6ad3fb/extensions/genie/out/vendor/shim/node-safe-delete-shim.cjs:273:19)
npm warn cleanup         at tryTrash (/home/zhx/.codebuddy-server-cn/bin/stable-a64e0542131159dfcaadd99c096dc9165c6ad3fb/extensions/genie/out/vendor/shim/node-safe-delete-shim.cjs:602:5)
npm warn cleanup         at tryRm (/home/zhx/.codebuddy-server-cn/bin/stable-a64e0542131159dfcaadd99c096dc9165c6ad3fb/extensions/genie/out/vendor/shim/node-safe-delete-shim.cjs:775:5)
npm warn cleanup         at wrappedPromisesRm (/home/zhx/.codebuddy-server-cn/bin/stable-a64e0542131159dfcaadd99c096dc9165c6ad3fb/extensions/genie/out/vendor/shim/node-safe-delete-shim.cjs:819:15)
npm warn cleanup         at _rm (/home/zhx/.workbuddy/binaries/node/versions/20.18.0/lib/node_modules/npm/node_modules/@npmcli/arborist/lib/arborist/reify.js:1250:25)
npm warn cleanup         at [removeTrash] (/home/zhx/.workbuddy/binaries/node/versions/20.18.0/lib/node_modules/npm/node_modules/@npmcli/arborist/lib/arborist/reify.js:1253:21)
npm warn cleanup         at [reifyPackages] (/home/zhx/.workbuddy/binaries/node/versions/20.18.0/lib/node_modules/npm/node_modules/@npmcli/arborist/lib/arborist/reify.js:340:29)
npm warn cleanup         at process.processTicksAndRejections (node:internal/process/task_queues:95:5)
npm warn cleanup         at async Arborist.reify (/home/zhx/.workbuddy/binaries/node/versions/20.18.0/lib/node_modules/npm/node_modules/@npmcli/arborist/lib/arborist/reify.js:142:5)
npm warn cleanup         at async Install.exec (/home/zhx/.workbuddy/binaries/node/versions/20.18.0/lib/node_modules/npm/lib/commands/install.js:150:5)
npm warn cleanup   ],
npm warn cleanup   [
npm warn cleanup     '/home/zhx/TJNovel/frontend/node_modules/.bl-JVvjCizX',
npm warn cleanup     Error: [safe-delete][SAFE_DELETE_BULK_CONFIRM_REQUIRED] {"count":55,"threshold":50,"scope":"turn","targets":["/home/zhx/TJNovel/frontend/node_modules/.bl-JVvjCizX"],"targetCount":1}
npm warn cleanup         at checkBulkDeleteGuard (/home/zhx/.codebuddy-server-cn/bin/stable-a64e0542131159dfcaadd99c096dc9165c6ad3fb/extensions/genie/out/vendor/shim/node-safe-delete-shim.cjs:273:19)
npm warn cleanup         at tryTrash (/home/zhx/.codebuddy-server-cn/bin/stable-a64e0542131159dfcaadd99c096dc9165c6ad3fb/extensions/genie/out/vendor/shim/node-safe-delete-shim.cjs:602:5)
npm warn cleanup         at tryRm (/home/zhx/.codebuddy-server-cn/bin/stable-a64e0542131159dfcaadd99c096dc9165c6ad3fb/extensions/genie/out/vendor/shim/node-safe-delete-shim.cjs:775:5)
npm warn cleanup         at wrappedPromisesRm (/home/zhx/.codebuddy-server-cn/bin/stable-a64e0542131159dfcaadd99c096dc9165c6ad3fb/extensions/genie/out/vendor/shim/node-safe-delete-shim.cjs:819:15)
npm warn cleanup         at _rm (/home/zhx/.workbuddy/binaries/node/versions/20.18.0/lib/node_modules/npm/node_modules/@npmcli/arborist/lib/arborist/reify.js:1250:25)
npm warn cleanup         at [removeTrash] (/home/zhx/.workbuddy/binaries/node/versions/20.18.0/lib/node_modules/npm/node_modules/@npmcli/arborist/lib/arborist/reify.js:1253:21)
npm warn cleanup         at [reifyPackages] (/home/zhx/.workbuddy/binaries/node/versions/20.18.0/lib/node_modules/npm/node_modules/@npmcli/arborist/lib/arborist/reify.js:340:29)
npm warn cleanup         at process.processTicksAndRejections (node:internal/process/task_queues:95:5)
npm warn cleanup         at async Arborist.reify (/home/zhx/.workbuddy/binaries/node/versions/20.18.0/lib/node_modules/npm/node_modules/@npmcli/arborist/lib/arborist/reify.js:142:5)
npm warn cleanup         at async Install.exec (/home/zhx/.workbuddy/binaries/node/versions/20.18.0/lib/node_modules/npm/lib/commands/install.js:150:5)
npm warn cleanup   ],
npm warn cleanup   [
npm warn cleanup     '/home/zhx/TJNovel/frontend/node_modules/.body-parser-4khbcXIT',
npm warn cleanup     Error: [safe-delete][SAFE_DELETE_BULK_CONFIRM_REQUIRED] {"count":54,"threshold":50,"scope":"turn","targets":["/home/zhx/TJNovel/frontend/node_modules/.body-parser-4khbcXIT"],"targetCount":1}
npm warn cleanup         at checkBulkDeleteGuard (/home/zhx/.codebuddy-server-cn/bin/stable-a64e0542131159dfcaadd99c096dc9165c6ad3fb/extensions/genie/out/vendor/shim/node-safe-delete-shim.cjs:273:19)
npm warn cleanup         at tryTrash (/home/zhx/.codebuddy-server-cn/bin/stable-a64e0542131159dfcaadd99c096dc9165c6ad3fb/extensions/genie/out/vendor/shim/node-safe-delete-shim.cjs:602:5)
npm warn cleanup         at tryRm (/home/zhx/.codebuddy-server-cn/bin/stable-a64e0542131159dfcaadd99c096dc9165c6ad3fb/extensions/genie/out/vendor/shim/node-safe-delete-shim.cjs:775:5)
npm warn cleanup         at wrappedPromisesRm (/home/zhx/.codebuddy-server-cn/bin/stable-a64e0542131159dfcaadd99c096dc9165c6ad3fb/extensions/genie/out/vendor/shim/node-safe-delete-shim.cjs:819:15)
npm warn cleanup         at _rm (/home/zhx/.workbuddy/binaries/node/versions/20.18.0/lib/node_modules/npm/node_modules/@npmcli/arborist/lib/arborist/reify.js:1250:25)
npm warn cleanup         at [removeTrash] (/home/zhx/.workbuddy/binaries/node/versions/20.18.0/lib/node_modules/npm/node_modules/@npmcli/arborist/lib/arborist/reify.js:1253:21)
npm warn cleanup         at [reifyPackages] (/home/zhx/.workbuddy/binaries/node/versions/20.18.0/lib/node_modules/npm/node_modules/@npmcli/arborist/lib/arborist/reify.js:340:29)
npm warn cleanup         at process.processTicksAndRejections (node:internal/process/task_queues:95:5)
npm warn cleanup         at async Arborist.reify (/home/zhx/.workbuddy/binaries/node/versions/20.18.0/lib/node_modules/npm/node_modules/@npmcli/arborist/lib/arborist/reify.js:142:5)
npm warn cleanup         at async Install.exec (/home/zhx/.workbuddy/binaries/node/versions/20.18.0/lib/node_modules/npm/lib/commands/install.js:150:5)
npm warn cleanup   ],
npm warn cleanup   [
npm warn cleanup     '/home/zhx/TJNovel/frontend/node_modules/.bonjour-service-waGIgUoy',
npm warn cleanup     Error: [safe-delete][SAFE_DELETE_BULK_CONFIRM_REQUIRED] {"count":55,"threshold":50,"scope":"turn","targets":["/home/zhx/TJNovel/frontend/node_modules/.bonjour-service-waGIgUoy"],"targetCount":1}
npm warn cleanup         at checkBulkDeleteGuard (/home/zhx/.codebuddy-server-cn/bin/stable-a64e0542131159dfcaadd99c096dc9165c6ad3fb/extensions/genie/out/vendor/shim/node-safe-delete-shim.cjs:273:19)
npm warn cleanup         at tryTrash (/home/zhx/.codebuddy-server-cn/bin/stable-a64e0542131159dfcaadd99c096dc9165c6ad3fb/extensions/genie/out/vendor/shim/node-safe-delete-shim.cjs:602:5)
npm warn cleanup         at tryRm (/home/zhx/.codebuddy-server-cn/bin/stable-a64e0542131159dfcaadd99c096dc9165c6ad3fb/extensions/genie/out/vendor/shim/node-safe-delete-shim.cjs:775:5)
npm warn cleanup         at wrappedPromisesRm (/home/zhx/.codebuddy-server-cn/bin/stable-a64e0542131159dfcaadd99c096dc9165c6ad3fb/extensions/genie/out/vendor/shim/node-safe-delete-shim.cjs:819:15)
npm warn cleanup         at _rm (/home/zhx/.workbuddy/binaries/node/versions/20.18.0/lib/node_modules/npm/node_modules/@npmcli/arborist/lib/arborist/reify.js:1250:25)
npm warn cleanup         at [removeTrash] (/home/zhx/.workbuddy/binaries/node/versions/20.18.0/lib/node_modules/npm/node_modules/@npmcli/arborist/lib/arborist/reify.js:1253:21)
npm warn cleanup         at [reifyPackages] (/home/zhx/.workbuddy/binaries/node/versions/20.18.0/lib/node_modules/npm/node_modules/@npmcli/arborist/lib/arborist/reify.js:340:29)
npm warn cleanup         at process.processTicksAndRejections (node:internal/process/task_queues:95:5)
npm warn cleanup         at async Arborist.reify (/home/zhx/.workbuddy/binaries/node/versions/20.18.0/lib/node_modules/npm/node_modules/@npmcli/arborist/lib/arborist/reify.js:142:5)
npm warn cleanup         at async Install.exec (/home/zhx/.workbuddy/binaries/node/versions/20.18.0/lib/node_modules/npm/lib/commands/install.js:150:5)
npm warn cleanup   ],
npm warn cleanup   [
npm warn cleanup     '/home/zhx/TJNovel/frontend/node_modules/.braces-bFNuAFp1',
npm warn cleanup     Error: [safe-delete][SAFE_DELETE_BULK_CONFIRM_REQUIRED] {"count":56,"threshold":50,"scope":"turn","targets":["/home/zhx/TJNovel/frontend/node_modules/.braces-bFNuAFp1"],"targetCount":1}
npm warn cleanup         at checkBulkDeleteGuard (/home/zhx/.codebuddy-server-cn/bin/stable-a64e0542131159dfcaadd99c096dc9165c6ad3fb/extensions/genie/out/vendor/shim/node-safe-delete-shim.cjs:273:19)
npm warn cleanup         at tryTrash (/home/zhx/.codebuddy-server-cn/bin/stable-a64e0542131159dfcaadd99c096dc9165c6ad3fb/extensions/genie/out/vendor/shim/node-safe-delete-shim.cjs:602:5)
npm warn cleanup         at tryRm (/home/zhx/.codebuddy-server-cn/bin/stable-a64e0542131159dfcaadd99c096dc9165c6ad3fb/extensions/genie/out/vendor/shim/node-safe-delete-shim.cjs:775:5)
npm warn cleanup         at wrappedPromisesRm (/home/zhx/.codebuddy-server-cn/bin/stable-a64e0542131159dfcaadd99c096dc9165c6ad3fb/extensions/genie/out/vendor/shim/node-safe-delete-shim.cjs:819:15)
npm warn cleanup         at _rm (/home/zhx/.workbuddy/binaries/node/versions/20.18.0/lib/node_modules/npm/node_modules/@npmcli/arborist/lib/arborist/reify.js:1250:25)
npm warn cleanup         at [removeTrash] (/home/zhx/.workbuddy/binaries/node/versions/20.18.0/lib/node_modules/npm/node_modules/@npmcli/arborist/lib/arborist/reify.js:1253:21)
npm warn cleanup         at [reifyPackages] (/home/zhx/.workbuddy/binaries/node/versions/20.18.0/lib/node_modules/npm/node_modules/@npmcli/arborist/lib/arborist/reify.js:340:29)
npm warn cleanup         at process.processTicksAndRejections (node:internal/process/task_queues:95:5)
npm warn cleanup         at async Arborist.reify (/home/zhx/.workbuddy/binaries/node/versions/20.18.0/lib/node_modules/npm/node_modules/@npmcli/arborist/lib/arborist/reify.js:142:5)
npm warn cleanup         at async Install.exec (/home/zhx/.workbuddy/binaries/node/versions/20.18.0/lib/node_modules/npm/lib/commands/install.js:150:5)
npm warn cleanup   ],
npm warn cleanup   [
npm warn cleanup     '/home/zhx/TJNovel/frontend/node_modules/.browserslist-qDD7q21Z',
npm warn cleanup     Error: [safe-delete][SAFE_DELETE_BULK_CONFIRM_REQUIRED] {"count":55,"threshold":50,"scope":"turn","targets":["/home/zhx/TJNovel/frontend/node_modules/.browserslist-qDD7q21Z"],"targetCount":1}
npm warn cleanup         at checkBulkDeleteGuard (/home/zhx/.codebuddy-server-cn/bin/stable-a64e0542131159dfcaadd99c096dc9165c6ad3fb/extensions/genie/out/vendor/shim/node-safe-delete-shim.cjs:273:19)
npm warn cleanup         at tryTrash (/home/zhx/.codebuddy-server-cn/bin/stable-a64e0542131159dfcaadd99c096dc9165c6ad3fb/extensions/genie/out/vendor/shim/node-safe-delete-shim.cjs:602:5)
npm warn cleanup         at tryRm (/home/zhx/.codebuddy-server-cn/bin/stable-a64e0542131159dfcaadd99c096dc9165c6ad3fb/extensions/genie/out/vendor/shim/node-safe-delete-shim.cjs:775:5)
npm warn cleanup         at wrappedPromisesRm (/home/zhx/.codebuddy-server-cn/bin/stable-a64e0542131159dfcaadd99c096dc9165c6ad3fb/extensions/genie/out/vendor/shim/node-safe-delete-shim.cjs:819:15)
npm warn cleanup         at _rm (/home/zhx/.workbuddy/binaries/node/versions/20.18.0/lib/node_modules/npm/node_modules/@npmcli/arborist/lib/arborist/reify.js:1250:25)
npm warn cleanup         at [removeTrash] (/home/zhx/.workbuddy/binaries/node/versions/20.18.0/lib/node_modules/npm/node_modules/@npmcli/arborist/lib/arborist/reify.js:1253:21)
npm warn cleanup         at [reifyPackages] (/home/zhx/.workbuddy/binaries/node/versions/20.18.0/lib/node_modules/npm/node_modules/@npmcli/arborist/lib/arborist/reify.js:340:29)
npm warn cleanup         at process.processTicksAndRejections (node:internal/process/task_queues:95:5)
npm warn cleanup         at async Arborist.reify (/home/zhx/.workbuddy/binaries/node/versions/20.18.0/lib/node_modules/npm/node_modules/@npmcli/arborist/lib/arborist/reify.js:142:5)
npm warn cleanup         at async Install.exec (/home/zhx/.workbuddy/binaries/node/versions/20.18.0/lib/node_modules/npm/lib/commands/install.js:150:5)
npm warn cleanup   ],
npm warn cleanup   [
npm warn cleanup     '/home/zhx/TJNovel/frontend/node_modules/.caniuse-lite-YuQI4NUb',
npm warn cleanup     Error: [safe-delete][SAFE_DELETE_BULK_CONFIRM_REQUIRED] {"count":54,"threshold":50,"scope":"turn","targets":["/home/zhx/TJNovel/frontend/node_modules/.caniuse-lite-YuQI4NUb"],"targetCount":1}
npm warn cleanup         at checkBulkDeleteGuard (/home/zhx/.codebuddy-server-cn/bin/stable-a64e0542131159dfcaadd99c096dc9165c6ad3fb/extensions/genie/out/vendor/shim/node-safe-delete-shim.cjs:273:19)
npm warn cleanup         at tryTrash (/home/zhx/.codebuddy-server-cn/bin/stable-a64e0542131159dfcaadd99c096dc9165c6ad3fb/extensions/genie/out/vendor/shim/node-safe-delete-shim.cjs:602:5)
npm warn cleanup         at tryRm (/home/zhx/.codebuddy-server-cn/bin/stable-a64e0542131159dfcaadd99c096dc9165c6ad3fb/extensions/genie/out/vendor/shim/node-safe-delete-shim.cjs:775:5)
npm warn cleanup         at wrappedPromisesRm (/home/zhx/.codebuddy-server-cn/bin/stable-a64e0542131159dfcaadd99c096dc9165c6ad3fb/extensions/genie/out/vendor/shim/node-safe-delete-shim.cjs:819:15)
npm warn cleanup         at _rm (/home/zhx/.workbuddy/binaries/node/versions/20.18.0/lib/node_modules/npm/node_modules/@npmcli/arborist/lib/arborist/reify.js:1250:25)
npm warn cleanup         at [removeTrash] (/home/zhx/.workbuddy/binaries/node/versions/20.18.0/lib/node_modules/npm/node_modules/@npmcli/arborist/lib/arborist/reify.js:1253:21)
npm warn cleanup         at [reifyPackages] (/home/zhx/.workbuddy/binaries/node/versions/20.18.0/lib/node_modules/npm/node_modules/@npmcli/arborist/lib/arborist/reify.js:340:29)
npm warn cleanup         at process.processTicksAndRejections (node:internal/process/task_queues:95:5)
npm warn cleanup         at async Arborist.reify (/home/zhx/.workbuddy/binaries/node/versions/20.18.0/lib/node_modules/npm/node_modules/@npmcli/arborist/lib/arborist/reify.js:142:5)
npm warn cleanup         at async Install.exec (/home/zhx/.workbuddy/binaries/node/versions/20.18.0/lib/node_modules/npm/lib/commands/install.js:150:5)
npm warn cleanup   ],
npm warn cleanup   [
npm warn cleanup     '/home/zhx/TJNovel/frontend/node_modules/.chokidar-m0aHG4Cd',
npm warn cleanup     Error: [safe-delete][SAFE_DELETE_BULK_CONFIRM_REQUIRED] {"count":54,"threshold":50,"scope":"turn","targets":["/home/zhx/TJNovel/frontend/node_modules/.chokidar-m0aHG4Cd"],"targetCount":1}
npm warn cleanup         at checkBulkDeleteGuard (/home/zhx/.codebuddy-server-cn/bin/stable-a64e0542131159dfcaadd99c096dc9165c6ad3fb/extensions/genie/out/vendor/shim/node-safe-delete-shim.cjs:273:19)
npm warn cleanup         at tryTrash (/home/zhx/.codebuddy-server-cn/bin/stable-a64e0542131159dfcaadd99c096dc9165c6ad3fb/extensions/genie/out/vendor/shim/node-safe-delete-shim.cjs:602:5)
npm warn cleanup         at tryRm (/home/zhx/.codebuddy-server-cn/bin/stable-a64e0542131159dfcaadd99c096dc9165c6ad3fb/extensions/genie/out/vendor/shim/node-safe-delete-shim.cjs:775:5)
npm warn cleanup         at wrappedPromisesRm (/home/zhx/.codebuddy-server-cn/bin/stable-a64e0542131159dfcaadd99c096dc9165c6ad3fb/extensions/genie/out/vendor/shim/node-safe-delete-shim.cjs:819:15)
npm warn cleanup         at _rm (/home/zhx/.workbuddy/binaries/node/versions/20.18.0/lib/node_modules/npm/node_modules/@npmcli/arborist/lib/arborist/reify.js:1250:25)
npm warn cleanup         at [removeTrash] (/home/zhx/.workbuddy/binaries/node/versions/20.18.0/lib/node_modules/npm/node_modules/@npmcli/arborist/lib/arborist/reify.js:1253:21)
npm warn cleanup         at [reifyPackages] (/home/zhx/.workbuddy/binaries/node/versions/20.18.0/lib/node_modules/npm/node_modules/@npmcli/arborist/lib/arborist/reify.js:340:29)
npm warn cleanup         at process.processTicksAndRejections (node:internal/process/task_queues:95:5)
npm warn cleanup         at async Arborist.reify (/home/zhx/.workbuddy/binaries/node/versions/20.18.0/lib/node_modules/npm/node_modules/@npmcli/arborist/lib/arborist/reify.js:142:5)
npm warn cleanup         at async Install.exec (/home/zhx/.workbuddy/binaries/node/versions/20.18.0/lib/node_modules/npm/lib/commands/install.js:150:5)
npm warn cleanup   ],
npm warn cleanup   [
npm warn cleanup     '/home/zhx/TJNovel/frontend/node_modules/.clean-css-dT3grq3Q',
npm warn cleanup     Error: [safe-delete][SAFE_DELETE_BULK_CONFIRM_REQUIRED] {"count":53,"threshold":50,"scope":"turn","targets":["/home/zhx/TJNovel/frontend/node_modules/.clean-css-dT3grq3Q"],"targetCount":1}
npm warn cleanup         at checkBulkDeleteGuard (/home/zhx/.codebuddy-server-cn/bin/stable-a64e0542131159dfcaadd99c096dc9165c6ad3fb/extensions/genie/out/vendor/shim/node-safe-delete-shim.cjs:273:19)
npm warn cleanup         at tryTrash (/home/zhx/.codebuddy-server-cn/bin/stable-a64e0542131159dfcaadd99c096dc9165c6ad3fb/extensions/genie/out/vendor/shim/node-safe-delete-shim.cjs:602:5)
npm warn cleanup         at tryRm (/home/zhx/.codebuddy-server-cn/bin/stable-a64e0542131159dfcaadd99c096dc9165c6ad3fb/extensions/genie/out/vendor/shim/node-safe-delete-shim.cjs:775:5)
npm warn cleanup         at wrappedPromisesRm (/home/zhx/.codebuddy-server-cn/bin/stable-a64e0542131159dfcaadd99c096dc9165c6ad3fb/extensions/genie/out/vendor/shim/node-safe-delete-shim.cjs:819:15)
npm warn cleanup         at _rm (/home/zhx/.workbuddy/binaries/node/versions/20.18.0/lib/node_modules/npm/node_modules/@npmcli/arborist/lib/arborist/reify.js:1250:25)
npm warn cleanup         at [removeTrash] (/home/zhx/.workbuddy/binaries/node/versions/20.18.0/lib/node_modules/npm/node_modules/@npmcli/arborist/lib/arborist/reify.js:1253:21)
npm warn cleanup         at [reifyPackages] (/home/zhx/.workbuddy/binaries/node/versions/20.18.0/lib/node_modules/npm/node_modules/@npmcli/arborist/lib/arborist/reify.js:340:29)
npm warn cleanup         at process.processTicksAndRejections (node:internal/process/task_queues:95:5)
npm warn cleanup         at async Arborist.reify (/home/zhx/.workbuddy/binaries/node/versions/20.18.0/lib/node_modules/npm/node_modules/@npmcli/arborist/lib/arborist/reify.js:142:5)
npm warn cleanup         at async Install.exec (/home/zhx/.workbuddy/binaries/node/versions/20.18.0/lib/node_modules/npm/lib/commands/install.js:150:5)
npm warn cleanup   ],
npm warn cleanup   [
npm warn cleanup     '/home/zhx/TJNovel/frontend/node_modules/.clipboardy-lbzobpCs',
npm warn cleanup     Error: [safe-delete][SAFE_DELETE_BULK_CONFIRM_REQUIRED] {"count":53,"threshold":50,"scope":"turn","targets":["/home/zhx/TJNovel/frontend/node_modules/.clipboardy-lbzobpCs"],"targetCount":1}
npm warn cleanup         at checkBulkDeleteGuard (/home/zhx/.codebuddy-server-cn/bin/stable-a64e0542131159dfcaadd99c096dc9165c6ad3fb/extensions/genie/out/vendor/shim/node-safe-delete-shim.cjs:273:19)
npm warn cleanup         at tryTrash (/home/zhx/.codebuddy-server-cn/bin/stable-a64e0542131159dfcaadd99c096dc9165c6ad3fb/extensions/genie/out/vendor/shim/node-safe-delete-shim.cjs:602:5)
npm warn cleanup         at tryRm (/home/zhx/.codebuddy-server-cn/bin/stable-a64e0542131159dfcaadd99c096dc9165c6ad3fb/extensions/genie/out/vendor/shim/node-safe-delete-shim.cjs:775:5)
npm warn cleanup         at wrappedPromisesRm (/home/zhx/.codebuddy-server-cn/bin/stable-a64e0542131159dfcaadd99c096dc9165c6ad3fb/extensions/genie/out/vendor/shim/node-safe-delete-shim.cjs:819:15)
npm warn cleanup         at _rm (/home/zhx/.workbuddy/binaries/node/versions/20.18.0/lib/node_modules/npm/node_modules/@npmcli/arborist/lib/arborist/reify.js:1250:25)
npm warn cleanup         at [removeTrash] (/home/zhx/.workbuddy/binaries/node/versions/20.18.0/lib/node_modules/npm/node_modules/@npmcli/arborist/lib/arborist/reify.js:1253:21)
npm warn cleanup         at [reifyPackages] (/home/zhx/.workbuddy/binaries/node/versions/20.18.0/lib/node_modules/npm/node_modules/@npmcli/arborist/lib/arborist/reify.js:340:29)
npm warn cleanup         at process.processTicksAndRejections (node:internal/process/task_queues:95:5)
npm warn cleanup         at async Arborist.reify (/home/zhx/.workbuddy/binaries/node/versions/20.18.0/lib/node_modules/npm/node_modules/@npmcli/arborist/lib/arborist/reify.js:142:5)
npm warn cleanup         at async Install.exec (/home/zhx/.workbuddy/binaries/node/versions/20.18.0/lib/node_modules/npm/lib/commands/install.js:150:5)
npm warn cleanup   ],
npm warn cleanup   [
npm warn cleanup     '/home/zhx/TJNovel/frontend/node_modules/.colord-PTebJyOG',
npm warn cleanup     Error: [safe-delete][SAFE_DELETE_BULK_CONFIRM_REQUIRED] {"count":57,"threshold":50,"scope":"turn","targets":["/home/zhx/TJNovel/frontend/node_modules/.colord-PTebJyOG"],"targetCount":1}
npm warn cleanup         at checkBulkDeleteGuard (/home/zhx/.codebuddy-server-cn/bin/stable-a64e0542131159dfcaadd99c096dc9165c6ad3fb/extensions/genie/out/vendor/shim/node-safe-delete-shim.cjs:273:19)
npm warn cleanup         at tryTrash (/home/zhx/.codebuddy-server-cn/bin/stable-a64e0542131159dfcaadd99c096dc9165c6ad3fb/extensions/genie/out/vendor/shim/node-safe-delete-shim.cjs:602:5)
npm warn cleanup         at tryRm (/home/zhx/.codebuddy-server-cn/bin/stable-a64e0542131159dfcaadd99c096dc9165c6ad3fb/extensions/genie/out/vendor/shim/node-safe-delete-shim.cjs:775:5)
npm warn cleanup         at wrappedPromisesRm (/home/zhx/.codebuddy-server-cn/bin/stable-a64e0542131159dfcaadd99c096dc9165c6ad3fb/extensions/genie/out/vendor/shim/node-safe-delete-shim.cjs:819:15)
npm warn cleanup         at _rm (/home/zhx/.workbuddy/binaries/node/versions/20.18.0/lib/node_modules/npm/node_modules/@npmcli/arborist/lib/arborist/reify.js:1250:25)
npm warn cleanup         at [removeTrash] (/home/zhx/.workbuddy/binaries/node/versions/20.18.0/lib/node_modules/npm/node_modules/@npmcli/arborist/lib/arborist/reify.js:1253:21)
npm warn cleanup         at [reifyPackages] (/home/zhx/.workbuddy/binaries/node/versions/20.18.0/lib/node_modules/npm/node_modules/@npmcli/arborist/lib/arborist/reify.js:340:29)
npm warn cleanup         at process.processTicksAndRejections (node:internal/process/task_queues:95:5)
npm warn cleanup         at async Arborist.reify (/home/zhx/.workbuddy/binaries/node/versions/20.18.0/lib/node_modules/npm/node_modules/@npmcli/arborist/lib/arborist/reify.js:142:5)
npm warn cleanup         at async Install.exec (/home/zhx/.workbuddy/binaries/node/versions/20.18.0/lib/node_modules/npm/lib/commands/install.js:150:5)
npm warn cleanup   ],
npm warn cleanup   [
npm warn cleanup     '/home/zhx/TJNovel/frontend/node_modules/.commander-un2UHxUa',
npm warn cleanup     Error: [safe-delete][SAFE_DELETE_BULK_CONFIRM_REQUIRED] {"count":54,"threshold":50,"scope":"turn","targets":["/home/zhx/TJNovel/frontend/node_modules/.commander-un2UHxUa"],"targetCount":1}
npm warn cleanup         at checkBulkDeleteGuard (/home/zhx/.codebuddy-server-cn/bin/stable-a64e0542131159dfcaadd99c096dc9165c6ad3fb/extensions/genie/out/vendor/shim/node-safe-delete-shim.cjs:273:19)
npm warn cleanup         at tryTrash (/home/zhx/.codebuddy-server-cn/bin/stable-a64e0542131159dfcaadd99c096dc9165c6ad3fb/extensions/genie/out/vendor/shim/node-safe-delete-shim.cjs:602:5)
npm warn cleanup         at tryRm (/home/zhx/.codebuddy-server-cn/bin/stable-a64e0542131159dfcaadd99c096dc9165c6ad3fb/extensions/genie/out/vendor/shim/node-safe-delete-shim.cjs:775:5)
npm warn cleanup         at wrappedPromisesRm (/home/zhx/.codebuddy-server-cn/bin/stable-a64e0542131159dfcaadd99c096dc9165c6ad3fb/extensions/genie/out/vendor/shim/node-safe-delete-shim.cjs:819:15)
npm warn cleanup         at _rm (/home/zhx/.workbuddy/binaries/node/versions/20.18.0/lib/node_modules/npm/node_modules/@npmcli/arborist/lib/arborist/reify.js:1250:25)
npm warn cleanup         at [removeTrash] (/home/zhx/.workbuddy/binaries/node/versions/20.18.0/lib/node_modules/npm/node_modules/@npmcli/arborist/lib/arborist/reify.js:1253:21)
npm warn cleanup         at [reifyPackages] (/home/zhx/.workbuddy/binaries/node/versions/20.18.0/lib/node_modules/npm/node_modules/@npmcli/arborist/lib/arborist/reify.js:340:29)
npm warn cleanup         at process.processTicksAndRejections (node:internal/process/task_queues:95:5)
npm warn cleanup         at async Arborist.reify (/home/zhx/.workbuddy/binaries/node/versions/20.18.0/lib/node_modules/npm/node_modules/@npmcli/arborist/lib/arborist/reify.js:142:5)
npm warn cleanup         at async Install.exec (/home/zhx/.workbuddy/binaries/node/versions/20.18.0/lib/node_modules/npm/lib/commands/install.js:150:5)
npm warn cleanup   ],
npm warn cleanup   [
npm warn cleanup     '/home/zhx/TJNovel/frontend/node_modules/.core-js-ruhkKKAo',
npm warn cleanup     Error: [safe-delete][SAFE_DELETE_BULK_CONFIRM_REQUIRED] {"count":58,"threshold":50,"scope":"turn","targets":["/home/zhx/TJNovel/frontend/node_modules/.core-js-ruhkKKAo"],"targetCount":1}
npm warn cleanup         at checkBulkDeleteGuard (/home/zhx/.codebuddy-server-cn/bin/stable-a64e0542131159dfcaadd99c096dc9165c6ad3fb/extensions/genie/out/vendor/shim/node-safe-delete-shim.cjs:273:19)
npm warn cleanup         at tryTrash (/home/zhx/.codebuddy-server-cn/bin/stable-a64e0542131159dfcaadd99c096dc9165c6ad3fb/extensions/genie/out/vendor/shim/node-safe-delete-shim.cjs:602:5)
npm warn cleanup         at tryRm (/home/zhx/.codebuddy-server-cn/bin/stable-a64e0542131159dfcaadd99c096dc9165c6ad3fb/extensions/genie/out/vendor/shim/node-safe-delete-shim.cjs:775:5)
npm warn cleanup         at wrappedPromisesRm (/home/zhx/.codebuddy-server-cn/bin/stable-a64e0542131159dfcaadd99c096dc9165c6ad3fb/extensions/genie/out/vendor/shim/node-safe-delete-shim.cjs:819:15)
npm warn cleanup         at _rm (/home/zhx/.workbuddy/binaries/node/versions/20.18.0/lib/node_modules/npm/node_modules/@npmcli/arborist/lib/arborist/reify.js:1250:25)
npm warn cleanup         at [removeTrash] (/home/zhx/.workbuddy/binaries/node/versions/20.18.0/lib/node_modules/npm/node_modules/@npmcli/arborist/lib/arborist/reify.js:1253:21)
npm warn cleanup         at [reifyPackages] (/home/zhx/.workbuddy/binaries/node/versions/20.18.0/lib/node_modules/npm/node_modules/@npmcli/arborist/lib/arborist/reify.js:340:29)
npm warn cleanup         at process.processTicksAndRejections (node:internal/process/task_queues:95:5)
npm warn cleanup         at async Arborist.reify (/home/zhx/.workbuddy/binaries/node/versions/20.18.0/lib/node_modules/npm/node_modules/@npmcli/arborist/lib/arborist/reify.js:142:5)
npm warn cleanup         at async Install.exec (/home/zhx/.workbuddy/binaries/node/versions/20.18.0/lib/node_modules/npm/lib/commands/install.js:150:5)
npm warn cleanup   ],
npm warn cleanup   [
npm warn cleanup     '/home/zhx/TJNovel/frontend/node_modules/.core-js-compat-5IBQtr1V',
npm warn cleanup     Error: [safe-delete][SAFE_DELETE_BULK_CONFIRM_REQUIRED] {"count":56,"threshold":50,"scope":"turn","targets":["/home/zhx/TJNovel/frontend/node_modules/.core-js-compat-5IBQtr1V"],"targetCount":1}
npm warn cleanup         at checkBulkDeleteGuard (/home/zhx/.codebuddy-server-cn/bin/stable-a64e0542131159dfcaadd99c096dc9165c6ad3fb/extensions/genie/out/vendor/shim/node-safe-delete-shim.cjs:273:19)
npm warn cleanup         at tryTrash (/home/zhx/.codebuddy-server-cn/bin/stable-a64e0542131159dfcaadd99c096dc9165c6ad3fb/extensions/genie/out/vendor/shim/node-safe-delete-shim.cjs:602:5)
npm warn cleanup         at tryRm (/home/zhx/.codebuddy-server-cn/bin/stable-a64e0542131159dfcaadd99c096dc9165c6ad3fb/extensions/genie/out/vendor/shim/node-safe-delete-shim.cjs:775:5)
npm warn cleanup         at wrappedPromisesRm (/home/zhx/.codebuddy-server-cn/bin/stable-a64e0542131159dfcaadd99c096dc9165c6ad3fb/extensions/genie/out/vendor/shim/node-safe-delete-shim.cjs:819:15)
npm warn cleanup         at _rm (/home/zhx/.workbuddy/binaries/node/versions/20.18.0/lib/node_modules/npm/node_modules/@npmcli/arborist/lib/arborist/reify.js:1250:25)
npm warn cleanup         at [removeTrash] (/home/zhx/.workbuddy/binaries/node/versions/20.18.0/lib/node_modules/npm/node_modules/@npmcli/arborist/lib/arborist/reify.js:1253:21)
npm warn cleanup         at [reifyPackages] (/home/zhx/.workbuddy/binaries/node/versions/20.18.0/lib/node_modules/npm/node_modules/@npmcli/arborist/lib/arborist/reify.js:340:29)
npm warn cleanup         at process.processTicksAndRejections (node:internal/process/task_queues:95:5)
npm warn cleanup         at async Arborist.reify (/home/zhx/.workbuddy/binaries/node/versions/20.18.0/lib/node_modules/npm/node_modules/@npmcli/arborist/lib/arborist/reify.js:142:5)
npm warn cleanup         at async Install.exec (/home/zhx/.workbuddy/binaries/node/versions/20.18.0/lib/node_modules/npm/lib/commands/install.js:150:5)
npm warn cleanup   ],
npm warn cleanup   [
npm warn cleanup     '/home/zhx/TJNovel/frontend/node_modules/.cosmiconfig-ExxLBTDH',
npm warn cleanup     Error: [safe-delete][SAFE_DELETE_BULK_CONFIRM_REQUIRED] {"count":59,"threshold":50,"scope":"turn","targets":["/home/zhx/TJNovel/frontend/node_modules/.cosmiconfig-ExxLBTDH"],"targetCount":1}
npm warn cleanup         at checkBulkDeleteGuard (/home/zhx/.codebuddy-server-cn/bin/stable-a64e0542131159dfcaadd99c096dc9165c6ad3fb/extensions/genie/out/vendor/shim/node-safe-delete-shim.cjs:273:19)
npm warn cleanup         at tryTrash (/home/zhx/.codebuddy-server-cn/bin/stable-a64e0542131159dfcaadd99c096dc9165c6ad3fb/extensions/genie/out/vendor/shim/node-safe-delete-shim.cjs:602:5)
npm warn cleanup         at tryRm (/home/zhx/.codebuddy-server-cn/bin/stable-a64e0542131159dfcaadd99c096dc9165c6ad3fb/extensions/genie/out/vendor/shim/node-safe-delete-shim.cjs:775:5)
npm warn cleanup         at wrappedPromisesRm (/home/zhx/.codebuddy-server-cn/bin/stable-a64e0542131159dfcaadd99c096dc9165c6ad3fb/extensions/genie/out/vendor/shim/node-safe-delete-shim.cjs:819:15)
npm warn cleanup         at _rm (/home/zhx/.workbuddy/binaries/node/versions/20.18.0/lib/node_modules/npm/node_modules/@npmcli/arborist/lib/arborist/reify.js:1250:25)
npm warn cleanup         at [removeTrash] (/home/zhx/.workbuddy/binaries/node/versions/20.18.0/lib/node_modules/npm/node_modules/@npmcli/arborist/lib/arborist/reify.js:1253:21)
npm warn cleanup         at [reifyPackages] (/home/zhx/.workbuddy/binaries/node/versions/20.18.0/lib/node_modules/npm/node_modules/@npmcli/arborist/lib/arborist/reify.js:340:29)
npm warn cleanup         at process.processTicksAndRejections (node:internal/process/task_queues:95:5)
npm warn cleanup         at async Arborist.reify (/home/zhx/.workbuddy/binaries/node/versions/20.18.0/lib/node_modules/npm/node_modules/@npmcli/arborist/lib/arborist/reify.js:142:5)
npm warn cleanup         at async Install.exec (/home/zhx/.workbuddy/binaries/node/versions/20.18.0/lib/node_modules/npm/lib/commands/install.js:150:5)
npm warn cleanup   ],
npm warn cleanup   [
npm warn cleanup     '/home/zhx/TJNovel/frontend/node_modules/.css-loader-pjEai3U9',
npm warn cleanup     Error: [safe-delete][SAFE_DELETE_BULK_CONFIRM_REQUIRED] {"count":60,"threshold":50,"scope":"turn","targets":["/home/zhx/TJNovel/frontend/node_modules/.css-loader-pjEai3U9"],"targetCount":1}
npm warn cleanup         at checkBulkDeleteGuard (/home/zhx/.codebuddy-server-cn/bin/stable-a64e0542131159dfcaadd99c096dc9165c6ad3fb/extensions/genie/out/vendor/shim/node-safe-delete-shim.cjs:273:19)
npm warn cleanup         at tryTrash (/home/zhx/.codebuddy-server-cn/bin/stable-a64e0542131159dfcaadd99c096dc9165c6ad3fb/extensions/genie/out/vendor/shim/node-safe-delete-shim.cjs:602:5)
npm warn cleanup         at tryRm (/home/zhx/.codebuddy-server-cn/bin/stable-a64e0542131159dfcaadd99c096dc9165c6ad3fb/extensions/genie/out/vendor/shim/node-safe-delete-shim.cjs:775:5)
npm warn cleanup         at wrappedPromisesRm (/home/zhx/.codebuddy-server-cn/bin/stable-a64e0542131159dfcaadd99c096dc9165c6ad3fb/extensions/genie/out/vendor/shim/node-safe-delete-shim.cjs:819:15)
npm warn cleanup         at _rm (/home/zhx/.workbuddy/binaries/node/versions/20.18.0/lib/node_modules/npm/node_modules/@npmcli/arborist/lib/arborist/reify.js:1250:25)
npm warn cleanup         at [removeTrash] (/home/zhx/.workbuddy/binaries/node/versions/20.18.0/lib/node_modules/npm/node_modules/@npmcli/arborist/lib/arborist/reify.js:1253:21)
npm warn cleanup         at [reifyPackages] (/home/zhx/.workbuddy/binaries/node/versions/20.18.0/lib/node_modules/npm/node_modules/@npmcli/arborist/lib/arborist/reify.js:340:29)
npm warn cleanup         at process.processTicksAndRejections (node:internal/process/task_queues:95:5)
npm warn cleanup         at async Arborist.reify (/home/zhx/.workbuddy/binaries/node/versions/20.18.0/lib/node_modules/npm/node_modules/@npmcli/arborist/lib/arborist/reify.js:142:5)
npm warn cleanup         at async Install.exec (/home/zhx/.workbuddy/binaries/node/versions/20.18.0/lib/node_modules/npm/lib/commands/install.js:150:5)
npm warn cleanup   ],
npm warn cleanup   [
npm warn cleanup     '/home/zhx/TJNovel/frontend/node_modules/.css-select-yVin6Iky',
npm warn cleanup     Error: [safe-delete][SAFE_DELETE_BULK_CONFIRM_REQUIRED] {"count":55,"threshold":50,"scope":"turn","targets":["/home/zhx/TJNovel/frontend/node_modules/.css-select-yVin6Iky"],"targetCount":1}
npm warn cleanup         at checkBulkDeleteGuard (/home/zhx/.codebuddy-server-cn/bin/stable-a64e0542131159dfcaadd99c096dc9165c6ad3fb/extensions/genie/out/vendor/shim/node-safe-delete-shim.cjs:273:19)
npm warn cleanup         at tryTrash (/home/zhx/.codebuddy-server-cn/bin/stable-a64e0542131159dfcaadd99c096dc9165c6ad3fb/extensions/genie/out/vendor/shim/node-safe-delete-shim.cjs:602:5)
npm warn cleanup         at tryRm (/home/zhx/.codebuddy-server-cn/bin/stable-a64e0542131159dfcaadd99c096dc9165c6ad3fb/extensions/genie/out/vendor/shim/node-safe-delete-shim.cjs:775:5)
npm warn cleanup         at wrappedPromisesRm (/home/zhx/.codebuddy-server-cn/bin/stable-a64e0542131159dfcaadd99c096dc9165c6ad3fb/extensions/genie/out/vendor/shim/node-safe-delete-shim.cjs:819:15)
npm warn cleanup         at _rm (/home/zhx/.workbuddy/binaries/node/versions/20.18.0/lib/node_modules/npm/node_modules/@npmcli/arborist/lib/arborist/reify.js:1250:25)
npm warn cleanup         at [removeTrash] (/home/zhx/.workbuddy/binaries/node/versions/20.18.0/lib/node_modules/npm/node_modules/@npmcli/arborist/lib/arborist/reify.js:1253:21)
npm warn cleanup         at [reifyPackages] (/home/zhx/.workbuddy/binaries/node/versions/20.18.0/lib/node_modules/npm/node_modules/@npmcli/arborist/lib/arborist/reify.js:340:29)
npm warn cleanup         at process.processTicksAndRejections (node:internal/process/task_queues:95:5)
npm warn cleanup         at async Arborist.reify (/home/zhx/.workbuddy/binaries/node/versions/20.18.0/lib/node_modules/npm/node_modules/@npmcli/arborist/lib/arborist/reify.js:142:5)
npm warn cleanup         at async Install.exec (/home/zhx/.workbuddy/binaries/node/versions/20.18.0/lib/node_modules/npm/lib/commands/install.js:150:5)
npm warn cleanup   ],
npm warn cleanup   [
npm warn cleanup     '/home/zhx/TJNovel/frontend/node_modules/.css-tree-9rYyRrRF',
npm warn cleanup     Error: [safe-delete][SAFE_DELETE_BULK_CONFIRM_REQUIRED] {"count":53,"threshold":50,"scope":"turn","targets":["/home/zhx/TJNovel/frontend/node_modules/.css-tree-9rYyRrRF"],"targetCount":1}
npm warn cleanup         at checkBulkDeleteGuard (/home/zhx/.codebuddy-server-cn/bin/stable-a64e0542131159dfcaadd99c096dc9165c6ad3fb/extensions/genie/out/vendor/shim/node-safe-delete-shim.cjs:273:19)
npm warn cleanup         at tryTrash (/home/zhx/.codebuddy-server-cn/bin/stable-a64e0542131159dfcaadd99c096dc9165c6ad3fb/extensions/genie/out/vendor/shim/node-safe-delete-shim.cjs:602:5)
npm warn cleanup         at tryRm (/home/zhx/.codebuddy-server-cn/bin/stable-a64e0542131159dfcaadd99c096dc9165c6ad3fb/extensions/genie/out/vendor/shim/node-safe-delete-shim.cjs:775:5)
npm warn cleanup         at wrappedPromisesRm (/home/zhx/.codebuddy-server-cn/bin/stable-a64e0542131159dfcaadd99c096dc9165c6ad3fb/extensions/genie/out/vendor/shim/node-safe-delete-shim.cjs:819:15)
npm warn cleanup         at _rm (/home/zhx/.workbuddy/binaries/node/versions/20.18.0/lib/node_modules/npm/node_modules/@npmcli/arborist/lib/arborist/reify.js:1250:25)
npm warn cleanup         at [removeTrash] (/home/zhx/.workbuddy/binaries/node/versions/20.18.0/lib/node_modules/npm/node_modules/@npmcli/arborist/lib/arborist/reify.js:1253:21)
npm warn cleanup         at [reifyPackages] (/home/zhx/.workbuddy/binaries/node/versions/20.18.0/lib/node_modules/npm/node_modules/@npmcli/arborist/lib/arborist/reify.js:340:29)
npm warn cleanup         at process.processTicksAndRejections (node:internal/process/task_queues:95:5)
npm warn cleanup         at async Arborist.reify (/home/zhx/.workbuddy/binaries/node/versions/20.18.0/lib/node_modules/npm/node_modules/@npmcli/arborist/lib/arborist/reify.js:142:5)
npm warn cleanup         at async Install.exec (/home/zhx/.workbuddy/binaries/node/versions/20.18.0/lib/node_modules/npm/lib/commands/install.js:150:5)
npm warn cleanup   ],
npm warn cleanup   [
npm warn cleanup     '/home/zhx/TJNovel/frontend/node_modules/.css-what-QPnt1oXM',
npm warn cleanup     Error: [safe-delete][SAFE_DELETE_BULK_CONFIRM_REQUIRED] {"count":54,"threshold":50,"scope":"turn","targets":["/home/zhx/TJNovel/frontend/node_modules/.css-what-QPnt1oXM"],"targetCount":1}
npm warn cleanup         at checkBulkDeleteGuard (/home/zhx/.codebuddy-server-cn/bin/stable-a64e0542131159dfcaadd99c096dc9165c6ad3fb/extensions/genie/out/vendor/shim/node-safe-delete-shim.cjs:273:19)
npm warn cleanup         at tryTrash (/home/zhx/.codebuddy-server-cn/bin/stable-a64e0542131159dfcaadd99c096dc9165c6ad3fb/extensions/genie/out/vendor/shim/node-safe-delete-shim.cjs:602:5)
npm warn cleanup         at tryRm (/home/zhx/.codebuddy-server-cn/bin/stable-a64e0542131159dfcaadd99c096dc9165c6ad3fb/extensions/genie/out/vendor/shim/node-safe-delete-shim.cjs:775:5)
npm warn cleanup         at wrappedPromisesRm (/home/zhx/.codebuddy-server-cn/bin/stable-a64e0542131159dfcaadd99c096dc9165c6ad3fb/extensions/genie/out/vendor/shim/node-safe-delete-shim.cjs:819:15)
npm warn cleanup         at _rm (/home/zhx/.workbuddy/binaries/node/versions/20.18.0/lib/node_modules/npm/node_modules/@npmcli/arborist/lib/arborist/reify.js:1250:25)
npm warn cleanup         at [removeTrash] (/home/zhx/.workbuddy/binaries/node/versions/20.18.0/lib/node_modules/npm/node_modules/@npmcli/arborist/lib/arborist/reify.js:1253:21)
npm warn cleanup         at [reifyPackages] (/home/zhx/.workbuddy/binaries/node/versions/20.18.0/lib/node_modules/npm/node_modules/@npmcli/arborist/lib/arborist/reify.js:340:29)
npm warn cleanup         at process.processTicksAndRejections (node:internal/process/task_queues:95:5)
npm warn cleanup         at async Arborist.reify (/home/zhx/.workbuddy/binaries/node/versions/20.18.0/lib/node_modules/npm/node_modules/@npmcli/arborist/lib/arborist/reify.js:142:5)
npm warn cleanup         at async Install.exec (/home/zhx/.workbuddy/binaries/node/versions/20.18.0/lib/node_modules/npm/lib/commands/install.js:150:5)
npm warn cleanup   ],
npm warn cleanup   [
npm warn cleanup     '/home/zhx/TJNovel/frontend/node_modules/.csso-ZHEmllOT',
npm warn cleanup     Error: [safe-delete][SAFE_DELETE_BULK_CONFIRM_REQUIRED] {"count":56,"threshold":50,"scope":"turn","targets":["/home/zhx/TJNovel/frontend/node_modules/.csso-ZHEmllOT"],"targetCount":1}
npm warn cleanup         at checkBulkDeleteGuard (/home/zhx/.codebuddy-server-cn/bin/stable-a64e0542131159dfcaadd99c096dc9165c6ad3fb/extensions/genie/out/vendor/shim/node-safe-delete-shim.cjs:273:19)
npm warn cleanup         at tryTrash (/home/zhx/.codebuddy-server-cn/bin/stable-a64e0542131159dfcaadd99c096dc9165c6ad3fb/extensions/genie/out/vendor/shim/node-safe-delete-shim.cjs:602:5)
npm warn cleanup         at tryRm (/home/zhx/.codebuddy-server-cn/bin/stable-a64e0542131159dfcaadd99c096dc9165c6ad3fb/extensions/genie/out/vendor/shim/node-safe-delete-shim.cjs:775:5)
npm warn cleanup         at wrappedPromisesRm (/home/zhx/.codebuddy-server-cn/bin/stable-a64e0542131159dfcaadd99c096dc9165c6ad3fb/extensions/genie/out/vendor/shim/node-safe-delete-shim.cjs:819:15)
npm warn cleanup         at _rm (/home/zhx/.workbuddy/binaries/node/versions/20.18.0/lib/node_modules/npm/node_modules/@npmcli/arborist/lib/arborist/reify.js:1250:25)
npm warn cleanup         at [removeTrash] (/home/zhx/.workbuddy/binaries/node/versions/20.18.0/lib/node_modules/npm/node_modules/@npmcli/arborist/lib/arborist/reify.js:1253:21)
npm warn cleanup         at [reifyPackages] (/home/zhx/.workbuddy/binaries/node/versions/20.18.0/lib/node_modules/npm/node_modules/@npmcli/arborist/lib/arborist/reify.js:340:29)
npm warn cleanup         at process.processTicksAndRejections (node:internal/process/task_queues:95:5)
npm warn cleanup         at async Arborist.reify (/home/zhx/.workbuddy/binaries/node/versions/20.18.0/lib/node_modules/npm/node_modules/@npmcli/arborist/lib/arborist/reify.js:142:5)
npm warn cleanup         at async Install.exec (/home/zhx/.workbuddy/binaries/node/versions/20.18.0/lib/node_modules/npm/lib/commands/install.js:150:5)
npm warn cleanup   ],
npm warn cleanup   [
npm warn cleanup     '/home/zhx/TJNovel/frontend/node_modules/.csstype-ackvO2ap',
npm warn cleanup     Error: [safe-delete][SAFE_DELETE_BULK_CONFIRM_REQUIRED] {"count":51,"threshold":50,"scope":"turn","targets":["/home/zhx/TJNovel/frontend/node_modules/.csstype-ackvO2ap"],"targetCount":1}
npm warn cleanup         at checkBulkDeleteGuard (/home/zhx/.codebuddy-server-cn/bin/stable-a64e0542131159dfcaadd99c096dc9165c6ad3fb/extensions/genie/out/vendor/shim/node-safe-delete-shim.cjs:273:19)
npm warn cleanup         at tryTrash (/home/zhx/.codebuddy-server-cn/bin/stable-a64e0542131159dfcaadd99c096dc9165c6ad3fb/extensions/genie/out/vendor/shim/node-safe-delete-shim.cjs:602:5)
npm warn cleanup         at tryRm (/home/zhx/.codebuddy-server-cn/bin/stable-a64e0542131159dfcaadd99c096dc9165c6ad3fb/extensions/genie/out/vendor/shim/node-safe-delete-shim.cjs:775:5)
npm warn cleanup         at wrappedPromisesRm (/home/zhx/.codebuddy-server-cn/bin/stable-a64e0542131159dfcaadd99c096dc9165c6ad3fb/extensions/genie/out/vendor/shim/node-safe-delete-shim.cjs:819:15)
npm warn cleanup         at _rm (/home/zhx/.workbuddy/binaries/node/versions/20.18.0/lib/node_modules/npm/node_modules/@npmcli/arborist/lib/arborist/reify.js:1250:25)
npm warn cleanup         at [removeTrash] (/home/zhx/.workbuddy/binaries/node/versions/20.18.0/lib/node_modules/npm/node_modules/@npmcli/arborist/lib/arborist/reify.js:1253:21)
npm warn cleanup         at [reifyPackages] (/home/zhx/.workbuddy/binaries/node/versions/20.18.0/lib/node_modules/npm/node_modules/@npmcli/arborist/lib/arborist/reify.js:340:29)
npm warn cleanup         at process.processTicksAndRejections (node:internal/process/task_queues:95:5)
npm warn cleanup         at async Arborist.reify (/home/zhx/.workbuddy/binaries/node/versions/20.18.0/lib/node_modules/npm/node_modules/@npmcli/arborist/lib/arborist/reify.js:142:5)
npm warn cleanup         at async Install.exec (/home/zhx/.workbuddy/binaries/node/versions/20.18.0/lib/node_modules/npm/lib/commands/install.js:150:5)
npm warn cleanup   ],
npm warn cleanup   [
npm warn cleanup     '/home/zhx/TJNovel/frontend/node_modules/.dayjs-fCSDnAuU',
npm warn cleanup     Error: [safe-delete][SAFE_DELETE_BULK_CONFIRM_REQUIRED] {"count":58,"threshold":50,"scope":"turn","targets":["/home/zhx/TJNovel/frontend/node_modules/.dayjs-fCSDnAuU"],"targetCount":1}
npm warn cleanup         at checkBulkDeleteGuard (/home/zhx/.codebuddy-server-cn/bin/stable-a64e0542131159dfcaadd99c096dc9165c6ad3fb/extensions/genie/out/vendor/shim/node-safe-delete-shim.cjs:273:19)
npm warn cleanup         at tryTrash (/home/zhx/.codebuddy-server-cn/bin/stable-a64e0542131159dfcaadd99c096dc9165c6ad3fb/extensions/genie/out/vendor/shim/node-safe-delete-shim.cjs:602:5)
npm warn cleanup         at tryRm (/home/zhx/.codebuddy-server-cn/bin/stable-a64e0542131159dfcaadd99c096dc9165c6ad3fb/extensions/genie/out/vendor/shim/node-safe-delete-shim.cjs:775:5)
npm warn cleanup         at wrappedPromisesRm (/home/zhx/.codebuddy-server-cn/bin/stable-a64e0542131159dfcaadd99c096dc9165c6ad3fb/extensions/genie/out/vendor/shim/node-safe-delete-shim.cjs:819:15)
npm warn cleanup         at _rm (/home/zhx/.workbuddy/binaries/node/versions/20.18.0/lib/node_modules/npm/node_modules/@npmcli/arborist/lib/arborist/reify.js:1250:25)
npm warn cleanup         at [removeTrash] (/home/zhx/.workbuddy/binaries/node/versions/20.18.0/lib/node_modules/npm/node_modules/@npmcli/arborist/lib/arborist/reify.js:1253:21)
npm warn cleanup         at [reifyPackages] (/home/zhx/.workbuddy/binaries/node/versions/20.18.0/lib/node_modules/npm/node_modules/@npmcli/arborist/lib/arborist/reify.js:340:29)
npm warn cleanup         at process.processTicksAndRejections (node:internal/process/task_queues:95:5)
npm warn cleanup         at async Arborist.reify (/home/zhx/.workbuddy/binaries/node/versions/20.18.0/lib/node_modules/npm/node_modules/@npmcli/arborist/lib/arborist/reify.js:142:5)
npm warn cleanup         at async Install.exec (/home/zhx/.workbuddy/binaries/node/versions/20.18.0/lib/node_modules/npm/lib/commands/install.js:150:5)
npm warn cleanup   ],
npm warn cleanup   [
npm warn cleanup     '/home/zhx/TJNovel/frontend/node_modules/.call-bind-apply-helpers-KGc7t4nS',
npm warn cleanup     Error: [safe-delete][SAFE_DELETE_BULK_CONFIRM_REQUIRED] {"count":58,"threshold":50,"scope":"turn","targets":["/home/zhx/TJNovel/frontend/node_modules/.call-bind-apply-helpers-KGc7t4nS"],"targetCount":1}
npm warn cleanup         at checkBulkDeleteGuard (/home/zhx/.codebuddy-server-cn/bin/stable-a64e0542131159dfcaadd99c096dc9165c6ad3fb/extensions/genie/out/vendor/shim/node-safe-delete-shim.cjs:273:19)
npm warn cleanup         at tryTrash (/home/zhx/.codebuddy-server-cn/bin/stable-a64e0542131159dfcaadd99c096dc9165c6ad3fb/extensions/genie/out/vendor/shim/node-safe-delete-shim.cjs:602:5)
npm warn cleanup         at tryRm (/home/zhx/.codebuddy-server-cn/bin/stable-a64e0542131159dfcaadd99c096dc9165c6ad3fb/extensions/genie/out/vendor/shim/node-safe-delete-shim.cjs:775:5)
npm warn cleanup         at wrappedPromisesRm (/home/zhx/.codebuddy-server-cn/bin/stable-a64e0542131159dfcaadd99c096dc9165c6ad3fb/extensions/genie/out/vendor/shim/node-safe-delete-shim.cjs:819:15)
npm warn cleanup         at _rm (/home/zhx/.workbuddy/binaries/node/versions/20.18.0/lib/node_modules/npm/node_modules/@npmcli/arborist/lib/arborist/reify.js:1250:25)
npm warn cleanup         at [removeTrash] (/home/zhx/.workbuddy/binaries/node/versions/20.18.0/lib/node_modules/npm/node_modules/@npmcli/arborist/lib/arborist/reify.js:1253:21)
npm warn cleanup         at [reifyPackages] (/home/zhx/.workbuddy/binaries/node/versions/20.18.0/lib/node_modules/npm/node_modules/@npmcli/arborist/lib/arborist/reify.js:340:29)
npm warn cleanup         at process.processTicksAndRejections (node:internal/process/task_queues:95:5)
npm warn cleanup         at async Arborist.reify (/home/zhx/.workbuddy/binaries/node/versions/20.18.0/lib/node_modules/npm/node_modules/@npmcli/arborist/lib/arborist/reify.js:142:5)
npm warn cleanup         at async Install.exec (/home/zhx/.workbuddy/binaries/node/versions/20.18.0/lib/node_modules/npm/lib/commands/install.js:150:5)
npm warn cleanup   ],
npm warn cleanup   [
npm warn cleanup     '/home/zhx/TJNovel/frontend/node_modules/.echarts-fvTQyy0X',
npm warn cleanup     Error: [safe-delete][SAFE_DELETE_BULK_CONFIRM_REQUIRED] {"count":59,"threshold":50,"scope":"turn","targets":["/home/zhx/TJNovel/frontend/node_modules/.echarts-fvTQyy0X"],"targetCount":1}
npm warn cleanup         at checkBulkDeleteGuard (/home/zhx/.codebuddy-server-cn/bin/stable-a64e0542131159dfcaadd99c096dc9165c6ad3fb/extensions/genie/out/vendor/shim/node-safe-delete-shim.cjs:273:19)
npm warn cleanup         at tryTrash (/home/zhx/.codebuddy-server-cn/bin/stable-a64e0542131159dfcaadd99c096dc9165c6ad3fb/extensions/genie/out/vendor/shim/node-safe-delete-shim.cjs:602:5)
npm warn cleanup         at tryRm (/home/zhx/.codebuddy-server-cn/bin/stable-a64e0542131159dfcaadd99c096dc9165c6ad3fb/extensions/genie/out/vendor/shim/node-safe-delete-shim.cjs:775:5)
npm warn cleanup         at wrappedPromisesRm (/home/zhx/.codebuddy-server-cn/bin/stable-a64e0542131159dfcaadd99c096dc9165c6ad3fb/extensions/genie/out/vendor/shim/node-safe-delete-shim.cjs:819:15)
npm warn cleanup         at _rm (/home/zhx/.workbuddy/binaries/node/versions/20.18.0/lib/node_modules/npm/node_modules/@npmcli/arborist/lib/arborist/reify.js:1250:25)
npm warn cleanup         at [removeTrash] (/home/zhx/.workbuddy/binaries/node/versions/20.18.0/lib/node_modules/npm/node_modules/@npmcli/arborist/lib/arborist/reify.js:1253:21)
npm warn cleanup         at [reifyPackages] (/home/zhx/.workbuddy/binaries/node/versions/20.18.0/lib/node_modules/npm/node_modules/@npmcli/arborist/lib/arborist/reify.js:340:29)
npm warn cleanup         at process.processTicksAndRejections (node:internal/process/task_queues:95:5)
npm warn cleanup         at async Arborist.reify (/home/zhx/.workbuddy/binaries/node/versions/20.18.0/lib/node_modules/npm/node_modules/@npmcli/arborist/lib/arborist/reify.js:142:5)
npm warn cleanup         at async Install.exec (/home/zhx/.workbuddy/binaries/node/versions/20.18.0/lib/node_modules/npm/lib/commands/install.js:150:5)
npm warn cleanup   ],
npm warn cleanup   [
npm warn cleanup     '/home/zhx/TJNovel/frontend/node_modules/.electron-to-chromium-R4QN6Vzf',
npm warn cleanup     Error: [safe-delete][SAFE_DELETE_BULK_CONFIRM_REQUIRED] {"count":53,"threshold":50,"scope":"turn","targets":["/home/zhx/TJNovel/frontend/node_modules/.electron-to-chromium-R4QN6Vzf"],"targetCount":1}
npm warn cleanup         at checkBulkDeleteGuard (/home/zhx/.codebuddy-server-cn/bin/stable-a64e0542131159dfcaadd99c096dc9165c6ad3fb/extensions/genie/out/vendor/shim/node-safe-delete-shim.cjs:273:19)
npm warn cleanup         at tryTrash (/home/zhx/.codebuddy-server-cn/bin/stable-a64e0542131159dfcaadd99c096dc9165c6ad3fb/extensions/genie/out/vendor/shim/node-safe-delete-shim.cjs:602:5)
npm warn cleanup         at tryRm (/home/zhx/.codebuddy-server-cn/bin/stable-a64e0542131159dfcaadd99c096dc9165c6ad3fb/extensions/genie/out/vendor/shim/node-safe-delete-shim.cjs:775:5)
npm warn cleanup         at wrappedPromisesRm (/home/zhx/.codebuddy-server-cn/bin/stable-a64e0542131159dfcaadd99c096dc9165c6ad3fb/extensions/genie/out/vendor/shim/node-safe-delete-shim.cjs:819:15)
npm warn cleanup         at _rm (/home/zhx/.workbuddy/binaries/node/versions/20.18.0/lib/node_modules/npm/node_modules/@npmcli/arborist/lib/arborist/reify.js:1250:25)
npm warn cleanup         at [removeTrash] (/home/zhx/.workbuddy/binaries/node/versions/20.18.0/lib/node_modules/npm/node_modules/@npmcli/arborist/lib/arborist/reify.js:1253:21)
npm warn cleanup         at [reifyPackages] (/home/zhx/.workbuddy/binaries/node/versions/20.18.0/lib/node_modules/npm/node_modules/@npmcli/arborist/lib/arborist/reify.js:340:29)
npm warn cleanup         at process.processTicksAndRejections (node:internal/process/task_queues:95:5)
npm warn cleanup         at async Arborist.reify (/home/zhx/.workbuddy/binaries/node/versions/20.18.0/lib/node_modules/npm/node_modules/@npmcli/arborist/lib/arborist/reify.js:142:5)
npm warn cleanup         at async Install.exec (/home/zhx/.workbuddy/binaries/node/versions/20.18.0/lib/node_modules/npm/lib/commands/install.js:150:5)
npm warn cleanup   ],
npm warn cleanup   [
npm warn cleanup     '/home/zhx/TJNovel/frontend/node_modules/.element-plus-ZtKWI7RA',
npm warn cleanup     Error: [safe-delete][SAFE_DELETE_BULK_CONFIRM_REQUIRED] {"count":59,"threshold":50,"scope":"turn","targets":["/home/zhx/TJNovel/frontend/node_modules/.element-plus-ZtKWI7RA"],"targetCount":1}
npm warn cleanup         at checkBulkDeleteGuard (/home/zhx/.codebuddy-server-cn/bin/stable-a64e0542131159dfcaadd99c096dc9165c6ad3fb/extensions/genie/out/vendor/shim/node-safe-delete-shim.cjs:273:19)
npm warn cleanup         at tryTrash (/home/zhx/.codebuddy-server-cn/bin/stable-a64e0542131159dfcaadd99c096dc9165c6ad3fb/extensions/genie/out/vendor/shim/node-safe-delete-shim.cjs:602:5)
npm warn cleanup         at tryRm (/home/zhx/.codebuddy-server-cn/bin/stable-a64e0542131159dfcaadd99c096dc9165c6ad3fb/extensions/genie/out/vendor/shim/node-safe-delete-shim.cjs:775:5)
npm warn cleanup         at wrappedPromisesRm (/home/zhx/.codebuddy-server-cn/bin/stable-a64e0542131159dfcaadd99c096dc9165c6ad3fb/extensions/genie/out/vendor/shim/node-safe-delete-shim.cjs:819:15)
npm warn cleanup         at _rm (/home/zhx/.workbuddy/binaries/node/versions/20.18.0/lib/node_modules/npm/node_modules/@npmcli/arborist/lib/arborist/reify.js:1250:25)
npm warn cleanup         at [removeTrash] (/home/zhx/.workbuddy/binaries/node/versions/20.18.0/lib/node_modules/npm/node_modules/@npmcli/arborist/lib/arborist/reify.js:1253:21)
npm warn cleanup         at [reifyPackages] (/home/zhx/.workbuddy/binaries/node/versions/20.18.0/lib/node_modules/npm/node_modules/@npmcli/arborist/lib/arborist/reify.js:340:29)
npm warn cleanup         at process.processTicksAndRejections (node:internal/process/task_queues:95:5)
npm warn cleanup         at async Arborist.reify (/home/zhx/.workbuddy/binaries/node/versions/20.18.0/lib/node_modules/npm/node_modules/@npmcli/arborist/lib/arborist/reify.js:142:5)
npm warn cleanup         at async Install.exec (/home/zhx/.workbuddy/binaries/node/versions/20.18.0/lib/node_modules/npm/lib/commands/install.js:150:5)
npm warn cleanup   ],
npm warn cleanup   [
npm warn cleanup     '/home/zhx/TJNovel/frontend/node_modules/.enhanced-resolve-k9i7SiYN',
npm warn cleanup     Error: [safe-delete][SAFE_DELETE_BULK_CONFIRM_REQUIRED] {"count":58,"threshold":50,"scope":"turn","targets":["/home/zhx/TJNovel/frontend/node_modules/.enhanced-resolve-k9i7SiYN"],"targetCount":1}
npm warn cleanup         at checkBulkDeleteGuard (/home/zhx/.codebuddy-server-cn/bin/stable-a64e0542131159dfcaadd99c096dc9165c6ad3fb/extensions/genie/out/vendor/shim/node-safe-delete-shim.cjs:273:19)
npm warn cleanup         at tryTrash (/home/zhx/.codebuddy-server-cn/bin/stable-a64e0542131159dfcaadd99c096dc9165c6ad3fb/extensions/genie/out/vendor/shim/node-safe-delete-shim.cjs:602:5)
npm warn cleanup         at tryRm (/home/zhx/.codebuddy-server-cn/bin/stable-a64e0542131159dfcaadd99c096dc9165c6ad3fb/extensions/genie/out/vendor/shim/node-safe-delete-shim.cjs:775:5)
npm warn cleanup         at wrappedPromisesRm (/home/zhx/.codebuddy-server-cn/bin/stable-a64e0542131159dfcaadd99c096dc9165c6ad3fb/extensions/genie/out/vendor/shim/node-safe-delete-shim.cjs:819:15)
npm warn cleanup         at _rm (/home/zhx/.workbuddy/binaries/node/versions/20.18.0/lib/node_modules/npm/node_modules/@npmcli/arborist/lib/arborist/reify.js:1250:25)
npm warn cleanup         at [removeTrash] (/home/zhx/.workbuddy/binaries/node/versions/20.18.0/lib/node_modules/npm/node_modules/@npmcli/arborist/lib/arborist/reify.js:1253:21)
npm warn cleanup         at [reifyPackages] (/home/zhx/.workbuddy/binaries/node/versions/20.18.0/lib/node_modules/npm/node_modules/@npmcli/arborist/lib/arborist/reify.js:340:29)
npm warn cleanup         at process.processTicksAndRejections (node:internal/process/task_queues:95:5)
npm warn cleanup         at async Arborist.reify (/home/zhx/.workbuddy/binaries/node/versions/20.18.0/lib/node_modules/npm/node_modules/@npmcli/arborist/lib/arborist/reify.js:142:5)
npm warn cleanup         at async Install.exec (/home/zhx/.workbuddy/binaries/node/versions/20.18.0/lib/node_modules/npm/lib/commands/install.js:150:5)
npm warn cleanup   ],
npm warn cleanup   [
npm warn cleanup     '/home/zhx/TJNovel/frontend/node_modules/.enquirer-YmWZ0hPr',
npm warn cleanup     Error: [safe-delete][SAFE_DELETE_BULK_CONFIRM_REQUIRED] {"count":56,"threshold":50,"scope":"turn","targets":["/home/zhx/TJNovel/frontend/node_modules/.enquirer-YmWZ0hPr"],"targetCount":1}
npm warn cleanup         at checkBulkDeleteGuard (/home/zhx/.codebuddy-server-cn/bin/stable-a64e0542131159dfcaadd99c096dc9165c6ad3fb/extensions/genie/out/vendor/shim/node-safe-delete-shim.cjs:273:19)
npm warn cleanup         at tryTrash (/home/zhx/.codebuddy-server-cn/bin/stable-a64e0542131159dfcaadd99c096dc9165c6ad3fb/extensions/genie/out/vendor/shim/node-safe-delete-shim.cjs:602:5)
npm warn cleanup         at tryRm (/home/zhx/.codebuddy-server-cn/bin/stable-a64e0542131159dfcaadd99c096dc9165c6ad3fb/extensions/genie/out/vendor/shim/node-safe-delete-shim.cjs:775:5)
npm warn cleanup         at wrappedPromisesRm (/home/zhx/.codebuddy-server-cn/bin/stable-a64e0542131159dfcaadd99c096dc9165c6ad3fb/extensions/genie/out/vendor/shim/node-safe-delete-shim.cjs:819:15)
npm warn cleanup         at _rm (/home/zhx/.workbuddy/binaries/node/versions/20.18.0/lib/node_modules/npm/node_modules/@npmcli/arborist/lib/arborist/reify.js:1250:25)
npm warn cleanup         at [removeTrash] (/home/zhx/.workbuddy/binaries/node/versions/20.18.0/lib/node_modules/npm/node_modules/@npmcli/arborist/lib/arborist/reify.js:1253:21)
npm warn cleanup         at [reifyPackages] (/home/zhx/.workbuddy/binaries/node/versions/20.18.0/lib/node_modules/npm/node_modules/@npmcli/arborist/lib/arborist/reify.js:340:29)
npm warn cleanup         at process.processTicksAndRejections (node:internal/process/task_queues:95:5)
npm warn cleanup         at async Arborist.reify (/home/zhx/.workbuddy/binaries/node/versions/20.18.0/lib/node_modules/npm/node_modules/@npmcli/arborist/lib/arborist/reify.js:142:5)
npm warn cleanup         at async Install.exec (/home/zhx/.workbuddy/binaries/node/versions/20.18.0/lib/node_modules/npm/lib/commands/install.js:150:5)
npm warn cleanup   ],
npm warn cleanup   [
npm warn cleanup     '/home/zhx/TJNovel/frontend/node_modules/.entities-CKSKGoia',
npm warn cleanup     Error: [safe-delete][SAFE_DELETE_BULK_CONFIRM_REQUIRED] {"count":53,"threshold":50,"scope":"turn","targets":["/home/zhx/TJNovel/frontend/node_modules/.entities-CKSKGoia"],"targetCount":1}
npm warn cleanup         at checkBulkDeleteGuard (/home/zhx/.codebuddy-server-cn/bin/stable-a64e0542131159dfcaadd99c096dc9165c6ad3fb/extensions/genie/out/vendor/shim/node-safe-delete-shim.cjs:273:19)
npm warn cleanup         at tryTrash (/home/zhx/.codebuddy-server-cn/bin/stable-a64e0542131159dfcaadd99c096dc9165c6ad3fb/extensions/genie/out/vendor/shim/node-safe-delete-shim.cjs:602:5)
npm warn cleanup         at tryRm (/home/zhx/.codebuddy-server-cn/bin/stable-a64e0542131159dfcaadd99c096dc9165c6ad3fb/extensions/genie/out/vendor/shim/node-safe-delete-shim.cjs:775:5)
npm warn cleanup         at wrappedPromisesRm (/home/zhx/.codebuddy-server-cn/bin/stable-a64e0542131159dfcaadd99c096dc9165c6ad3fb/extensions/genie/out/vendor/shim/node-safe-delete-shim.cjs:819:15)
npm warn cleanup         at _rm (/home/zhx/.workbuddy/binaries/node/versions/20.18.0/lib/node_modules/npm/node_modules/@npmcli/arborist/lib/arborist/reify.js:1250:25)
npm warn cleanup         at [removeTrash] (/home/zhx/.workbuddy/binaries/node/versions/20.18.0/lib/node_modules/npm/node_modules/@npmcli/arborist/lib/arborist/reify.js:1253:21)
npm warn cleanup         at [reifyPackages] (/home/zhx/.workbuddy/binaries/node/versions/20.18.0/lib/node_modules/npm/node_modules/@npmcli/arborist/lib/arborist/reify.js:340:29)
npm warn cleanup         at process.processTicksAndRejections (node:internal/process/task_queues:95:5)
npm warn cleanup         at async Arborist.reify (/home/zhx/.workbuddy/binaries/node/versions/20.18.0/lib/node_modules/npm/node_modules/@npmcli/arborist/lib/arborist/reify.js:142:5)
npm warn cleanup         at async Install.exec (/home/zhx/.workbuddy/binaries/node/versions/20.18.0/lib/node_modules/npm/lib/commands/install.js:150:5)
npm warn cleanup   ],
npm warn cleanup   [
npm warn cleanup     '/home/zhx/TJNovel/frontend/node_modules/.es-module-lexer-33XTHaWS',
npm warn cleanup     Error: [safe-delete][SAFE_DELETE_BULK_CONFIRM_REQUIRED] {"count":54,"threshold":50,"scope":"turn","targets":["/home/zhx/TJNovel/frontend/node_modules/.es-module-lexer-33XTHaWS"],"targetCount":1}
npm warn cleanup         at checkBulkDeleteGuard (/home/zhx/.codebuddy-server-cn/bin/stable-a64e0542131159dfcaadd99c096dc9165c6ad3fb/extensions/genie/out/vendor/shim/node-safe-delete-shim.cjs:273:19)
npm warn cleanup         at tryTrash (/home/zhx/.codebuddy-server-cn/bin/stable-a64e0542131159dfcaadd99c096dc9165c6ad3fb/extensions/genie/out/vendor/shim/node-safe-delete-shim.cjs:602:5)
npm warn cleanup         at tryRm (/home/zhx/.codebuddy-server-cn/bin/stable-a64e0542131159dfcaadd99c096dc9165c6ad3fb/extensions/genie/out/vendor/shim/node-safe-delete-shim.cjs:775:5)
npm warn cleanup         at wrappedPromisesRm (/home/zhx/.codebuddy-server-cn/bin/stable-a64e0542131159dfcaadd99c096dc9165c6ad3fb/extensions/genie/out/vendor/shim/node-safe-delete-shim.cjs:819:15)
npm warn cleanup         at _rm (/home/zhx/.workbuddy/binaries/node/versions/20.18.0/lib/node_modules/npm/node_modules/@npmcli/arborist/lib/arborist/reify.js:1250:25)
npm warn cleanup         at [removeTrash] (/home/zhx/.workbuddy/binaries/node/versions/20.18.0/lib/node_modules/npm/node_modules/@npmcli/arborist/lib/arborist/reify.js:1253:21)
npm warn cleanup         at [reifyPackages] (/home/zhx/.workbuddy/binaries/node/versions/20.18.0/lib/node_modules/npm/node_modules/@npmcli/arborist/lib/arborist/reify.js:340:29)
npm warn cleanup         at process.processTicksAndRejections (node:internal/process/task_queues:95:5)
npm warn cleanup         at async Arborist.reify (/home/zhx/.workbuddy/binaries/node/versions/20.18.0/lib/node_modules/npm/node_modules/@npmcli/arborist/lib/arborist/reify.js:142:5)
npm warn cleanup         at async Install.exec (/home/zhx/.workbuddy/binaries/node/versions/20.18.0/lib/node_modules/npm/lib/commands/install.js:150:5)
npm warn cleanup   ],
npm warn cleanup   [
npm warn cleanup     '/home/zhx/TJNovel/frontend/node_modules/.eslint-869aw0Ov',
npm warn cleanup     Error: [safe-delete][SAFE_DELETE_BULK_CONFIRM_REQUIRED] {"count":63,"threshold":50,"scope":"turn","targets":["/home/zhx/TJNovel/frontend/node_modules/.eslint-869aw0Ov"],"targetCount":1}
npm warn cleanup         at checkBulkDeleteGuard (/home/zhx/.codebuddy-server-cn/bin/stable-a64e0542131159dfcaadd99c096dc9165c6ad3fb/extensions/genie/out/vendor/shim/node-safe-delete-shim.cjs:273:19)
npm warn cleanup         at tryTrash (/home/zhx/.codebuddy-server-cn/bin/stable-a64e0542131159dfcaadd99c096dc9165c6ad3fb/extensions/genie/out/vendor/shim/node-safe-delete-shim.cjs:602:5)
npm warn cleanup         at tryRm (/home/zhx/.codebuddy-server-cn/bin/stable-a64e0542131159dfcaadd99c096dc9165c6ad3fb/extensions/genie/out/vendor/shim/node-safe-delete-shim.cjs:775:5)
npm warn cleanup         at wrappedPromisesRm (/home/zhx/.codebuddy-server-cn/bin/stable-a64e0542131159dfcaadd99c096dc9165c6ad3fb/extensions/genie/out/vendor/shim/node-safe-delete-shim.cjs:819:15)
npm warn cleanup         at _rm (/home/zhx/.workbuddy/binaries/node/versions/20.18.0/lib/node_modules/npm/node_modules/@npmcli/arborist/lib/arborist/reify.js:1250:25)
npm warn cleanup         at [removeTrash] (/home/zhx/.workbuddy/binaries/node/versions/20.18.0/lib/node_modules/npm/node_modules/@npmcli/arborist/lib/arborist/reify.js:1253:21)
npm warn cleanup         at [reifyPackages] (/home/zhx/.workbuddy/binaries/node/versions/20.18.0/lib/node_modules/npm/node_modules/@npmcli/arborist/lib/arborist/reify.js:340:29)
npm warn cleanup         at process.processTicksAndRejections (node:internal/process/task_queues:95:5)
npm warn cleanup         at async Arborist.reify (/home/zhx/.workbuddy/binaries/node/versions/20.18.0/lib/node_modules/npm/node_modules/@npmcli/arborist/lib/arborist/reify.js:142:5)
npm warn cleanup         at async Install.exec (/home/zhx/.workbuddy/binaries/node/versions/20.18.0/lib/node_modules/npm/lib/commands/install.js:150:5)
npm warn cleanup   ],
npm warn cleanup   [
npm warn cleanup     '/home/zhx/TJNovel/frontend/node_modules/.eslint-plugin-vue-FCYfBBEY',
npm warn cleanup     Error: [safe-delete][SAFE_DELETE_BULK_CONFIRM_REQUIRED] {"count":63,"threshold":50,"scope":"turn","targets":["/home/zhx/TJNovel/frontend/node_modules/.eslint-plugin-vue-FCYfBBEY"],"targetCount":1}
npm warn cleanup         at checkBulkDeleteGuard (/home/zhx/.codebuddy-server-cn/bin/stable-a64e0542131159dfcaadd99c096dc9165c6ad3fb/extensions/genie/out/vendor/shim/node-safe-delete-shim.cjs:273:19)
npm warn cleanup         at tryTrash (/home/zhx/.codebuddy-server-cn/bin/stable-a64e0542131159dfcaadd99c096dc9165c6ad3fb/extensions/genie/out/vendor/shim/node-safe-delete-shim.cjs:602:5)
npm warn cleanup         at tryRm (/home/zhx/.codebuddy-server-cn/bin/stable-a64e0542131159dfcaadd99c096dc9165c6ad3fb/extensions/genie/out/vendor/shim/node-safe-delete-shim.cjs:775:5)
npm warn cleanup         at wrappedPromisesRm (/home/zhx/.codebuddy-server-cn/bin/stable-a64e0542131159dfcaadd99c096dc9165c6ad3fb/extensions/genie/out/vendor/shim/node-safe-delete-shim.cjs:819:15)
npm warn cleanup         at _rm (/home/zhx/.workbuddy/binaries/node/versions/20.18.0/lib/node_modules/npm/node_modules/@npmcli/arborist/lib/arborist/reify.js:1250:25)
npm warn cleanup         at [removeTrash] (/home/zhx/.workbuddy/binaries/node/versions/20.18.0/lib/node_modules/npm/node_modules/@npmcli/arborist/lib/arborist/reify.js:1253:21)
npm warn cleanup         at [reifyPackages] (/home/zhx/.workbuddy/binaries/node/versions/20.18.0/lib/node_modules/npm/node_modules/@npmcli/arborist/lib/arborist/reify.js:340:29)
npm warn cleanup         at process.processTicksAndRejections (node:internal/process/task_queues:95:5)
npm warn cleanup         at async Arborist.reify (/home/zhx/.workbuddy/binaries/node/versions/20.18.0/lib/node_modules/npm/node_modules/@npmcli/arborist/lib/arborist/reify.js:142:5)
npm warn cleanup         at async Install.exec (/home/zhx/.workbuddy/binaries/node/versions/20.18.0/lib/node_modules/npm/lib/commands/install.js:150:5)
npm warn cleanup   ],
npm warn cleanup   [
npm warn cleanup     '/home/zhx/TJNovel/frontend/node_modules/.eslint-scope-JmjwmFNd',
npm warn cleanup     Error: [safe-delete][SAFE_DELETE_BULK_CONFIRM_REQUIRED] {"count":57,"threshold":50,"scope":"turn","targets":["/home/zhx/TJNovel/frontend/node_modules/.eslint-scope-JmjwmFNd"],"targetCount":1}
npm warn cleanup         at checkBulkDeleteGuard (/home/zhx/.codebuddy-server-cn/bin/stable-a64e0542131159dfcaadd99c096dc9165c6ad3fb/extensions/genie/out/vendor/shim/node-safe-delete-shim.cjs:273:19)
npm warn cleanup         at tryTrash (/home/zhx/.codebuddy-server-cn/bin/stable-a64e0542131159dfcaadd99c096dc9165c6ad3fb/extensions/genie/out/vendor/shim/node-safe-delete-shim.cjs:602:5)
npm warn cleanup         at tryRm (/home/zhx/.codebuddy-server-cn/bin/stable-a64e0542131159dfcaadd99c096dc9165c6ad3fb/extensions/genie/out/vendor/shim/node-safe-delete-shim.cjs:775:5)
npm warn cleanup         at wrappedPromisesRm (/home/zhx/.codebuddy-server-cn/bin/stable-a64e0542131159dfcaadd99c096dc9165c6ad3fb/extensions/genie/out/vendor/shim/node-safe-delete-shim.cjs:819:15)
npm warn cleanup         at _rm (/home/zhx/.workbuddy/binaries/node/versions/20.18.0/lib/node_modules/npm/node_modules/@npmcli/arborist/lib/arborist/reify.js:1250:25)
npm warn cleanup         at [removeTrash] (/home/zhx/.workbuddy/binaries/node/versions/20.18.0/lib/node_modules/npm/node_modules/@npmcli/arborist/lib/arborist/reify.js:1253:21)
npm warn cleanup         at [reifyPackages] (/home/zhx/.workbuddy/binaries/node/versions/20.18.0/lib/node_modules/npm/node_modules/@npmcli/arborist/lib/arborist/reify.js:340:29)
npm warn cleanup         at process.processTicksAndRejections (node:internal/process/task_queues:95:5)
npm warn cleanup         at async Arborist.reify (/home/zhx/.workbuddy/binaries/node/versions/20.18.0/lib/node_modules/npm/node_modules/@npmcli/arborist/lib/arborist/reify.js:142:5)
npm warn cleanup         at async Install.exec (/home/zhx/.workbuddy/binaries/node/versions/20.18.0/lib/node_modules/npm/lib/commands/install.js:150:5)
npm warn cleanup   ],
npm warn cleanup   [
npm warn cleanup     '/home/zhx/TJNovel/frontend/node_modules/.eslint-webpack-plugin-ehfHMiwP',
npm warn cleanup     Error: [safe-delete][SAFE_DELETE_BULK_CONFIRM_REQUIRED] {"count":75,"threshold":50,"scope":"turn","targets":["/home/zhx/TJNovel/frontend/node_modules/.eslint-webpack-plugin-ehfHMiwP"],"targetCount":1}
npm warn cleanup         at checkBulkDeleteGuard (/home/zhx/.codebuddy-server-cn/bin/stable-a64e0542131159dfcaadd99c096dc9165c6ad3fb/extensions/genie/out/vendor/shim/node-safe-delete-shim.cjs:273:19)
npm warn cleanup         at tryTrash (/home/zhx/.codebuddy-server-cn/bin/stable-a64e0542131159dfcaadd99c096dc9165c6ad3fb/extensions/genie/out/vendor/shim/node-safe-delete-shim.cjs:602:5)
npm warn cleanup         at tryRm (/home/zhx/.codebuddy-server-cn/bin/stable-a64e0542131159dfcaadd99c096dc9165c6ad3fb/extensions/genie/out/vendor/shim/node-safe-delete-shim.cjs:775:5)
npm warn cleanup         at wrappedPromisesRm (/home/zhx/.codebuddy-server-cn/bin/stable-a64e0542131159dfcaadd99c096dc9165c6ad3fb/extensions/genie/out/vendor/shim/node-safe-delete-shim.cjs:819:15)
npm warn cleanup         at _rm (/home/zhx/.workbuddy/binaries/node/versions/20.18.0/lib/node_modules/npm/node_modules/@npmcli/arborist/lib/arborist/reify.js:1250:25)
npm warn cleanup         at [removeTrash] (/home/zhx/.workbuddy/binaries/node/versions/20.18.0/lib/node_modules/npm/node_modules/@npmcli/arborist/lib/arborist/reify.js:1253:21)
npm warn cleanup         at [reifyPackages] (/home/zhx/.workbuddy/binaries/node/versions/20.18.0/lib/node_modules/npm/node_modules/@npmcli/arborist/lib/arborist/reify.js:340:29)
npm warn cleanup         at process.processTicksAndRejections (node:internal/process/task_queues:95:5)
npm warn cleanup         at async Arborist.reify (/home/zhx/.workbuddy/binaries/node/versions/20.18.0/lib/node_modules/npm/node_modules/@npmcli/arborist/lib/arborist/reify.js:142:5)
npm warn cleanup         at async Install.exec (/home/zhx/.workbuddy/binaries/node/versions/20.18.0/lib/node_modules/npm/lib/commands/install.js:150:5)
npm warn cleanup   ],
npm warn cleanup   [
npm warn cleanup     '/home/zhx/TJNovel/frontend/node_modules/.espree-ksjHiQsi',
npm warn cleanup     Error: [safe-delete][SAFE_DELETE_BULK_CONFIRM_REQUIRED] {"count":61,"threshold":50,"scope":"turn","targets":["/home/zhx/TJNovel/frontend/node_modules/.espree-ksjHiQsi"],"targetCount":1}
npm warn cleanup         at checkBulkDeleteGuard (/home/zhx/.codebuddy-server-cn/bin/stable-a64e0542131159dfcaadd99c096dc9165c6ad3fb/extensions/genie/out/vendor/shim/node-safe-delete-shim.cjs:273:19)
npm warn cleanup         at tryTrash (/home/zhx/.codebuddy-server-cn/bin/stable-a64e0542131159dfcaadd99c096dc9165c6ad3fb/extensions/genie/out/vendor/shim/node-safe-delete-shim.cjs:602:5)
npm warn cleanup         at tryRm (/home/zhx/.codebuddy-server-cn/bin/stable-a64e0542131159dfcaadd99c096dc9165c6ad3fb/extensions/genie/out/vendor/shim/node-safe-delete-shim.cjs:775:5)
npm warn cleanup         at wrappedPromisesRm (/home/zhx/.codebuddy-server-cn/bin/stable-a64e0542131159dfcaadd99c096dc9165c6ad3fb/extensions/genie/out/vendor/shim/node-safe-delete-shim.cjs:819:15)
npm warn cleanup         at _rm (/home/zhx/.workbuddy/binaries/node/versions/20.18.0/lib/node_modules/npm/node_modules/@npmcli/arborist/lib/arborist/reify.js:1250:25)
npm warn cleanup         at [removeTrash] (/home/zhx/.workbuddy/binaries/node/versions/20.18.0/lib/node_modules/npm/node_modules/@npmcli/arborist/lib/arborist/reify.js:1253:21)
npm warn cleanup         at [reifyPackages] (/home/zhx/.workbuddy/binaries/node/versions/20.18.0/lib/node_modules/npm/node_modules/@npmcli/arborist/lib/arborist/reify.js:340:29)
npm warn cleanup         at process.processTicksAndRejections (node:internal/process/task_queues:95:5)
npm warn cleanup         at async Arborist.reify (/home/zhx/.workbuddy/binaries/node/versions/20.18.0/lib/node_modules/npm/node_modules/@npmcli/arborist/lib/arborist/reify.js:142:5)
npm warn cleanup         at async Install.exec (/home/zhx/.workbuddy/binaries/node/versions/20.18.0/lib/node_modules/npm/lib/commands/install.js:150:5)
npm warn cleanup   ],
npm warn cleanup   [
npm warn cleanup     '/home/zhx/TJNovel/frontend/node_modules/.esquery-iQB1rGLn',
npm warn cleanup     Error: [safe-delete][SAFE_DELETE_BULK_CONFIRM_REQUIRED] {"count":53,"threshold":50,"scope":"turn","targets":["/home/zhx/TJNovel/frontend/node_modules/.esquery-iQB1rGLn"],"targetCount":1}
npm warn cleanup         at checkBulkDeleteGuard (/home/zhx/.codebuddy-server-cn/bin/stable-a64e0542131159dfcaadd99c096dc9165c6ad3fb/extensions/genie/out/vendor/shim/node-safe-delete-shim.cjs:273:19)
npm warn cleanup         at tryTrash (/home/zhx/.codebuddy-server-cn/bin/stable-a64e0542131159dfcaadd99c096dc9165c6ad3fb/extensions/genie/out/vendor/shim/node-safe-delete-shim.cjs:602:5)
npm warn cleanup         at tryRm (/home/zhx/.codebuddy-server-cn/bin/stable-a64e0542131159dfcaadd99c096dc9165c6ad3fb/extensions/genie/out/vendor/shim/node-safe-delete-shim.cjs:775:5)
npm warn cleanup         at wrappedPromisesRm (/home/zhx/.codebuddy-server-cn/bin/stable-a64e0542131159dfcaadd99c096dc9165c6ad3fb/extensions/genie/out/vendor/shim/node-safe-delete-shim.cjs:819:15)
npm warn cleanup         at _rm (/home/zhx/.workbuddy/binaries/node/versions/20.18.0/lib/node_modules/npm/node_modules/@npmcli/arborist/lib/arborist/reify.js:1250:25)
npm warn cleanup         at [removeTrash] (/home/zhx/.workbuddy/binaries/node/versions/20.18.0/lib/node_modules/npm/node_modules/@npmcli/arborist/lib/arborist/reify.js:1253:21)
npm warn cleanup         at [reifyPackages] (/home/zhx/.workbuddy/binaries/node/versions/20.18.0/lib/node_modules/npm/node_modules/@npmcli/arborist/lib/arborist/reify.js:340:29)
npm warn cleanup         at process.processTicksAndRejections (node:internal/process/task_queues:95:5)
npm warn cleanup         at async Arborist.reify (/home/zhx/.workbuddy/binaries/node/versions/20.18.0/lib/node_modules/npm/node_modules/@npmcli/arborist/lib/arborist/reify.js:142:5)
npm warn cleanup         at async Install.exec (/home/zhx/.workbuddy/binaries/node/versions/20.18.0/lib/node_modules/npm/lib/commands/install.js:150:5)
npm warn cleanup   ],
npm warn cleanup   [
npm warn cleanup     '/home/zhx/TJNovel/frontend/node_modules/.estree-walker-VmrkTtmP',
npm warn cleanup     Error: [safe-delete][SAFE_DELETE_BULK_CONFIRM_REQUIRED] {"count":53,"threshold":50,"scope":"turn","targets":["/home/zhx/TJNovel/frontend/node_modules/.estree-walker-VmrkTtmP"],"targetCount":1}
npm warn cleanup         at checkBulkDeleteGuard (/home/zhx/.codebuddy-server-cn/bin/stable-a64e0542131159dfcaadd99c096dc9165c6ad3fb/extensions/genie/out/vendor/shim/node-safe-delete-shim.cjs:273:19)
npm warn cleanup         at tryTrash (/home/zhx/.codebuddy-server-cn/bin/stable-a64e0542131159dfcaadd99c096dc9165c6ad3fb/extensions/genie/out/vendor/shim/node-safe-delete-shim.cjs:602:5)
npm warn cleanup         at tryRm (/home/zhx/.codebuddy-server-cn/bin/stable-a64e0542131159dfcaadd99c096dc9165c6ad3fb/extensions/genie/out/vendor/shim/node-safe-delete-shim.cjs:775:5)
npm warn cleanup         at wrappedPromisesRm (/home/zhx/.codebuddy-server-cn/bin/stable-a64e0542131159dfcaadd99c096dc9165c6ad3fb/extensions/genie/out/vendor/shim/node-safe-delete-shim.cjs:819:15)
npm warn cleanup         at _rm (/home/zhx/.workbuddy/binaries/node/versions/20.18.0/lib/node_modules/npm/node_modules/@npmcli/arborist/lib/arborist/reify.js:1250:25)
npm warn cleanup         at [removeTrash] (/home/zhx/.workbuddy/binaries/node/versions/20.18.0/lib/node_modules/npm/node_modules/@npmcli/arborist/lib/arborist/reify.js:1253:21)
npm warn cleanup         at [reifyPackages] (/home/zhx/.workbuddy/binaries/node/versions/20.18.0/lib/node_modules/npm/node_modules/@npmcli/arborist/lib/arborist/reify.js:340:29)
npm warn cleanup         at process.processTicksAndRejections (node:internal/process/task_queues:95:5)
npm warn cleanup         at async Arborist.reify (/home/zhx/.workbuddy/binaries/node/versions/20.18.0/lib/node_modules/npm/node_modules/@npmcli/arborist/lib/arborist/reify.js:142:5)
npm warn cleanup         at async Install.exec (/home/zhx/.workbuddy/binaries/node/versions/20.18.0/lib/node_modules/npm/lib/commands/install.js:150:5)
npm warn cleanup   ],
npm warn cleanup   [
npm warn cleanup     '/home/zhx/TJNovel/frontend/node_modules/.events-Fy0HAqkL',
npm warn cleanup     Error: [safe-delete][SAFE_DELETE_BULK_CONFIRM_REQUIRED] {"count":58,"threshold":50,"scope":"turn","targets":["/home/zhx/TJNovel/frontend/node_modules/.events-Fy0HAqkL"],"targetCount":1}
npm warn cleanup         at checkBulkDeleteGuard (/home/zhx/.codebuddy-server-cn/bin/stable-a64e0542131159dfcaadd99c096dc9165c6ad3fb/extensions/genie/out/vendor/shim/node-safe-delete-shim.cjs:273:19)
npm warn cleanup         at tryTrash (/home/zhx/.codebuddy-server-cn/bin/stable-a64e0542131159dfcaadd99c096dc9165c6ad3fb/extensions/genie/out/vendor/shim/node-safe-delete-shim.cjs:602:5)
npm warn cleanup         at tryRm (/home/zhx/.codebuddy-server-cn/bin/stable-a64e0542131159dfcaadd99c096dc9165c6ad3fb/extensions/genie/out/vendor/shim/node-safe-delete-shim.cjs:775:5)
npm warn cleanup         at wrappedPromisesRm (/home/zhx/.codebuddy-server-cn/bin/stable-a64e0542131159dfcaadd99c096dc9165c6ad3fb/extensions/genie/out/vendor/shim/node-safe-delete-shim.cjs:819:15)
npm warn cleanup         at _rm (/home/zhx/.workbuddy/binaries/node/versions/20.18.0/lib/node_modules/npm/node_modules/@npmcli/arborist/lib/arborist/reify.js:1250:25)
npm warn cleanup         at [removeTrash] (/home/zhx/.workbuddy/binaries/node/versions/20.18.0/lib/node_modules/npm/node_modules/@npmcli/arborist/lib/arborist/reify.js:1253:21)
npm warn cleanup         at [reifyPackages] (/home/zhx/.workbuddy/binaries/node/versions/20.18.0/lib/node_modules/npm/node_modules/@npmcli/arborist/lib/arborist/reify.js:340:29)
npm warn cleanup         at process.processTicksAndRejections (node:internal/process/task_queues:95:5)
npm warn cleanup         at async Arborist.reify (/home/zhx/.workbuddy/binaries/node/versions/20.18.0/lib/node_modules/npm/node_modules/@npmcli/arborist/lib/arborist/reify.js:142:5)
npm warn cleanup         at async Install.exec (/home/zhx/.workbuddy/binaries/node/versions/20.18.0/lib/node_modules/npm/lib/commands/install.js:150:5)
npm warn cleanup   ],
npm warn cleanup   [
npm warn cleanup     '/home/zhx/TJNovel/frontend/node_modules/.express-j3B90aHm',
npm warn cleanup     Error: [safe-delete][SAFE_DELETE_BULK_CONFIRM_REQUIRED] {"count":54,"threshold":50,"scope":"turn","targets":["/home/zhx/TJNovel/frontend/node_modules/.express-j3B90aHm"],"targetCount":1}
npm warn cleanup         at checkBulkDeleteGuard (/home/zhx/.codebuddy-server-cn/bin/stable-a64e0542131159dfcaadd99c096dc9165c6ad3fb/extensions/genie/out/vendor/shim/node-safe-delete-shim.cjs:273:19)
npm warn cleanup         at tryTrash (/home/zhx/.codebuddy-server-cn/bin/stable-a64e0542131159dfcaadd99c096dc9165c6ad3fb/extensions/genie/out/vendor/shim/node-safe-delete-shim.cjs:602:5)
npm warn cleanup         at tryRm (/home/zhx/.codebuddy-server-cn/bin/stable-a64e0542131159dfcaadd99c096dc9165c6ad3fb/extensions/genie/out/vendor/shim/node-safe-delete-shim.cjs:775:5)
npm warn cleanup         at wrappedPromisesRm (/home/zhx/.codebuddy-server-cn/bin/stable-a64e0542131159dfcaadd99c096dc9165c6ad3fb/extensions/genie/out/vendor/shim/node-safe-delete-shim.cjs:819:15)
npm warn cleanup         at _rm (/home/zhx/.workbuddy/binaries/node/versions/20.18.0/lib/node_modules/npm/node_modules/@npmcli/arborist/lib/arborist/reify.js:1250:25)
npm warn cleanup         at [removeTrash] (/home/zhx/.workbuddy/binaries/node/versions/20.18.0/lib/node_modules/npm/node_modules/@npmcli/arborist/lib/arborist/reify.js:1253:21)
npm warn cleanup         at [reifyPackages] (/home/zhx/.workbuddy/binaries/node/versions/20.18.0/lib/node_modules/npm/node_modules/@npmcli/arborist/lib/arborist/reify.js:340:29)
npm warn cleanup         at process.processTicksAndRejections (node:internal/process/task_queues:95:5)
npm warn cleanup         at async Arborist.reify (/home/zhx/.workbuddy/binaries/node/versions/20.18.0/lib/node_modules/npm/node_modules/@npmcli/arborist/lib/arborist/reify.js:142:5)
npm warn cleanup         at async Install.exec (/home/zhx/.workbuddy/binaries/node/versions/20.18.0/lib/node_modules/npm/lib/commands/install.js:150:5)
npm warn cleanup   ],
npm warn cleanup   [
npm warn cleanup     '/home/zhx/TJNovel/frontend/node_modules/.fast-glob-oYMb4kEZ',
npm warn cleanup     Error: [safe-delete][SAFE_DELETE_BULK_CONFIRM_REQUIRED] {"count":53,"threshold":50,"scope":"turn","targets":["/home/zhx/TJNovel/frontend/node_modules/.fast-glob-oYMb4kEZ"],"targetCount":1}
npm warn cleanup         at checkBulkDeleteGuard (/home/zhx/.codebuddy-server-cn/bin/stable-a64e0542131159dfcaadd99c096dc9165c6ad3fb/extensions/genie/out/vendor/shim/node-safe-delete-shim.cjs:273:19)
npm warn cleanup         at tryTrash (/home/zhx/.codebuddy-server-cn/bin/stable-a64e0542131159dfcaadd99c096dc9165c6ad3fb/extensions/genie/out/vendor/shim/node-safe-delete-shim.cjs:602:5)
npm warn cleanup         at tryRm (/home/zhx/.codebuddy-server-cn/bin/stable-a64e0542131159dfcaadd99c096dc9165c6ad3fb/extensions/genie/out/vendor/shim/node-safe-delete-shim.cjs:775:5)
npm warn cleanup         at wrappedPromisesRm (/home/zhx/.codebuddy-server-cn/bin/stable-a64e0542131159dfcaadd99c096dc9165c6ad3fb/extensions/genie/out/vendor/shim/node-safe-delete-shim.cjs:819:15)
npm warn cleanup         at _rm (/home/zhx/.workbuddy/binaries/node/versions/20.18.0/lib/node_modules/npm/node_modules/@npmcli/arborist/lib/arborist/reify.js:1250:25)
npm warn cleanup         at [removeTrash] (/home/zhx/.workbuddy/binaries/node/versions/20.18.0/lib/node_modules/npm/node_modules/@npmcli/arborist/lib/arborist/reify.js:1253:21)
npm warn cleanup         at [reifyPackages] (/home/zhx/.workbuddy/binaries/node/versions/20.18.0/lib/node_modules/npm/node_modules/@npmcli/arborist/lib/arborist/reify.js:340:29)
npm warn cleanup         at process.processTicksAndRejections (node:internal/process/task_queues:95:5)
npm warn cleanup         at async Arborist.reify (/home/zhx/.workbuddy/binaries/node/versions/20.18.0/lib/node_modules/npm/node_modules/@npmcli/arborist/lib/arborist/reify.js:142:5)
npm warn cleanup         at async Install.exec (/home/zhx/.workbuddy/binaries/node/versions/20.18.0/lib/node_modules/npm/lib/commands/install.js:150:5)
npm warn cleanup   ],
npm warn cleanup   [
npm warn cleanup     '/home/zhx/TJNovel/frontend/node_modules/.fast-json-stable-stringify-eJhcgkuc',
npm warn cleanup     Error: [safe-delete][SAFE_DELETE_BULK_CONFIRM_REQUIRED] {"count":59,"threshold":50,"scope":"turn","targets":["/home/zhx/TJNovel/frontend/node_modules/.fast-json-stable-stringify-eJhcgkuc"],"targetCount":1}
npm warn cleanup         at checkBulkDeleteGuard (/home/zhx/.codebuddy-server-cn/bin/stable-a64e0542131159dfcaadd99c096dc9165c6ad3fb/extensions/genie/out/vendor/shim/node-safe-delete-shim.cjs:273:19)
npm warn cleanup         at tryTrash (/home/zhx/.codebuddy-server-cn/bin/stable-a64e0542131159dfcaadd99c096dc9165c6ad3fb/extensions/genie/out/vendor/shim/node-safe-delete-shim.cjs:602:5)
npm warn cleanup         at tryRm (/home/zhx/.codebuddy-server-cn/bin/stable-a64e0542131159dfcaadd99c096dc9165c6ad3fb/extensions/genie/out/vendor/shim/node-safe-delete-shim.cjs:775:5)
npm warn cleanup         at wrappedPromisesRm (/home/zhx/.codebuddy-server-cn/bin/stable-a64e0542131159dfcaadd99c096dc9165c6ad3fb/extensions/genie/out/vendor/shim/node-safe-delete-shim.cjs:819:15)
npm warn cleanup         at _rm (/home/zhx/.workbuddy/binaries/node/versions/20.18.0/lib/node_modules/npm/node_modules/@npmcli/arborist/lib/arborist/reify.js:1250:25)
npm warn cleanup         at [removeTrash] (/home/zhx/.workbuddy/binaries/node/versions/20.18.0/lib/node_modules/npm/node_modules/@npmcli/arborist/lib/arborist/reify.js:1253:21)
npm warn cleanup         at [reifyPackages] (/home/zhx/.workbuddy/binaries/node/versions/20.18.0/lib/node_modules/npm/node_modules/@npmcli/arborist/lib/arborist/reify.js:340:29)
npm warn cleanup         at process.processTicksAndRejections (node:internal/process/task_queues:95:5)
npm warn cleanup         at async Arborist.reify (/home/zhx/.workbuddy/binaries/node/versions/20.18.0/lib/node_modules/npm/node_modules/@npmcli/arborist/lib/arborist/reify.js:142:5)
npm warn cleanup         at async Install.exec (/home/zhx/.workbuddy/binaries/node/versions/20.18.0/lib/node_modules/npm/lib/commands/install.js:150:5)
npm warn cleanup   ],
npm warn cleanup   [
npm warn cleanup     '/home/zhx/TJNovel/frontend/node_modules/.fast-uri-eB1Mrg6m',
npm warn cleanup     Error: [safe-delete][SAFE_DELETE_BULK_CONFIRM_REQUIRED] {"count":58,"threshold":50,"scope":"turn","targets":["/home/zhx/TJNovel/frontend/node_modules/.fast-uri-eB1Mrg6m"],"targetCount":1}
npm warn cleanup         at checkBulkDeleteGuard (/home/zhx/.codebuddy-server-cn/bin/stable-a64e0542131159dfcaadd99c096dc9165c6ad3fb/extensions/genie/out/vendor/shim/node-safe-delete-shim.cjs:273:19)
npm warn cleanup         at tryTrash (/home/zhx/.codebuddy-server-cn/bin/stable-a64e0542131159dfcaadd99c096dc9165c6ad3fb/extensions/genie/out/vendor/shim/node-safe-delete-shim.cjs:602:5)
npm warn cleanup         at tryRm (/home/zhx/.codebuddy-server-cn/bin/stable-a64e0542131159dfcaadd99c096dc9165c6ad3fb/extensions/genie/out/vendor/shim/node-safe-delete-shim.cjs:775:5)
npm warn cleanup         at wrappedPromisesRm (/home/zhx/.codebuddy-server-cn/bin/stable-a64e0542131159dfcaadd99c096dc9165c6ad3fb/extensions/genie/out/vendor/shim/node-safe-delete-shim.cjs:819:15)
npm warn cleanup         at _rm (/home/zhx/.workbuddy/binaries/node/versions/20.18.0/lib/node_modules/npm/node_modules/@npmcli/arborist/lib/arborist/reify.js:1250:25)
npm warn cleanup         at [removeTrash] (/home/zhx/.workbuddy/binaries/node/versions/20.18.0/lib/node_modules/npm/node_modules/@npmcli/arborist/lib/arborist/reify.js:1253:21)
npm warn cleanup         at [reifyPackages] (/home/zhx/.workbuddy/binaries/node/versions/20.18.0/lib/node_modules/npm/node_modules/@npmcli/arborist/lib/arborist/reify.js:340:29)
npm warn cleanup         at process.processTicksAndRejections (node:internal/process/task_queues:95:5)
npm warn cleanup         at async Arborist.reify (/home/zhx/.workbuddy/binaries/node/versions/20.18.0/lib/node_modules/npm/node_modules/@npmcli/arborist/lib/arborist/reify.js:142:5)
npm warn cleanup         at async Install.exec (/home/zhx/.workbuddy/binaries/node/versions/20.18.0/lib/node_modules/npm/lib/commands/install.js:150:5)
npm warn cleanup   ],
npm warn cleanup   [
npm warn cleanup     '/home/zhx/TJNovel/frontend/node_modules/.faye-websocket-SMw7XnDM',
npm warn cleanup     Error: [safe-delete][SAFE_DELETE_BULK_CONFIRM_REQUIRED] {"count":53,"threshold":50,"scope":"turn","targets":["/home/zhx/TJNovel/frontend/node_modules/.faye-websocket-SMw7XnDM"],"targetCount":1}
npm warn cleanup         at checkBulkDeleteGuard (/home/zhx/.codebuddy-server-cn/bin/stable-a64e0542131159dfcaadd99c096dc9165c6ad3fb/extensions/genie/out/vendor/shim/node-safe-delete-shim.cjs:273:19)
npm warn cleanup         at tryTrash (/home/zhx/.codebuddy-server-cn/bin/stable-a64e0542131159dfcaadd99c096dc9165c6ad3fb/extensions/genie/out/vendor/shim/node-safe-delete-shim.cjs:602:5)
npm warn cleanup         at tryRm (/home/zhx/.codebuddy-server-cn/bin/stable-a64e0542131159dfcaadd99c096dc9165c6ad3fb/extensions/genie/out/vendor/shim/node-safe-delete-shim.cjs:775:5)
npm warn cleanup         at wrappedPromisesRm (/home/zhx/.codebuddy-server-cn/bin/stable-a64e0542131159dfcaadd99c096dc9165c6ad3fb/extensions/genie/out/vendor/shim/node-safe-delete-shim.cjs:819:15)
npm warn cleanup         at _rm (/home/zhx/.workbuddy/binaries/node/versions/20.18.0/lib/node_modules/npm/node_modules/@npmcli/arborist/lib/arborist/reify.js:1250:25)
npm warn cleanup         at [removeTrash] (/home/zhx/.workbuddy/binaries/node/versions/20.18.0/lib/node_modules/npm/node_modules/@npmcli/arborist/lib/arborist/reify.js:1253:21)
npm warn cleanup         at [reifyPackages] (/home/zhx/.workbuddy/binaries/node/versions/20.18.0/lib/node_modules/npm/node_modules/@npmcli/arborist/lib/arborist/reify.js:340:29)
npm warn cleanup         at process.processTicksAndRejections (node:internal/process/task_queues:95:5)
npm warn cleanup         at async Arborist.reify (/home/zhx/.workbuddy/binaries/node/versions/20.18.0/lib/node_modules/npm/node_modules/@npmcli/arborist/lib/arborist/reify.js:142:5)
npm warn cleanup         at async Install.exec (/home/zhx/.workbuddy/binaries/node/versions/20.18.0/lib/node_modules/npm/lib/commands/install.js:150:5)
npm warn cleanup   ],
npm warn cleanup   [
npm warn cleanup     '/home/zhx/TJNovel/frontend/node_modules/.flat-tnlTxiTw',
npm warn cleanup     Error: [safe-delete][SAFE_DELETE_BULK_CONFIRM_REQUIRED] {"count":53,"threshold":50,"scope":"turn","targets":["/home/zhx/TJNovel/frontend/node_modules/.flat-tnlTxiTw"],"targetCount":1}
npm warn cleanup         at checkBulkDeleteGuard (/home/zhx/.codebuddy-server-cn/bin/stable-a64e0542131159dfcaadd99c096dc9165c6ad3fb/extensions/genie/out/vendor/shim/node-safe-delete-shim.cjs:273:19)
npm warn cleanup         at tryTrash (/home/zhx/.codebuddy-server-cn/bin/stable-a64e0542131159dfcaadd99c096dc9165c6ad3fb/extensions/genie/out/vendor/shim/node-safe-delete-shim.cjs:602:5)
npm warn cleanup         at tryRm (/home/zhx/.codebuddy-server-cn/bin/stable-a64e0542131159dfcaadd99c096dc9165c6ad3fb/extensions/genie/out/vendor/shim/node-safe-delete-shim.cjs:775:5)
npm warn cleanup         at wrappedPromisesRm (/home/zhx/.codebuddy-server-cn/bin/stable-a64e0542131159dfcaadd99c096dc9165c6ad3fb/extensions/genie/out/vendor/shim/node-safe-delete-shim.cjs:819:15)
npm warn cleanup         at _rm (/home/zhx/.workbuddy/binaries/node/versions/20.18.0/lib/node_modules/npm/node_modules/@npmcli/arborist/lib/arborist/reify.js:1250:25)
npm warn cleanup         at [removeTrash] (/home/zhx/.workbuddy/binaries/node/versions/20.18.0/lib/node_modules/npm/node_modules/@npmcli/arborist/lib/arborist/reify.js:1253:21)
npm warn cleanup         at [reifyPackages] (/home/zhx/.workbuddy/binaries/node/versions/20.18.0/lib/node_modules/npm/node_modules/@npmcli/arborist/lib/arborist/reify.js:340:29)
npm warn cleanup         at process.processTicksAndRejections (node:internal/process/task_queues:95:5)
npm warn cleanup         at async Arborist.reify (/home/zhx/.workbuddy/binaries/node/versions/20.18.0/lib/node_modules/npm/node_modules/@npmcli/arborist/lib/arborist/reify.js:142:5)
npm warn cleanup         at async Install.exec (/home/zhx/.workbuddy/binaries/node/versions/20.18.0/lib/node_modules/npm/lib/commands/install.js:150:5)
npm warn cleanup   ],
npm warn cleanup   [
npm warn cleanup     '/home/zhx/TJNovel/frontend/node_modules/.flat-cache-b6VVD3FZ',
npm warn cleanup     Error: [safe-delete][SAFE_DELETE_BULK_CONFIRM_REQUIRED] {"count":52,"threshold":50,"scope":"turn","targets":["/home/zhx/TJNovel/frontend/node_modules/.flat-cache-b6VVD3FZ"],"targetCount":1}
npm warn cleanup         at checkBulkDeleteGuard (/home/zhx/.codebuddy-server-cn/bin/stable-a64e0542131159dfcaadd99c096dc9165c6ad3fb/extensions/genie/out/vendor/shim/node-safe-delete-shim.cjs:273:19)
npm warn cleanup         at tryTrash (/home/zhx/.codebuddy-server-cn/bin/stable-a64e0542131159dfcaadd99c096dc9165c6ad3fb/extensions/genie/out/vendor/shim/node-safe-delete-shim.cjs:602:5)
npm warn cleanup         at tryRm (/home/zhx/.codebuddy-server-cn/bin/stable-a64e0542131159dfcaadd99c096dc9165c6ad3fb/extensions/genie/out/vendor/shim/node-safe-delete-shim.cjs:775:5)
npm warn cleanup         at wrappedPromisesRm (/home/zhx/.codebuddy-server-cn/bin/stable-a64e0542131159dfcaadd99c096dc9165c6ad3fb/extensions/genie/out/vendor/shim/node-safe-delete-shim.cjs:819:15)
npm warn cleanup         at _rm (/home/zhx/.workbuddy/binaries/node/versions/20.18.0/lib/node_modules/npm/node_modules/@npmcli/arborist/lib/arborist/reify.js:1250:25)
npm warn cleanup         at [removeTrash] (/home/zhx/.workbuddy/binaries/node/versions/20.18.0/lib/node_modules/npm/node_modules/@npmcli/arborist/lib/arborist/reify.js:1253:21)
npm warn cleanup         at [reifyPackages] (/home/zhx/.workbuddy/binaries/node/versions/20.18.0/lib/node_modules/npm/node_modules/@npmcli/arborist/lib/arborist/reify.js:340:29)
npm warn cleanup         at process.processTicksAndRejections (node:internal/process/task_queues:95:5)
npm warn cleanup         at async Arborist.reify (/home/zhx/.workbuddy/binaries/node/versions/20.18.0/lib/node_modules/npm/node_modules/@npmcli/arborist/lib/arborist/reify.js:142:5)
npm warn cleanup         at async Install.exec (/home/zhx/.workbuddy/binaries/node/versions/20.18.0/lib/node_modules/npm/lib/commands/install.js:150:5)
npm warn cleanup   ],
npm warn cleanup   [
npm warn cleanup     '/home/zhx/TJNovel/frontend/node_modules/.flatted-hlRS13a1',
npm warn cleanup     Error: [safe-delete][SAFE_DELETE_BULK_CONFIRM_REQUIRED] {"count":53,"threshold":50,"scope":"turn","targets":["/home/zhx/TJNovel/frontend/node_modules/.flatted-hlRS13a1"],"targetCount":1}
npm warn cleanup         at checkBulkDeleteGuard (/home/zhx/.codebuddy-server-cn/bin/stable-a64e0542131159dfcaadd99c096dc9165c6ad3fb/extensions/genie/out/vendor/shim/node-safe-delete-shim.cjs:273:19)
npm warn cleanup         at tryTrash (/home/zhx/.codebuddy-server-cn/bin/stable-a64e0542131159dfcaadd99c096dc9165c6ad3fb/extensions/genie/out/vendor/shim/node-safe-delete-shim.cjs:602:5)
npm warn cleanup         at tryRm (/home/zhx/.codebuddy-server-cn/bin/stable-a64e0542131159dfcaadd99c096dc9165c6ad3fb/extensions/genie/out/vendor/shim/node-safe-delete-shim.cjs:775:5)
npm warn cleanup         at wrappedPromisesRm (/home/zhx/.codebuddy-server-cn/bin/stable-a64e0542131159dfcaadd99c096dc9165c6ad3fb/extensions/genie/out/vendor/shim/node-safe-delete-shim.cjs:819:15)
npm warn cleanup         at _rm (/home/zhx/.workbuddy/binaries/node/versions/20.18.0/lib/node_modules/npm/node_modules/@npmcli/arborist/lib/arborist/reify.js:1250:25)
npm warn cleanup         at [removeTrash] (/home/zhx/.workbuddy/binaries/node/versions/20.18.0/lib/node_modules/npm/node_modules/@npmcli/arborist/lib/arborist/reify.js:1253:21)
npm warn cleanup         at [reifyPackages] (/home/zhx/.workbuddy/binaries/node/versions/20.18.0/lib/node_modules/npm/node_modules/@npmcli/arborist/lib/arborist/reify.js:340:29)
npm warn cleanup         at process.processTicksAndRejections (node:internal/process/task_queues:95:5)
npm warn cleanup         at async Arborist.reify (/home/zhx/.workbuddy/binaries/node/versions/20.18.0/lib/node_modules/npm/node_modules/@npmcli/arborist/lib/arborist/reify.js:142:5)
npm warn cleanup         at async Install.exec (/home/zhx/.workbuddy/binaries/node/versions/20.18.0/lib/node_modules/npm/lib/commands/install.js:150:5)
npm warn cleanup   ],
npm warn cleanup   [
npm warn cleanup     '/home/zhx/TJNovel/frontend/node_modules/.follow-redirects-6DpeXfMW',
npm warn cleanup     Error: [safe-delete][SAFE_DELETE_BULK_CONFIRM_REQUIRED] {"count":54,"threshold":50,"scope":"turn","targets":["/home/zhx/TJNovel/frontend/node_modules/.follow-redirects-6DpeXfMW"],"targetCount":1}
npm warn cleanup         at checkBulkDeleteGuard (/home/zhx/.codebuddy-server-cn/bin/stable-a64e0542131159dfcaadd99c096dc9165c6ad3fb/extensions/genie/out/vendor/shim/node-safe-delete-shim.cjs:273:19)
npm warn cleanup         at tryTrash (/home/zhx/.codebuddy-server-cn/bin/stable-a64e0542131159dfcaadd99c096dc9165c6ad3fb/extensions/genie/out/vendor/shim/node-safe-delete-shim.cjs:602:5)
npm warn cleanup         at tryRm (/home/zhx/.codebuddy-server-cn/bin/stable-a64e0542131159dfcaadd99c096dc9165c6ad3fb/extensions/genie/out/vendor/shim/node-safe-delete-shim.cjs:775:5)
npm warn cleanup         at wrappedPromisesRm (/home/zhx/.codebuddy-server-cn/bin/stable-a64e0542131159dfcaadd99c096dc9165c6ad3fb/extensions/genie/out/vendor/shim/node-safe-delete-shim.cjs:819:15)
npm warn cleanup         at _rm (/home/zhx/.workbuddy/binaries/node/versions/20.18.0/lib/node_modules/npm/node_modules/@npmcli/arborist/lib/arborist/reify.js:1250:25)
npm warn cleanup         at [removeTrash] (/home/zhx/.workbuddy/binaries/node/versions/20.18.0/lib/node_modules/npm/node_modules/@npmcli/arborist/lib/arborist/reify.js:1253:21)
npm warn cleanup         at [reifyPackages] (/home/zhx/.workbuddy/binaries/node/versions/20.18.0/lib/node_modules/npm/node_modules/@npmcli/arborist/lib/arborist/reify.js:340:29)
npm warn cleanup         at process.processTicksAndRejections (node:internal/process/task_queues:95:5)
npm warn cleanup         at async Arborist.reify (/home/zhx/.workbuddy/binaries/node/versions/20.18.0/lib/node_modules/npm/node_modules/@npmcli/arborist/lib/arborist/reify.js:142:5)
npm warn cleanup         at async Install.exec (/home/zhx/.workbuddy/binaries/node/versions/20.18.0/lib/node_modules/npm/lib/commands/install.js:150:5)
npm warn cleanup   ],
npm warn cleanup   [
npm warn cleanup     '/home/zhx/TJNovel/frontend/node_modules/.form-data-hWsnszwP',
npm warn cleanup     Error: [safe-delete][SAFE_DELETE_BULK_CONFIRM_REQUIRED] {"count":52,"threshold":50,"scope":"turn","targets":["/home/zhx/TJNovel/frontend/node_modules/.form-data-hWsnszwP"],"targetCount":1}
npm warn cleanup         at checkBulkDeleteGuard (/home/zhx/.codebuddy-server-cn/bin/stable-a64e0542131159dfcaadd99c096dc9165c6ad3fb/extensions/genie/out/vendor/shim/node-safe-delete-shim.cjs:273:19)
npm warn cleanup         at tryTrash (/home/zhx/.codebuddy-server-cn/bin/stable-a64e0542131159dfcaadd99c096dc9165c6ad3fb/extensions/genie/out/vendor/shim/node-safe-delete-shim.cjs:602:5)
npm warn cleanup         at tryRm (/home/zhx/.codebuddy-server-cn/bin/stable-a64e0542131159dfcaadd99c096dc9165c6ad3fb/extensions/genie/out/vendor/shim/node-safe-delete-shim.cjs:775:5)
npm warn cleanup         at wrappedPromisesRm (/home/zhx/.codebuddy-server-cn/bin/stable-a64e0542131159dfcaadd99c096dc9165c6ad3fb/extensions/genie/out/vendor/shim/node-safe-delete-shim.cjs:819:15)
npm warn cleanup         at _rm (/home/zhx/.workbuddy/binaries/node/versions/20.18.0/lib/node_modules/npm/node_modules/@npmcli/arborist/lib/arborist/reify.js:1250:25)
npm warn cleanup         at [removeTrash] (/home/zhx/.workbuddy/binaries/node/versions/20.18.0/lib/node_modules/npm/node_modules/@npmcli/arborist/lib/arborist/reify.js:1253:21)
npm warn cleanup         at [reifyPackages] (/home/zhx/.workbuddy/binaries/node/versions/20.18.0/lib/node_modules/npm/node_modules/@npmcli/arborist/lib/arborist/reify.js:340:29)
npm warn cleanup         at process.processTicksAndRejections (node:internal/process/task_queues:95:5)
npm warn cleanup         at async Arborist.reify (/home/zhx/.workbuddy/binaries/node/versions/20.18.0/lib/node_modules/npm/node_modules/@npmcli/arborist/lib/arborist/reify.js:142:5)
npm warn cleanup         at async Install.exec (/home/zhx/.workbuddy/binaries/node/versions/20.18.0/lib/node_modules/npm/lib/commands/install.js:150:5)
npm warn cleanup   ],
npm warn cleanup   [
npm warn cleanup     '/home/zhx/TJNovel/frontend/node_modules/.fraction.js-j5ZL38iT',
npm warn cleanup     Error: [safe-delete][SAFE_DELETE_BULK_CONFIRM_REQUIRED] {"count":52,"threshold":50,"scope":"turn","targets":["/home/zhx/TJNovel/frontend/node_modules/.fraction.js-j5ZL38iT"],"targetCount":1}
npm warn cleanup         at checkBulkDeleteGuard (/home/zhx/.codebuddy-server-cn/bin/stable-a64e0542131159dfcaadd99c096dc9165c6ad3fb/extensions/genie/out/vendor/shim/node-safe-delete-shim.cjs:273:19)
npm warn cleanup         at tryTrash (/home/zhx/.codebuddy-server-cn/bin/stable-a64e0542131159dfcaadd99c096dc9165c6ad3fb/extensions/genie/out/vendor/shim/node-safe-delete-shim.cjs:602:5)
npm warn cleanup         at tryRm (/home/zhx/.codebuddy-server-cn/bin/stable-a64e0542131159dfcaadd99c096dc9165c6ad3fb/extensions/genie/out/vendor/shim/node-safe-delete-shim.cjs:775:5)
npm warn cleanup         at wrappedPromisesRm (/home/zhx/.codebuddy-server-cn/bin/stable-a64e0542131159dfcaadd99c096dc9165c6ad3fb/extensions/genie/out/vendor/shim/node-safe-delete-shim.cjs:819:15)
npm warn cleanup         at _rm (/home/zhx/.workbuddy/binaries/node/versions/20.18.0/lib/node_modules/npm/node_modules/@npmcli/arborist/lib/arborist/reify.js:1250:25)
npm warn cleanup         at [removeTrash] (/home/zhx/.workbuddy/binaries/node/versions/20.18.0/lib/node_modules/npm/node_modules/@npmcli/arborist/lib/arborist/reify.js:1253:21)
npm warn cleanup         at [reifyPackages] (/home/zhx/.workbuddy/binaries/node/versions/20.18.0/lib/node_modules/npm/node_modules/@npmcli/arborist/lib/arborist/reify.js:340:29)
npm warn cleanup         at process.processTicksAndRejections (node:internal/process/task_queues:95:5)
npm warn cleanup         at async Arborist.reify (/home/zhx/.workbuddy/binaries/node/versions/20.18.0/lib/node_modules/npm/node_modules/@npmcli/arborist/lib/arborist/reify.js:142:5)
npm warn cleanup         at async Install.exec (/home/zhx/.workbuddy/binaries/node/versions/20.18.0/lib/node_modules/npm/lib/commands/install.js:150:5)
npm warn cleanup   ],
npm warn cleanup   [
npm warn cleanup     '/home/zhx/TJNovel/frontend/node_modules/.fs-extra-RFrwAvYC',
npm warn cleanup     Error: [safe-delete][SAFE_DELETE_BULK_CONFIRM_REQUIRED] {"count":51,"threshold":50,"scope":"turn","targets":["/home/zhx/TJNovel/frontend/node_modules/.fs-extra-RFrwAvYC"],"targetCount":1}
npm warn cleanup         at checkBulkDeleteGuard (/home/zhx/.codebuddy-server-cn/bin/stable-a64e0542131159dfcaadd99c096dc9165c6ad3fb/extensions/genie/out/vendor/shim/node-safe-delete-shim.cjs:273:19)
npm warn cleanup         at tryTrash (/home/zhx/.codebuddy-server-cn/bin/stable-a64e0542131159dfcaadd99c096dc9165c6ad3fb/extensions/genie/out/vendor/shim/node-safe-delete-shim.cjs:602:5)
npm warn cleanup         at tryRm (/home/zhx/.codebuddy-server-cn/bin/stable-a64e0542131159dfcaadd99c096dc9165c6ad3fb/extensions/genie/out/vendor/shim/node-safe-delete-shim.cjs:775:5)
npm warn cleanup         at wrappedPromisesRm (/home/zhx/.codebuddy-server-cn/bin/stable-a64e0542131159dfcaadd99c096dc9165c6ad3fb/extensions/genie/out/vendor/shim/node-safe-delete-shim.cjs:819:15)
npm warn cleanup         at _rm (/home/zhx/.workbuddy/binaries/node/versions/20.18.0/lib/node_modules/npm/node_modules/@npmcli/arborist/lib/arborist/reify.js:1250:25)
npm warn cleanup         at [removeTrash] (/home/zhx/.workbuddy/binaries/node/versions/20.18.0/lib/node_modules/npm/node_modules/@npmcli/arborist/lib/arborist/reify.js:1253:21)
npm warn cleanup         at [reifyPackages] (/home/zhx/.workbuddy/binaries/node/versions/20.18.0/lib/node_modules/npm/node_modules/@npmcli/arborist/lib/arborist/reify.js:340:29)
npm warn cleanup         at process.processTicksAndRejections (node:internal/process/task_queues:95:5)
npm warn cleanup         at async Arborist.reify (/home/zhx/.workbuddy/binaries/node/versions/20.18.0/lib/node_modules/npm/node_modules/@npmcli/arborist/lib/arborist/reify.js:142:5)
npm warn cleanup         at async Install.exec (/home/zhx/.workbuddy/binaries/node/versions/20.18.0/lib/node_modules/npm/lib/commands/install.js:150:5)
npm warn cleanup   ],
npm warn cleanup   [
npm warn cleanup     '/home/zhx/TJNovel/frontend/node_modules/.fs-monkey-bB2WAyrH',
npm warn cleanup     Error: [safe-delete][SAFE_DELETE_BULK_CONFIRM_REQUIRED] {"count":52,"threshold":50,"scope":"turn","targets":["/home/zhx/TJNovel/frontend/node_modules/.fs-monkey-bB2WAyrH"],"targetCount":1}
npm warn cleanup         at checkBulkDeleteGuard (/home/zhx/.codebuddy-server-cn/bin/stable-a64e0542131159dfcaadd99c096dc9165c6ad3fb/extensions/genie/out/vendor/shim/node-safe-delete-shim.cjs:273:19)
npm warn cleanup         at tryTrash (/home/zhx/.codebuddy-server-cn/bin/stable-a64e0542131159dfcaadd99c096dc9165c6ad3fb/extensions/genie/out/vendor/shim/node-safe-delete-shim.cjs:602:5)
npm warn cleanup         at tryRm (/home/zhx/.codebuddy-server-cn/bin/stable-a64e0542131159dfcaadd99c096dc9165c6ad3fb/extensions/genie/out/vendor/shim/node-safe-delete-shim.cjs:775:5)
npm warn cleanup         at wrappedPromisesRm (/home/zhx/.codebuddy-server-cn/bin/stable-a64e0542131159dfcaadd99c096dc9165c6ad3fb/extensions/genie/out/vendor/shim/node-safe-delete-shim.cjs:819:15)
npm warn cleanup         at _rm (/home/zhx/.workbuddy/binaries/node/versions/20.18.0/lib/node_modules/npm/node_modules/@npmcli/arborist/lib/arborist/reify.js:1250:25)
npm warn cleanup         at [removeTrash] (/home/zhx/.workbuddy/binaries/node/versions/20.18.0/lib/node_modules/npm/node_modules/@npmcli/arborist/lib/arborist/reify.js:1253:21)
npm warn cleanup         at [reifyPackages] (/home/zhx/.workbuddy/binaries/node/versions/20.18.0/lib/node_modules/npm/node_modules/@npmcli/arborist/lib/arborist/reify.js:340:29)
npm warn cleanup         at process.processTicksAndRejections (node:internal/process/task_queues:95:5)
npm warn cleanup         at async Arborist.reify (/home/zhx/.workbuddy/binaries/node/versions/20.18.0/lib/node_modules/npm/node_modules/@npmcli/arborist/lib/arborist/reify.js:142:5)
npm warn cleanup         at async Install.exec (/home/zhx/.workbuddy/binaries/node/versions/20.18.0/lib/node_modules/npm/lib/commands/install.js:150:5)
npm warn cleanup   ],
npm warn cleanup   [
npm warn cleanup     '/home/zhx/TJNovel/frontend/node_modules/.function-bind-uBY2u1b8',
npm warn cleanup     Error: [safe-delete][SAFE_DELETE_BULK_CONFIRM_REQUIRED] {"count":53,"threshold":50,"scope":"turn","targets":["/home/zhx/TJNovel/frontend/node_modules/.function-bind-uBY2u1b8"],"targetCount":1}
npm warn cleanup         at checkBulkDeleteGuard (/home/zhx/.codebuddy-server-cn/bin/stable-a64e0542131159dfcaadd99c096dc9165c6ad3fb/extensions/genie/out/vendor/shim/node-safe-delete-shim.cjs:273:19)
npm warn cleanup         at tryTrash (/home/zhx/.codebuddy-server-cn/bin/stable-a64e0542131159dfcaadd99c096dc9165c6ad3fb/extensions/genie/out/vendor/shim/node-safe-delete-shim.cjs:602:5)
npm warn cleanup         at tryRm (/home/zhx/.codebuddy-server-cn/bin/stable-a64e0542131159dfcaadd99c096dc9165c6ad3fb/extensions/genie/out/vendor/shim/node-safe-delete-shim.cjs:775:5)
npm warn cleanup         at wrappedPromisesRm (/home/zhx/.codebuddy-server-cn/bin/stable-a64e0542131159dfcaadd99c096dc9165c6ad3fb/extensions/genie/out/vendor/shim/node-safe-delete-shim.cjs:819:15)
npm warn cleanup         at _rm (/home/zhx/.workbuddy/binaries/node/versions/20.18.0/lib/node_modules/npm/node_modules/@npmcli/arborist/lib/arborist/reify.js:1250:25)
npm warn cleanup         at [removeTrash] (/home/zhx/.workbuddy/binaries/node/versions/20.18.0/lib/node_modules/npm/node_modules/@npmcli/arborist/lib/arborist/reify.js:1253:21)
npm warn cleanup         at [reifyPackages] (/home/zhx/.workbuddy/binaries/node/versions/20.18.0/lib/node_modules/npm/node_modules/@npmcli/arborist/lib/arborist/reify.js:340:29)
npm warn cleanup         at process.processTicksAndRejections (node:internal/process/task_queues:95:5)
npm warn cleanup         at async Arborist.reify (/home/zhx/.workbuddy/binaries/node/versions/20.18.0/lib/node_modules/npm/node_modules/@npmcli/arborist/lib/arborist/reify.js:142:5)
npm warn cleanup         at async Install.exec (/home/zhx/.workbuddy/binaries/node/versions/20.18.0/lib/node_modules/npm/lib/commands/install.js:150:5)
npm warn cleanup   ],
npm warn cleanup   [
npm warn cleanup     '/home/zhx/TJNovel/frontend/node_modules/.gensync-l6TR5cLA',
npm warn cleanup     Error: [safe-delete][SAFE_DELETE_BULK_CONFIRM_REQUIRED] {"count":53,"threshold":50,"scope":"turn","targets":["/home/zhx/TJNovel/frontend/node_modules/.gensync-l6TR5cLA"],"targetCount":1}
npm warn cleanup         at checkBulkDeleteGuard (/home/zhx/.codebuddy-server-cn/bin/stable-a64e0542131159dfcaadd99c096dc9165c6ad3fb/extensions/genie/out/vendor/shim/node-safe-delete-shim.cjs:273:19)
npm warn cleanup         at tryTrash (/home/zhx/.codebuddy-server-cn/bin/stable-a64e0542131159dfcaadd99c096dc9165c6ad3fb/extensions/genie/out/vendor/shim/node-safe-delete-shim.cjs:602:5)
npm warn cleanup         at tryRm (/home/zhx/.codebuddy-server-cn/bin/stable-a64e0542131159dfcaadd99c096dc9165c6ad3fb/extensions/genie/out/vendor/shim/node-safe-delete-shim.cjs:775:5)
npm warn cleanup         at wrappedPromisesRm (/home/zhx/.codebuddy-server-cn/bin/stable-a64e0542131159dfcaadd99c096dc9165c6ad3fb/extensions/genie/out/vendor/shim/node-safe-delete-shim.cjs:819:15)
npm warn cleanup         at _rm (/home/zhx/.workbuddy/binaries/node/versions/20.18.0/lib/node_modules/npm/node_modules/@npmcli/arborist/lib/arborist/reify.js:1250:25)
npm warn cleanup         at [removeTrash] (/home/zhx/.workbuddy/binaries/node/versions/20.18.0/lib/node_modules/npm/node_modules/@npmcli/arborist/lib/arborist/reify.js:1253:21)
npm warn cleanup         at [reifyPackages] (/home/zhx/.workbuddy/binaries/node/versions/20.18.0/lib/node_modules/npm/node_modules/@npmcli/arborist/lib/arborist/reify.js:340:29)
npm warn cleanup         at process.processTicksAndRejections (node:internal/process/task_queues:95:5)
npm warn cleanup         at async Arborist.reify (/home/zhx/.workbuddy/binaries/node/versions/20.18.0/lib/node_modules/npm/node_modules/@npmcli/arborist/lib/arborist/reify.js:142:5)
npm warn cleanup         at async Install.exec (/home/zhx/.workbuddy/binaries/node/versions/20.18.0/lib/node_modules/npm/lib/commands/install.js:150:5)
npm warn cleanup   ],
npm warn cleanup   [
npm warn cleanup     '/home/zhx/TJNovel/frontend/node_modules/.get-intrinsic-LPPU2ZSH',
npm warn cleanup     Error: [safe-delete][SAFE_DELETE_BULK_CONFIRM_REQUIRED] {"count":53,"threshold":50,"scope":"turn","targets":["/home/zhx/TJNovel/frontend/node_modules/.get-intrinsic-LPPU2ZSH"],"targetCount":1}
npm warn cleanup         at checkBulkDeleteGuard (/home/zhx/.codebuddy-server-cn/bin/stable-a64e0542131159dfcaadd99c096dc9165c6ad3fb/extensions/genie/out/vendor/shim/node-safe-delete-shim.cjs:273:19)
npm warn cleanup         at tryTrash (/home/zhx/.codebuddy-server-cn/bin/stable-a64e0542131159dfcaadd99c096dc9165c6ad3fb/extensions/genie/out/vendor/shim/node-safe-delete-shim.cjs:602:5)
npm warn cleanup         at tryRm (/home/zhx/.codebuddy-server-cn/bin/stable-a64e0542131159dfcaadd99c096dc9165c6ad3fb/extensions/genie/out/vendor/shim/node-safe-delete-shim.cjs:775:5)
npm warn cleanup         at wrappedPromisesRm (/home/zhx/.codebuddy-server-cn/bin/stable-a64e0542131159dfcaadd99c096dc9165c6ad3fb/extensions/genie/out/vendor/shim/node-safe-delete-shim.cjs:819:15)
npm warn cleanup         at _rm (/home/zhx/.workbuddy/binaries/node/versions/20.18.0/lib/node_modules/npm/node_modules/@npmcli/arborist/lib/arborist/reify.js:1250:25)
npm warn cleanup         at [removeTrash] (/home/zhx/.workbuddy/binaries/node/versions/20.18.0/lib/node_modules/npm/node_modules/@npmcli/arborist/lib/arborist/reify.js:1253:21)
npm warn cleanup         at [reifyPackages] (/home/zhx/.workbuddy/binaries/node/versions/20.18.0/lib/node_modules/npm/node_modules/@npmcli/arborist/lib/arborist/reify.js:340:29)
npm warn cleanup         at process.processTicksAndRejections (node:internal/process/task_queues:95:5)
npm warn cleanup         at async Arborist.reify (/home/zhx/.workbuddy/binaries/node/versions/20.18.0/lib/node_modules/npm/node_modules/@npmcli/arborist/lib/arborist/reify.js:142:5)
npm warn cleanup         at async Install.exec (/home/zhx/.workbuddy/binaries/node/versions/20.18.0/lib/node_modules/npm/lib/commands/install.js:150:5)
npm warn cleanup   ],
npm warn cleanup   [
npm warn cleanup     '/home/zhx/TJNovel/frontend/node_modules/.get-proto-NYdjKsoG',
npm warn cleanup     Error: [safe-delete][SAFE_DELETE_BULK_CONFIRM_REQUIRED] {"count":53,"threshold":50,"scope":"turn","targets":["/home/zhx/TJNovel/frontend/node_modules/.get-proto-NYdjKsoG"],"targetCount":1}
npm warn cleanup         at checkBulkDeleteGuard (/home/zhx/.codebuddy-server-cn/bin/stable-a64e0542131159dfcaadd99c096dc9165c6ad3fb/extensions/genie/out/vendor/shim/node-safe-delete-shim.cjs:273:19)
npm warn cleanup         at tryTrash (/home/zhx/.codebuddy-server-cn/bin/stable-a64e0542131159dfcaadd99c096dc9165c6ad3fb/extensions/genie/out/vendor/shim/node-safe-delete-shim.cjs:602:5)
npm warn cleanup         at tryRm (/home/zhx/.codebuddy-server-cn/bin/stable-a64e0542131159dfcaadd99c096dc9165c6ad3fb/extensions/genie/out/vendor/shim/node-safe-delete-shim.cjs:775:5)
npm warn cleanup         at wrappedPromisesRm (/home/zhx/.codebuddy-server-cn/bin/stable-a64e0542131159dfcaadd99c096dc9165c6ad3fb/extensions/genie/out/vendor/shim/node-safe-delete-shim.cjs:819:15)
npm warn cleanup         at _rm (/home/zhx/.workbuddy/binaries/node/versions/20.18.0/lib/node_modules/npm/node_modules/@npmcli/arborist/lib/arborist/reify.js:1250:25)
npm warn cleanup         at [removeTrash] (/home/zhx/.workbuddy/binaries/node/versions/20.18.0/lib/node_modules/npm/node_modules/@npmcli/arborist/lib/arborist/reify.js:1253:21)
npm warn cleanup         at [reifyPackages] (/home/zhx/.workbuddy/binaries/node/versions/20.18.0/lib/node_modules/npm/node_modules/@npmcli/arborist/lib/arborist/reify.js:340:29)
npm warn cleanup         at process.processTicksAndRejections (node:internal/process/task_queues:95:5)
npm warn cleanup         at async Arborist.reify (/home/zhx/.workbuddy/binaries/node/versions/20.18.0/lib/node_modules/npm/node_modules/@npmcli/arborist/lib/arborist/reify.js:142:5)
npm warn cleanup         at async Install.exec (/home/zhx/.workbuddy/binaries/node/versions/20.18.0/lib/node_modules/npm/lib/commands/install.js:150:5)
npm warn cleanup   ],
npm warn cleanup   [
npm warn cleanup     '/home/zhx/TJNovel/frontend/node_modules/.glob-tXER7tm0',
npm warn cleanup     Error: [safe-delete][SAFE_DELETE_BULK_CONFIRM_REQUIRED] {"count":52,"threshold":50,"scope":"turn","targets":["/home/zhx/TJNovel/frontend/node_modules/.glob-tXER7tm0"],"targetCount":1}
npm warn cleanup         at checkBulkDeleteGuard (/home/zhx/.codebuddy-server-cn/bin/stable-a64e0542131159dfcaadd99c096dc9165c6ad3fb/extensions/genie/out/vendor/shim/node-safe-delete-shim.cjs:273:19)
npm warn cleanup         at tryTrash (/home/zhx/.codebuddy-server-cn/bin/stable-a64e0542131159dfcaadd99c096dc9165c6ad3fb/extensions/genie/out/vendor/shim/node-safe-delete-shim.cjs:602:5)
npm warn cleanup         at tryRm (/home/zhx/.codebuddy-server-cn/bin/stable-a64e0542131159dfcaadd99c096dc9165c6ad3fb/extensions/genie/out/vendor/shim/node-safe-delete-shim.cjs:775:5)
npm warn cleanup         at wrappedPromisesRm (/home/zhx/.codebuddy-server-cn/bin/stable-a64e0542131159dfcaadd99c096dc9165c6ad3fb/extensions/genie/out/vendor/shim/node-safe-delete-shim.cjs:819:15)
npm warn cleanup         at _rm (/home/zhx/.workbuddy/binaries/node/versions/20.18.0/lib/node_modules/npm/node_modules/@npmcli/arborist/lib/arborist/reify.js:1250:25)
npm warn cleanup         at [removeTrash] (/home/zhx/.workbuddy/binaries/node/versions/20.18.0/lib/node_modules/npm/node_modules/@npmcli/arborist/lib/arborist/reify.js:1253:21)
npm warn cleanup         at [reifyPackages] (/home/zhx/.workbuddy/binaries/node/versions/20.18.0/lib/node_modules/npm/node_modules/@npmcli/arborist/lib/arborist/reify.js:340:29)
npm warn cleanup         at process.processTicksAndRejections (node:internal/process/task_queues:95:5)
npm warn cleanup         at async Arborist.reify (/home/zhx/.workbuddy/binaries/node/versions/20.18.0/lib/node_modules/npm/node_modules/@npmcli/arborist/lib/arborist/reify.js:142:5)
npm warn cleanup         at async Install.exec (/home/zhx/.workbuddy/binaries/node/versions/20.18.0/lib/node_modules/npm/lib/commands/install.js:150:5)
npm warn cleanup   ],
npm warn cleanup   [
npm warn cleanup     '/home/zhx/TJNovel/frontend/node_modules/.globals-1lnrzIuu',
npm warn cleanup     Error: [safe-delete][SAFE_DELETE_BULK_CONFIRM_REQUIRED] {"count":52,"threshold":50,"scope":"turn","targets":["/home/zhx/TJNovel/frontend/node_modules/.globals-1lnrzIuu"],"targetCount":1}
npm warn cleanup         at checkBulkDeleteGuard (/home/zhx/.codebuddy-server-cn/bin/stable-a64e0542131159dfcaadd99c096dc9165c6ad3fb/extensions/genie/out/vendor/shim/node-safe-delete-shim.cjs:273:19)
npm warn cleanup         at tryTrash (/home/zhx/.codebuddy-server-cn/bin/stable-a64e0542131159dfcaadd99c096dc9165c6ad3fb/extensions/genie/out/vendor/shim/node-safe-delete-shim.cjs:602:5)
npm warn cleanup         at tryRm (/home/zhx/.codebuddy-server-cn/bin/stable-a64e0542131159dfcaadd99c096dc9165c6ad3fb/extensions/genie/out/vendor/shim/node-safe-delete-shim.cjs:775:5)
npm warn cleanup         at wrappedPromisesRm (/home/zhx/.codebuddy-server-cn/bin/stable-a64e0542131159dfcaadd99c096dc9165c6ad3fb/extensions/genie/out/vendor/shim/node-safe-delete-shim.cjs:819:15)
npm warn cleanup         at _rm (/home/zhx/.workbuddy/binaries/node/versions/20.18.0/lib/node_modules/npm/node_modules/@npmcli/arborist/lib/arborist/reify.js:1250:25)
npm warn cleanup         at [removeTrash] (/home/zhx/.workbuddy/binaries/node/versions/20.18.0/lib/node_modules/npm/node_modules/@npmcli/arborist/lib/arborist/reify.js:1253:21)
npm warn cleanup         at [reifyPackages] (/home/zhx/.workbuddy/binaries/node/versions/20.18.0/lib/node_modules/npm/node_modules/@npmcli/arborist/lib/arborist/reify.js:340:29)
npm warn cleanup         at process.processTicksAndRejections (node:internal/process/task_queues:95:5)
npm warn cleanup         at async Arborist.reify (/home/zhx/.workbuddy/binaries/node/versions/20.18.0/lib/node_modules/npm/node_modules/@npmcli/arborist/lib/arborist/reify.js:142:5)
npm warn cleanup         at async Install.exec (/home/zhx/.workbuddy/binaries/node/versions/20.18.0/lib/node_modules/npm/lib/commands/install.js:150:5)
npm warn cleanup   ],
npm warn cleanup   [
npm warn cleanup     '/home/zhx/TJNovel/frontend/node_modules/.gopd-vvykw9Ni',
npm warn cleanup     Error: [safe-delete][SAFE_DELETE_BULK_CONFIRM_REQUIRED] {"count":53,"threshold":50,"scope":"turn","targets":["/home/zhx/TJNovel/frontend/node_modules/.gopd-vvykw9Ni"],"targetCount":1}
npm warn cleanup         at checkBulkDeleteGuard (/home/zhx/.codebuddy-server-cn/bin/stable-a64e0542131159dfcaadd99c096dc9165c6ad3fb/extensions/genie/out/vendor/shim/node-safe-delete-shim.cjs:273:19)
npm warn cleanup         at tryTrash (/home/zhx/.codebuddy-server-cn/bin/stable-a64e0542131159dfcaadd99c096dc9165c6ad3fb/extensions/genie/out/vendor/shim/node-safe-delete-shim.cjs:602:5)
npm warn cleanup         at tryRm (/home/zhx/.codebuddy-server-cn/bin/stable-a64e0542131159dfcaadd99c096dc9165c6ad3fb/extensions/genie/out/vendor/shim/node-safe-delete-shim.cjs:775:5)
npm warn cleanup         at wrappedPromisesRm (/home/zhx/.codebuddy-server-cn/bin/stable-a64e0542131159dfcaadd99c096dc9165c6ad3fb/extensions/genie/out/vendor/shim/node-safe-delete-shim.cjs:819:15)
npm warn cleanup         at _rm (/home/zhx/.workbuddy/binaries/node/versions/20.18.0/lib/node_modules/npm/node_modules/@npmcli/arborist/lib/arborist/reify.js:1250:25)
npm warn cleanup         at [removeTrash] (/home/zhx/.workbuddy/binaries/node/versions/20.18.0/lib/node_modules/npm/node_modules/@npmcli/arborist/lib/arborist/reify.js:1253:21)
npm warn cleanup         at [reifyPackages] (/home/zhx/.workbuddy/binaries/node/versions/20.18.0/lib/node_modules/npm/node_modules/@npmcli/arborist/lib/arborist/reify.js:340:29)
npm warn cleanup         at process.processTicksAndRejections (node:internal/process/task_queues:95:5)
npm warn cleanup         at async Arborist.reify (/home/zhx/.workbuddy/binaries/node/versions/20.18.0/lib/node_modules/npm/node_modules/@npmcli/arborist/lib/arborist/reify.js:142:5)
npm warn cleanup         at async Install.exec (/home/zhx/.workbuddy/binaries/node/versions/20.18.0/lib/node_modules/npm/lib/commands/install.js:150:5)
npm warn cleanup   ],
npm warn cleanup   [
npm warn cleanup     '/home/zhx/TJNovel/frontend/node_modules/.graceful-fs-zivcw6ds',
npm warn cleanup     Error: [safe-delete][SAFE_DELETE_BULK_CONFIRM_REQUIRED] {"count":54,"threshold":50,"scope":"turn","targets":["/home/zhx/TJNovel/frontend/node_modules/.graceful-fs-zivcw6ds"],"targetCount":1}
npm warn cleanup         at checkBulkDeleteGuard (/home/zhx/.codebuddy-server-cn/bin/stable-a64e0542131159dfcaadd99c096dc9165c6ad3fb/extensions/genie/out/vendor/shim/node-safe-delete-shim.cjs:273:19)
npm warn cleanup         at tryTrash (/home/zhx/.codebuddy-server-cn/bin/stable-a64e0542131159dfcaadd99c096dc9165c6ad3fb/extensions/genie/out/vendor/shim/node-safe-delete-shim.cjs:602:5)
npm warn cleanup         at tryRm (/home/zhx/.codebuddy-server-cn/bin/stable-a64e0542131159dfcaadd99c096dc9165c6ad3fb/extensions/genie/out/vendor/shim/node-safe-delete-shim.cjs:775:5)
npm warn cleanup         at wrappedPromisesRm (/home/zhx/.codebuddy-server-cn/bin/stable-a64e0542131159dfcaadd99c096dc9165c6ad3fb/extensions/genie/out/vendor/shim/node-safe-delete-shim.cjs:819:15)
npm warn cleanup         at _rm (/home/zhx/.workbuddy/binaries/node/versions/20.18.0/lib/node_modules/npm/node_modules/@npmcli/arborist/lib/arborist/reify.js:1250:25)
npm warn cleanup         at [removeTrash] (/home/zhx/.workbuddy/binaries/node/versions/20.18.0/lib/node_modules/npm/node_modules/@npmcli/arborist/lib/arborist/reify.js:1253:21)
npm warn cleanup         at [reifyPackages] (/home/zhx/.workbuddy/binaries/node/versions/20.18.0/lib/node_modules/npm/node_modules/@npmcli/arborist/lib/arborist/reify.js:340:29)
npm warn cleanup         at process.processTicksAndRejections (node:internal/process/task_queues:95:5)
npm warn cleanup         at async Arborist.reify (/home/zhx/.workbuddy/binaries/node/versions/20.18.0/lib/node_modules/npm/node_modules/@npmcli/arborist/lib/arborist/reify.js:142:5)
npm warn cleanup         at async Install.exec (/home/zhx/.workbuddy/binaries/node/versions/20.18.0/lib/node_modules/npm/lib/commands/install.js:150:5)
npm warn cleanup   ],
npm warn cleanup   [
npm warn cleanup     '/home/zhx/TJNovel/frontend/node_modules/.handle-thing-4SAAbHeX',
npm warn cleanup     Error: [safe-delete][SAFE_DELETE_BULK_CONFIRM_REQUIRED] {"count":52,"threshold":50,"scope":"turn","targets":["/home/zhx/TJNovel/frontend/node_modules/.handle-thing-4SAAbHeX"],"targetCount":1}
npm warn cleanup         at checkBulkDeleteGuard (/home/zhx/.codebuddy-server-cn/bin/stable-a64e0542131159dfcaadd99c096dc9165c6ad3fb/extensions/genie/out/vendor/shim/node-safe-delete-shim.cjs:273:19)
npm warn cleanup         at tryTrash (/home/zhx/.codebuddy-server-cn/bin/stable-a64e0542131159dfcaadd99c096dc9165c6ad3fb/extensions/genie/out/vendor/shim/node-safe-delete-shim.cjs:602:5)
npm warn cleanup         at tryRm (/home/zhx/.codebuddy-server-cn/bin/stable-a64e0542131159dfcaadd99c096dc9165c6ad3fb/extensions/genie/out/vendor/shim/node-safe-delete-shim.cjs:775:5)
npm warn cleanup         at wrappedPromisesRm (/home/zhx/.codebuddy-server-cn/bin/stable-a64e0542131159dfcaadd99c096dc9165c6ad3fb/extensions/genie/out/vendor/shim/node-safe-delete-shim.cjs:819:15)
npm warn cleanup         at _rm (/home/zhx/.workbuddy/binaries/node/versions/20.18.0/lib/node_modules/npm/node_modules/@npmcli/arborist/lib/arborist/reify.js:1250:25)
npm warn cleanup         at [removeTrash] (/home/zhx/.workbuddy/binaries/node/versions/20.18.0/lib/node_modules/npm/node_modules/@npmcli/arborist/lib/arborist/reify.js:1253:21)
npm warn cleanup         at [reifyPackages] (/home/zhx/.workbuddy/binaries/node/versions/20.18.0/lib/node_modules/npm/node_modules/@npmcli/arborist/lib/arborist/reify.js:340:29)
npm warn cleanup         at process.processTicksAndRejections (node:internal/process/task_queues:95:5)
npm warn cleanup         at async Arborist.reify (/home/zhx/.workbuddy/binaries/node/versions/20.18.0/lib/node_modules/npm/node_modules/@npmcli/arborist/lib/arborist/reify.js:142:5)
npm warn cleanup         at async Install.exec (/home/zhx/.workbuddy/binaries/node/versions/20.18.0/lib/node_modules/npm/lib/commands/install.js:150:5)
npm warn cleanup   ],
npm warn cleanup   [
npm warn cleanup     '/home/zhx/TJNovel/frontend/node_modules/.has-property-descriptors-lCHTBk6I',
npm warn cleanup     Error: [safe-delete][SAFE_DELETE_BULK_CONFIRM_REQUIRED] {"count":53,"threshold":50,"scope":"turn","targets":["/home/zhx/TJNovel/frontend/node_modules/.has-property-descriptors-lCHTBk6I"],"targetCount":1}
npm warn cleanup         at checkBulkDeleteGuard (/home/zhx/.codebuddy-server-cn/bin/stable-a64e0542131159dfcaadd99c096dc9165c6ad3fb/extensions/genie/out/vendor/shim/node-safe-delete-shim.cjs:273:19)
npm warn cleanup         at tryTrash (/home/zhx/.codebuddy-server-cn/bin/stable-a64e0542131159dfcaadd99c096dc9165c6ad3fb/extensions/genie/out/vendor/shim/node-safe-delete-shim.cjs:602:5)
npm warn cleanup         at tryRm (/home/zhx/.codebuddy-server-cn/bin/stable-a64e0542131159dfcaadd99c096dc9165c6ad3fb/extensions/genie/out/vendor/shim/node-safe-delete-shim.cjs:775:5)
npm warn cleanup         at wrappedPromisesRm (/home/zhx/.codebuddy-server-cn/bin/stable-a64e0542131159dfcaadd99c096dc9165c6ad3fb/extensions/genie/out/vendor/shim/node-safe-delete-shim.cjs:819:15)
npm warn cleanup         at _rm (/home/zhx/.workbuddy/binaries/node/versions/20.18.0/lib/node_modules/npm/node_modules/@npmcli/arborist/lib/arborist/reify.js:1250:25)
npm warn cleanup         at [removeTrash] (/home/zhx/.workbuddy/binaries/node/versions/20.18.0/lib/node_modules/npm/node_modules/@npmcli/arborist/lib/arborist/reify.js:1253:21)
npm warn cleanup         at [reifyPackages] (/home/zhx/.workbuddy/binaries/node/versions/20.18.0/lib/node_modules/npm/node_modules/@npmcli/arborist/lib/arborist/reify.js:340:29)
npm warn cleanup         at process.processTicksAndRejections (node:internal/process/task_queues:95:5)
npm warn cleanup         at async Arborist.reify (/home/zhx/.workbuddy/binaries/node/versions/20.18.0/lib/node_modules/npm/node_modules/@npmcli/arborist/lib/arborist/reify.js:142:5)
npm warn cleanup         at async Install.exec (/home/zhx/.workbuddy/binaries/node/versions/20.18.0/lib/node_modules/npm/lib/commands/install.js:150:5)
npm warn cleanup   ],
npm warn cleanup   [
npm warn cleanup     '/home/zhx/TJNovel/frontend/node_modules/.has-symbols-Yl6dLxPC',
npm warn cleanup     Error: [safe-delete][SAFE_DELETE_BULK_CONFIRM_REQUIRED] {"count":53,"threshold":50,"scope":"turn","targets":["/home/zhx/TJNovel/frontend/node_modules/.has-symbols-Yl6dLxPC"],"targetCount":1}
npm warn cleanup         at checkBulkDeleteGuard (/home/zhx/.codebuddy-server-cn/bin/stable-a64e0542131159dfcaadd99c096dc9165c6ad3fb/extensions/genie/out/vendor/shim/node-safe-delete-shim.cjs:273:19)
npm warn cleanup         at tryTrash (/home/zhx/.codebuddy-server-cn/bin/stable-a64e0542131159dfcaadd99c096dc9165c6ad3fb/extensions/genie/out/vendor/shim/node-safe-delete-shim.cjs:602:5)
npm warn cleanup         at tryRm (/home/zhx/.codebuddy-server-cn/bin/stable-a64e0542131159dfcaadd99c096dc9165c6ad3fb/extensions/genie/out/vendor/shim/node-safe-delete-shim.cjs:775:5)
npm warn cleanup         at wrappedPromisesRm (/home/zhx/.codebuddy-server-cn/bin/stable-a64e0542131159dfcaadd99c096dc9165c6ad3fb/extensions/genie/out/vendor/shim/node-safe-delete-shim.cjs:819:15)
npm warn cleanup         at _rm (/home/zhx/.workbuddy/binaries/node/versions/20.18.0/lib/node_modules/npm/node_modules/@npmcli/arborist/lib/arborist/reify.js:1250:25)
npm warn cleanup         at [removeTrash] (/home/zhx/.workbuddy/binaries/node/versions/20.18.0/lib/node_modules/npm/node_modules/@npmcli/arborist/lib/arborist/reify.js:1253:21)
npm warn cleanup         at [reifyPackages] (/home/zhx/.workbuddy/binaries/node/versions/20.18.0/lib/node_modules/npm/node_modules/@npmcli/arborist/lib/arborist/reify.js:340:29)
npm warn cleanup         at process.processTicksAndRejections (node:internal/process/task_queues:95:5)
npm warn cleanup         at async Arborist.reify (/home/zhx/.workbuddy/binaries/node/versions/20.18.0/lib/node_modules/npm/node_modules/@npmcli/arborist/lib/arborist/reify.js:142:5)
npm warn cleanup         at async Install.exec (/home/zhx/.workbuddy/binaries/node/versions/20.18.0/lib/node_modules/npm/lib/commands/install.js:150:5)
npm warn cleanup   ],
npm warn cleanup   [
npm warn cleanup     '/home/zhx/TJNovel/frontend/node_modules/.has-tostringtag-WJ6WdQq2',
npm warn cleanup     Error: [safe-delete][SAFE_DELETE_BULK_CONFIRM_REQUIRED] {"count":53,"threshold":50,"scope":"turn","targets":["/home/zhx/TJNovel/frontend/node_modules/.has-tostringtag-WJ6WdQq2"],"targetCount":1}
npm warn cleanup         at checkBulkDeleteGuard (/home/zhx/.codebuddy-server-cn/bin/stable-a64e0542131159dfcaadd99c096dc9165c6ad3fb/extensions/genie/out/vendor/shim/node-safe-delete-shim.cjs:273:19)
npm warn cleanup         at tryTrash (/home/zhx/.codebuddy-server-cn/bin/stable-a64e0542131159dfcaadd99c096dc9165c6ad3fb/extensions/genie/out/vendor/shim/node-safe-delete-shim.cjs:602:5)
npm warn cleanup         at tryRm (/home/zhx/.codebuddy-server-cn/bin/stable-a64e0542131159dfcaadd99c096dc9165c6ad3fb/extensions/genie/out/vendor/shim/node-safe-delete-shim.cjs:775:5)
npm warn cleanup         at wrappedPromisesRm (/home/zhx/.codebuddy-server-cn/bin/stable-a64e0542131159dfcaadd99c096dc9165c6ad3fb/extensions/genie/out/vendor/shim/node-safe-delete-shim.cjs:819:15)
npm warn cleanup         at _rm (/home/zhx/.workbuddy/binaries/node/versions/20.18.0/lib/node_modules/npm/node_modules/@npmcli/arborist/lib/arborist/reify.js:1250:25)
npm warn cleanup         at [removeTrash] (/home/zhx/.workbuddy/binaries/node/versions/20.18.0/lib/node_modules/npm/node_modules/@npmcli/arborist/lib/arborist/reify.js:1253:21)
npm warn cleanup         at [reifyPackages] (/home/zhx/.workbuddy/binaries/node/versions/20.18.0/lib/node_modules/npm/node_modules/@npmcli/arborist/lib/arborist/reify.js:340:29)
npm warn cleanup         at process.processTicksAndRejections (node:internal/process/task_queues:95:5)
npm warn cleanup         at async Arborist.reify (/home/zhx/.workbuddy/binaries/node/versions/20.18.0/lib/node_modules/npm/node_modules/@npmcli/arborist/lib/arborist/reify.js:142:5)
npm warn cleanup         at async Install.exec (/home/zhx/.workbuddy/binaries/node/versions/20.18.0/lib/node_modules/npm/lib/commands/install.js:150:5)
npm warn cleanup   ],
npm warn cleanup   [
npm warn cleanup     '/home/zhx/TJNovel/frontend/node_modules/.highlight.js-U5uP3vkZ',
npm warn cleanup     Error: [safe-delete][SAFE_DELETE_BULK_CONFIRM_REQUIRED] {"count":54,"threshold":50,"scope":"turn","targets":["/home/zhx/TJNovel/frontend/node_modules/.highlight.js-U5uP3vkZ"],"targetCount":1}
npm warn cleanup         at checkBulkDeleteGuard (/home/zhx/.codebuddy-server-cn/bin/stable-a64e0542131159dfcaadd99c096dc9165c6ad3fb/extensions/genie/out/vendor/shim/node-safe-delete-shim.cjs:273:19)
npm warn cleanup         at tryTrash (/home/zhx/.codebuddy-server-cn/bin/stable-a64e0542131159dfcaadd99c096dc9165c6ad3fb/extensions/genie/out/vendor/shim/node-safe-delete-shim.cjs:602:5)
npm warn cleanup         at tryRm (/home/zhx/.codebuddy-server-cn/bin/stable-a64e0542131159dfcaadd99c096dc9165c6ad3fb/extensions/genie/out/vendor/shim/node-safe-delete-shim.cjs:775:5)
npm warn cleanup         at wrappedPromisesRm (/home/zhx/.codebuddy-server-cn/bin/stable-a64e0542131159dfcaadd99c096dc9165c6ad3fb/extensions/genie/out/vendor/shim/node-safe-delete-shim.cjs:819:15)
npm warn cleanup         at _rm (/home/zhx/.workbuddy/binaries/node/versions/20.18.0/lib/node_modules/npm/node_modules/@npmcli/arborist/lib/arborist/reify.js:1250:25)
npm warn cleanup         at [removeTrash] (/home/zhx/.workbuddy/binaries/node/versions/20.18.0/lib/node_modules/npm/node_modules/@npmcli/arborist/lib/arborist/reify.js:1253:21)
npm warn cleanup         at [reifyPackages] (/home/zhx/.workbuddy/binaries/node/versions/20.18.0/lib/node_modules/npm/node_modules/@npmcli/arborist/lib/arborist/reify.js:340:29)
npm warn cleanup         at process.processTicksAndRejections (node:internal/process/task_queues:95:5)
npm warn cleanup         at async Arborist.reify (/home/zhx/.workbuddy/binaries/node/versions/20.18.0/lib/node_modules/npm/node_modules/@npmcli/arborist/lib/arborist/reify.js:142:5)
npm warn cleanup         at async Install.exec (/home/zhx/.workbuddy/binaries/node/versions/20.18.0/lib/node_modules/npm/lib/commands/install.js:150:5)
npm warn cleanup   ],
npm warn cleanup   [
npm warn cleanup     '/home/zhx/TJNovel/frontend/node_modules/.hookable-euybf97L',
npm warn cleanup     Error: [safe-delete][SAFE_DELETE_BULK_CONFIRM_REQUIRED] {"count":50,"threshold":50,"scope":"turn","targets":["/home/zhx/TJNovel/frontend/node_modules/.hookable-euybf97L"],"targetCount":1}
npm warn cleanup         at checkBulkDeleteGuard (/home/zhx/.codebuddy-server-cn/bin/stable-a64e0542131159dfcaadd99c096dc9165c6ad3fb/extensions/genie/out/vendor/shim/node-safe-delete-shim.cjs:273:19)
npm warn cleanup         at tryTrash (/home/zhx/.codebuddy-server-cn/bin/stable-a64e0542131159dfcaadd99c096dc9165c6ad3fb/extensions/genie/out/vendor/shim/node-safe-delete-shim.cjs:602:5)
npm warn cleanup         at tryRm (/home/zhx/.codebuddy-server-cn/bin/stable-a64e0542131159dfcaadd99c096dc9165c6ad3fb/extensions/genie/out/vendor/shim/node-safe-delete-shim.cjs:775:5)
npm warn cleanup         at wrappedPromisesRm (/home/zhx/.codebuddy-server-cn/bin/stable-a64e0542131159dfcaadd99c096dc9165c6ad3fb/extensions/genie/out/vendor/shim/node-safe-delete-shim.cjs:819:15)
npm warn cleanup         at _rm (/home/zhx/.workbuddy/binaries/node/versions/20.18.0/lib/node_modules/npm/node_modules/@npmcli/arborist/lib/arborist/reify.js:1250:25)
npm warn cleanup         at [removeTrash] (/home/zhx/.workbuddy/binaries/node/versions/20.18.0/lib/node_modules/npm/node_modules/@npmcli/arborist/lib/arborist/reify.js:1253:21)
npm warn cleanup         at [reifyPackages] (/home/zhx/.workbuddy/binaries/node/versions/20.18.0/lib/node_modules/npm/node_modules/@npmcli/arborist/lib/arborist/reify.js:340:29)
npm warn cleanup         at process.processTicksAndRejections (node:internal/process/task_queues:95:5)
npm warn cleanup         at async Arborist.reify (/home/zhx/.workbuddy/binaries/node/versions/20.18.0/lib/node_modules/npm/node_modules/@npmcli/arborist/lib/arborist/reify.js:142:5)
npm warn cleanup         at async Install.exec (/home/zhx/.workbuddy/binaries/node/versions/20.18.0/lib/node_modules/npm/lib/commands/install.js:150:5)
npm warn cleanup   ],
npm warn cleanup   [
npm warn cleanup     '/home/zhx/TJNovel/frontend/node_modules/.hosted-git-info-a4YDmjZX',
npm warn cleanup     Error: [safe-delete][SAFE_DELETE_BULK_CONFIRM_REQUIRED] {"count":53,"threshold":50,"scope":"turn","targets":["/home/zhx/TJNovel/frontend/node_modules/.hosted-git-info-a4YDmjZX"],"targetCount":1}
npm warn cleanup         at checkBulkDeleteGuard (/home/zhx/.codebuddy-server-cn/bin/stable-a64e0542131159dfcaadd99c096dc9165c6ad3fb/extensions/genie/out/vendor/shim/node-safe-delete-shim.cjs:273:19)
npm warn cleanup         at tryTrash (/home/zhx/.codebuddy-server-cn/bin/stable-a64e0542131159dfcaadd99c096dc9165c6ad3fb/extensions/genie/out/vendor/shim/node-safe-delete-shim.cjs:602:5)
npm warn cleanup         at tryRm (/home/zhx/.codebuddy-server-cn/bin/stable-a64e0542131159dfcaadd99c096dc9165c6ad3fb/extensions/genie/out/vendor/shim/node-safe-delete-shim.cjs:775:5)
npm warn cleanup         at wrappedPromisesRm (/home/zhx/.codebuddy-server-cn/bin/stable-a64e0542131159dfcaadd99c096dc9165c6ad3fb/extensions/genie/out/vendor/shim/node-safe-delete-shim.cjs:819:15)
npm warn cleanup         at _rm (/home/zhx/.workbuddy/binaries/node/versions/20.18.0/lib/node_modules/npm/node_modules/@npmcli/arborist/lib/arborist/reify.js:1250:25)
npm warn cleanup         at [removeTrash] (/home/zhx/.workbuddy/binaries/node/versions/20.18.0/lib/node_modules/npm/node_modules/@npmcli/arborist/lib/arborist/reify.js:1253:21)
npm warn cleanup         at [reifyPackages] (/home/zhx/.workbuddy/binaries/node/versions/20.18.0/lib/node_modules/npm/node_modules/@npmcli/arborist/lib/arborist/reify.js:340:29)
npm warn cleanup         at process.processTicksAndRejections (node:internal/process/task_queues:95:5)
npm warn cleanup         at async Arborist.reify (/home/zhx/.workbuddy/binaries/node/versions/20.18.0/lib/node_modules/npm/node_modules/@npmcli/arborist/lib/arborist/reify.js:142:5)
npm warn cleanup         at async Install.exec (/home/zhx/.workbuddy/binaries/node/versions/20.18.0/lib/node_modules/npm/lib/commands/install.js:150:5)
npm warn cleanup   ],
npm warn cleanup   [
npm warn cleanup     '/home/zhx/TJNovel/frontend/node_modules/.html-entities-lJF9iD3k',
npm warn cleanup     Error: [safe-delete][SAFE_DELETE_BULK_CONFIRM_REQUIRED] {"count":52,"threshold":50,"scope":"turn","targets":["/home/zhx/TJNovel/frontend/node_modules/.html-entities-lJF9iD3k"],"targetCount":1}
npm warn cleanup         at checkBulkDeleteGuard (/home/zhx/.codebuddy-server-cn/bin/stable-a64e0542131159dfcaadd99c096dc9165c6ad3fb/extensions/genie/out/vendor/shim/node-safe-delete-shim.cjs:273:19)
npm warn cleanup         at tryTrash (/home/zhx/.codebuddy-server-cn/bin/stable-a64e0542131159dfcaadd99c096dc9165c6ad3fb/extensions/genie/out/vendor/shim/node-safe-delete-shim.cjs:602:5)
npm warn cleanup         at tryRm (/home/zhx/.codebuddy-server-cn/bin/stable-a64e0542131159dfcaadd99c096dc9165c6ad3fb/extensions/genie/out/vendor/shim/node-safe-delete-shim.cjs:775:5)
npm warn cleanup         at wrappedPromisesRm (/home/zhx/.codebuddy-server-cn/bin/stable-a64e0542131159dfcaadd99c096dc9165c6ad3fb/extensions/genie/out/vendor/shim/node-safe-delete-shim.cjs:819:15)
npm warn cleanup         at _rm (/home/zhx/.workbuddy/binaries/node/versions/20.18.0/lib/node_modules/npm/node_modules/@npmcli/arborist/lib/arborist/reify.js:1250:25)
npm warn cleanup         at [removeTrash] (/home/zhx/.workbuddy/binaries/node/versions/20.18.0/lib/node_modules/npm/node_modules/@npmcli/arborist/lib/arborist/reify.js:1253:21)
npm warn cleanup         at [reifyPackages] (/home/zhx/.workbuddy/binaries/node/versions/20.18.0/lib/node_modules/npm/node_modules/@npmcli/arborist/lib/arborist/reify.js:340:29)
npm warn cleanup         at process.processTicksAndRejections (node:internal/process/task_queues:95:5)
npm warn cleanup         at async Arborist.reify (/home/zhx/.workbuddy/binaries/node/versions/20.18.0/lib/node_modules/npm/node_modules/@npmcli/arborist/lib/arborist/reify.js:142:5)
npm warn cleanup         at async Install.exec (/home/zhx/.workbuddy/binaries/node/versions/20.18.0/lib/node_modules/npm/lib/commands/install.js:150:5)
npm warn cleanup   ],
npm warn cleanup   [
npm warn cleanup     '/home/zhx/TJNovel/frontend/node_modules/.html-escaper-w9zFn2qr',
npm warn cleanup     Error: [safe-delete][SAFE_DELETE_BULK_CONFIRM_REQUIRED] {"count":52,"threshold":50,"scope":"turn","targets":["/home/zhx/TJNovel/frontend/node_modules/.html-escaper-w9zFn2qr"],"targetCount":1}
npm warn cleanup         at checkBulkDeleteGuard (/home/zhx/.codebuddy-server-cn/bin/stable-a64e0542131159dfcaadd99c096dc9165c6ad3fb/extensions/genie/out/vendor/shim/node-safe-delete-shim.cjs:273:19)
npm warn cleanup         at tryTrash (/home/zhx/.codebuddy-server-cn/bin/stable-a64e0542131159dfcaadd99c096dc9165c6ad3fb/extensions/genie/out/vendor/shim/node-safe-delete-shim.cjs:602:5)
npm warn cleanup         at tryRm (/home/zhx/.codebuddy-server-cn/bin/stable-a64e0542131159dfcaadd99c096dc9165c6ad3fb/extensions/genie/out/vendor/shim/node-safe-delete-shim.cjs:775:5)
npm warn cleanup         at wrappedPromisesRm (/home/zhx/.codebuddy-server-cn/bin/stable-a64e0542131159dfcaadd99c096dc9165c6ad3fb/extensions/genie/out/vendor/shim/node-safe-delete-shim.cjs:819:15)
npm warn cleanup         at _rm (/home/zhx/.workbuddy/binaries/node/versions/20.18.0/lib/node_modules/npm/node_modules/@npmcli/arborist/lib/arborist/reify.js:1250:25)
npm warn cleanup         at [removeTrash] (/home/zhx/.workbuddy/binaries/node/versions/20.18.0/lib/node_modules/npm/node_modules/@npmcli/arborist/lib/arborist/reify.js:1253:21)
npm warn cleanup         at [reifyPackages] (/home/zhx/.workbuddy/binaries/node/versions/20.18.0/lib/node_modules/npm/node_modules/@npmcli/arborist/lib/arborist/reify.js:340:29)
npm warn cleanup         at process.processTicksAndRejections (node:internal/process/task_queues:95:5)
npm warn cleanup         at async Arborist.reify (/home/zhx/.workbuddy/binaries/node/versions/20.18.0/lib/node_modules/npm/node_modules/@npmcli/arborist/lib/arborist/reify.js:142:5)
npm warn cleanup         at async Install.exec (/home/zhx/.workbuddy/binaries/node/versions/20.18.0/lib/node_modules/npm/lib/commands/install.js:150:5)
npm warn cleanup   ],
npm warn cleanup   [
npm warn cleanup     '/home/zhx/TJNovel/frontend/node_modules/.html-minifier-terser-jMGuJo04',
npm warn cleanup     Error: [safe-delete][SAFE_DELETE_BULK_CONFIRM_REQUIRED] {"count":52,"threshold":50,"scope":"turn","targets":["/home/zhx/TJNovel/frontend/node_modules/.html-minifier-terser-jMGuJo04"],"targetCount":1}
npm warn cleanup         at checkBulkDeleteGuard (/home/zhx/.codebuddy-server-cn/bin/stable-a64e0542131159dfcaadd99c096dc9165c6ad3fb/extensions/genie/out/vendor/shim/node-safe-delete-shim.cjs:273:19)
npm warn cleanup         at tryTrash (/home/zhx/.codebuddy-server-cn/bin/stable-a64e0542131159dfcaadd99c096dc9165c6ad3fb/extensions/genie/out/vendor/shim/node-safe-delete-shim.cjs:602:5)
npm warn cleanup         at tryRm (/home/zhx/.codebuddy-server-cn/bin/stable-a64e0542131159dfcaadd99c096dc9165c6ad3fb/extensions/genie/out/vendor/shim/node-safe-delete-shim.cjs:775:5)
npm warn cleanup         at wrappedPromisesRm (/home/zhx/.codebuddy-server-cn/bin/stable-a64e0542131159dfcaadd99c096dc9165c6ad3fb/extensions/genie/out/vendor/shim/node-safe-delete-shim.cjs:819:15)
npm warn cleanup         at _rm (/home/zhx/.workbuddy/binaries/node/versions/20.18.0/lib/node_modules/npm/node_modules/@npmcli/arborist/lib/arborist/reify.js:1250:25)
npm warn cleanup         at [removeTrash] (/home/zhx/.workbuddy/binaries/node/versions/20.18.0/lib/node_modules/npm/node_modules/@npmcli/arborist/lib/arborist/reify.js:1253:21)
npm warn cleanup         at [reifyPackages] (/home/zhx/.workbuddy/binaries/node/versions/20.18.0/lib/node_modules/npm/node_modules/@npmcli/arborist/lib/arborist/reify.js:340:29)
npm warn cleanup         at process.processTicksAndRejections (node:internal/process/task_queues:95:5)
npm warn cleanup         at async Arborist.reify (/home/zhx/.workbuddy/binaries/node/versions/20.18.0/lib/node_modules/npm/node_modules/@npmcli/arborist/lib/arborist/reify.js:142:5)
npm warn cleanup         at async Install.exec (/home/zhx/.workbuddy/binaries/node/versions/20.18.0/lib/node_modules/npm/lib/commands/install.js:150:5)
npm warn cleanup   ],
npm warn cleanup   [
npm warn cleanup     '/home/zhx/TJNovel/frontend/node_modules/.html-webpack-plugin-W5oAlqJm',
npm warn cleanup     Error: [safe-delete][SAFE_DELETE_BULK_CONFIRM_REQUIRED] {"count":52,"threshold":50,"scope":"turn","targets":["/home/zhx/TJNovel/frontend/node_modules/.html-webpack-plugin-W5oAlqJm"],"targetCount":1}
npm warn cleanup         at checkBulkDeleteGuard (/home/zhx/.codebuddy-server-cn/bin/stable-a64e0542131159dfcaadd99c096dc9165c6ad3fb/extensions/genie/out/vendor/shim/node-safe-delete-shim.cjs:273:19)
npm warn cleanup         at tryTrash (/home/zhx/.codebuddy-server-cn/bin/stable-a64e0542131159dfcaadd99c096dc9165c6ad3fb/extensions/genie/out/vendor/shim/node-safe-delete-shim.cjs:602:5)
npm warn cleanup         at tryRm (/home/zhx/.codebuddy-server-cn/bin/stable-a64e0542131159dfcaadd99c096dc9165c6ad3fb/extensions/genie/out/vendor/shim/node-safe-delete-shim.cjs:775:5)
npm warn cleanup         at wrappedPromisesRm (/home/zhx/.codebuddy-server-cn/bin/stable-a64e0542131159dfcaadd99c096dc9165c6ad3fb/extensions/genie/out/vendor/shim/node-safe-delete-shim.cjs:819:15)
npm warn cleanup         at _rm (/home/zhx/.workbuddy/binaries/node/versions/20.18.0/lib/node_modules/npm/node_modules/@npmcli/arborist/lib/arborist/reify.js:1250:25)
npm warn cleanup         at [removeTrash] (/home/zhx/.workbuddy/binaries/node/versions/20.18.0/lib/node_modules/npm/node_modules/@npmcli/arborist/lib/arborist/reify.js:1253:21)
npm warn cleanup         at [reifyPackages] (/home/zhx/.workbuddy/binaries/node/versions/20.18.0/lib/node_modules/npm/node_modules/@npmcli/arborist/lib/arborist/reify.js:340:29)
npm warn cleanup         at process.processTicksAndRejections (node:internal/process/task_queues:95:5)
npm warn cleanup         at async Arborist.reify (/home/zhx/.workbuddy/binaries/node/versions/20.18.0/lib/node_modules/npm/node_modules/@npmcli/arborist/lib/arborist/reify.js:142:5)
npm warn cleanup         at async Install.exec (/home/zhx/.workbuddy/binaries/node/versions/20.18.0/lib/node_modules/npm/lib/commands/install.js:150:5)
npm warn cleanup   ],
npm warn cleanup   [
npm warn cleanup     '/home/zhx/TJNovel/frontend/node_modules/.htmlparser2-oqYC6Ipq',
npm warn cleanup     Error: [safe-delete][SAFE_DELETE_BULK_CONFIRM_REQUIRED] {"count":57,"threshold":50,"scope":"turn","targets":["/home/zhx/TJNovel/frontend/node_modules/.htmlparser2-oqYC6Ipq"],"targetCount":1}
npm warn cleanup         at checkBulkDeleteGuard (/home/zhx/.codebuddy-server-cn/bin/stable-a64e0542131159dfcaadd99c096dc9165c6ad3fb/extensions/genie/out/vendor/shim/node-safe-delete-shim.cjs:273:19)
npm warn cleanup         at tryTrash (/home/zhx/.codebuddy-server-cn/bin/stable-a64e0542131159dfcaadd99c096dc9165c6ad3fb/extensions/genie/out/vendor/shim/node-safe-delete-shim.cjs:602:5)
npm warn cleanup         at tryRm (/home/zhx/.codebuddy-server-cn/bin/stable-a64e0542131159dfcaadd99c096dc9165c6ad3fb/extensions/genie/out/vendor/shim/node-safe-delete-shim.cjs:775:5)
npm warn cleanup         at wrappedPromisesRm (/home/zhx/.codebuddy-server-cn/bin/stable-a64e0542131159dfcaadd99c096dc9165c6ad3fb/extensions/genie/out/vendor/shim/node-safe-delete-shim.cjs:819:15)
npm warn cleanup         at _rm (/home/zhx/.workbuddy/binaries/node/versions/20.18.0/lib/node_modules/npm/node_modules/@npmcli/arborist/lib/arborist/reify.js:1250:25)
npm warn cleanup         at [removeTrash] (/home/zhx/.workbuddy/binaries/node/versions/20.18.0/lib/node_modules/npm/node_modules/@npmcli/arborist/lib/arborist/reify.js:1253:21)
npm warn cleanup         at [reifyPackages] (/home/zhx/.workbuddy/binaries/node/versions/20.18.0/lib/node_modules/npm/node_modules/@npmcli/arborist/lib/arborist/reify.js:340:29)
npm warn cleanup         at process.processTicksAndRejections (node:internal/process/task_queues:95:5)
npm warn cleanup         at async Arborist.reify (/home/zhx/.workbuddy/binaries/node/versions/20.18.0/lib/node_modules/npm/node_modules/@npmcli/arborist/lib/arborist/reify.js:142:5)
npm warn cleanup         at async Install.exec (/home/zhx/.workbuddy/binaries/node/versions/20.18.0/lib/node_modules/npm/lib/commands/install.js:150:5)
npm warn cleanup   ],
npm warn cleanup   [
npm warn cleanup     '/home/zhx/TJNovel/frontend/node_modules/.http-proxy-middleware-0PmNF3Kn',
npm warn cleanup     Error: [safe-delete][SAFE_DELETE_BULK_CONFIRM_REQUIRED] {"count":54,"threshold":50,"scope":"turn","targets":["/home/zhx/TJNovel/frontend/node_modules/.http-proxy-middleware-0PmNF3Kn"],"targetCount":1}
npm warn cleanup         at checkBulkDeleteGuard (/home/zhx/.codebuddy-server-cn/bin/stable-a64e0542131159dfcaadd99c096dc9165c6ad3fb/extensions/genie/out/vendor/shim/node-safe-delete-shim.cjs:273:19)
npm warn cleanup         at tryTrash (/home/zhx/.codebuddy-server-cn/bin/stable-a64e0542131159dfcaadd99c096dc9165c6ad3fb/extensions/genie/out/vendor/shim/node-safe-delete-shim.cjs:602:5)
npm warn cleanup         at tryRm (/home/zhx/.codebuddy-server-cn/bin/stable-a64e0542131159dfcaadd99c096dc9165c6ad3fb/extensions/genie/out/vendor/shim/node-safe-delete-shim.cjs:775:5)
npm warn cleanup         at wrappedPromisesRm (/home/zhx/.codebuddy-server-cn/bin/stable-a64e0542131159dfcaadd99c096dc9165c6ad3fb/extensions/genie/out/vendor/shim/node-safe-delete-shim.cjs:819:15)
npm warn cleanup         at _rm (/home/zhx/.workbuddy/binaries/node/versions/20.18.0/lib/node_modules/npm/node_modules/@npmcli/arborist/lib/arborist/reify.js:1250:25)
npm warn cleanup         at [removeTrash] (/home/zhx/.workbuddy/binaries/node/versions/20.18.0/lib/node_modules/npm/node_modules/@npmcli/arborist/lib/arborist/reify.js:1253:21)
npm warn cleanup         at [reifyPackages] (/home/zhx/.workbuddy/binaries/node/versions/20.18.0/lib/node_modules/npm/node_modules/@npmcli/arborist/lib/arborist/reify.js:340:29)
npm warn cleanup         at process.processTicksAndRejections (node:internal/process/task_queues:95:5)
npm warn cleanup         at async Arborist.reify (/home/zhx/.workbuddy/binaries/node/versions/20.18.0/lib/node_modules/npm/node_modules/@npmcli/arborist/lib/arborist/reify.js:142:5)
npm warn cleanup         at async Install.exec (/home/zhx/.workbuddy/binaries/node/versions/20.18.0/lib/node_modules/npm/lib/commands/install.js:150:5)
npm warn cleanup   ],
npm warn cleanup   [
npm warn cleanup     '/home/zhx/TJNovel/frontend/node_modules/.human-signals-jkr7Zdjo',
npm warn cleanup     Error: [safe-delete][SAFE_DELETE_BULK_CONFIRM_REQUIRED] {"count":51,"threshold":50,"scope":"turn","targets":["/home/zhx/TJNovel/frontend/node_modules/.human-signals-jkr7Zdjo"],"targetCount":1}
npm warn cleanup         at checkBulkDeleteGuard (/home/zhx/.codebuddy-server-cn/bin/stable-a64e0542131159dfcaadd99c096dc9165c6ad3fb/extensions/genie/out/vendor/shim/node-safe-delete-shim.cjs:273:19)
npm warn cleanup         at tryTrash (/home/zhx/.codebuddy-server-cn/bin/stable-a64e0542131159dfcaadd99c096dc9165c6ad3fb/extensions/genie/out/vendor/shim/node-safe-delete-shim.cjs:602:5)
npm warn cleanup         at tryRm (/home/zhx/.codebuddy-server-cn/bin/stable-a64e0542131159dfcaadd99c096dc9165c6ad3fb/extensions/genie/out/vendor/shim/node-safe-delete-shim.cjs:775:5)
npm warn cleanup         at wrappedPromisesRm (/home/zhx/.codebuddy-server-cn/bin/stable-a64e0542131159dfcaadd99c096dc9165c6ad3fb/extensions/genie/out/vendor/shim/node-safe-delete-shim.cjs:819:15)
npm warn cleanup         at _rm (/home/zhx/.workbuddy/binaries/node/versions/20.18.0/lib/node_modules/npm/node_modules/@npmcli/arborist/lib/arborist/reify.js:1250:25)
npm warn cleanup         at [removeTrash] (/home/zhx/.workbuddy/binaries/node/versions/20.18.0/lib/node_modules/npm/node_modules/@npmcli/arborist/lib/arborist/reify.js:1253:21)
npm warn cleanup         at [reifyPackages] (/home/zhx/.workbuddy/binaries/node/versions/20.18.0/lib/node_modules/npm/node_modules/@npmcli/arborist/lib/arborist/reify.js:340:29)
npm warn cleanup         at process.processTicksAndRejections (node:internal/process/task_queues:95:5)
npm warn cleanup         at async Arborist.reify (/home/zhx/.workbuddy/binaries/node/versions/20.18.0/lib/node_modules/npm/node_modules/@npmcli/arborist/lib/arborist/reify.js:142:5)
npm warn cleanup         at async Install.exec (/home/zhx/.workbuddy/binaries/node/versions/20.18.0/lib/node_modules/npm/lib/commands/install.js:150:5)
npm warn cleanup   ],
npm warn cleanup   [
npm warn cleanup     '/home/zhx/TJNovel/frontend/node_modules/.icss-utils-THysIEni',
npm warn cleanup     Error: [safe-delete][SAFE_DELETE_BULK_CONFIRM_REQUIRED] {"count":54,"threshold":50,"scope":"turn","targets":["/home/zhx/TJNovel/frontend/node_modules/.icss-utils-THysIEni"],"targetCount":1}
npm warn cleanup         at checkBulkDeleteGuard (/home/zhx/.codebuddy-server-cn/bin/stable-a64e0542131159dfcaadd99c096dc9165c6ad3fb/extensions/genie/out/vendor/shim/node-safe-delete-shim.cjs:273:19)
npm warn cleanup         at tryTrash (/home/zhx/.codebuddy-server-cn/bin/stable-a64e0542131159dfcaadd99c096dc9165c6ad3fb/extensions/genie/out/vendor/shim/node-safe-delete-shim.cjs:602:5)
npm warn cleanup         at tryRm (/home/zhx/.codebuddy-server-cn/bin/stable-a64e0542131159dfcaadd99c096dc9165c6ad3fb/extensions/genie/out/vendor/shim/node-safe-delete-shim.cjs:775:5)
npm warn cleanup         at wrappedPromisesRm (/home/zhx/.codebuddy-server-cn/bin/stable-a64e0542131159dfcaadd99c096dc9165c6ad3fb/extensions/genie/out/vendor/shim/node-safe-delete-shim.cjs:819:15)
npm warn cleanup         at _rm (/home/zhx/.workbuddy/binaries/node/versions/20.18.0/lib/node_modules/npm/node_modules/@npmcli/arborist/lib/arborist/reify.js:1250:25)
npm warn cleanup         at [removeTrash] (/home/zhx/.workbuddy/binaries/node/versions/20.18.0/lib/node_modules/npm/node_modules/@npmcli/arborist/lib/arborist/reify.js:1253:21)
npm warn cleanup         at [reifyPackages] (/home/zhx/.workbuddy/binaries/node/versions/20.18.0/lib/node_modules/npm/node_modules/@npmcli/arborist/lib/arborist/reify.js:340:29)
npm warn cleanup         at process.processTicksAndRejections (node:internal/process/task_queues:95:5)
npm warn cleanup         at async Arborist.reify (/home/zhx/.workbuddy/binaries/node/versions/20.18.0/lib/node_modules/npm/node_modules/@npmcli/arborist/lib/arborist/reify.js:142:5)
npm warn cleanup         at async Install.exec (/home/zhx/.workbuddy/binaries/node/versions/20.18.0/lib/node_modules/npm/lib/commands/install.js:150:5)
npm warn cleanup   ],
npm warn cleanup   [
npm warn cleanup     '/home/zhx/TJNovel/frontend/node_modules/.ipaddr.js-4NAhXkZ1',
npm warn cleanup     Error: [safe-delete][SAFE_DELETE_BULK_CONFIRM_REQUIRED] {"count":52,"threshold":50,"scope":"turn","targets":["/home/zhx/TJNovel/frontend/node_modules/.ipaddr.js-4NAhXkZ1"],"targetCount":1}
npm warn cleanup         at checkBulkDeleteGuard (/home/zhx/.codebuddy-server-cn/bin/stable-a64e0542131159dfcaadd99c096dc9165c6ad3fb/extensions/genie/out/vendor/shim/node-safe-delete-shim.cjs:273:19)
npm warn cleanup         at tryTrash (/home/zhx/.codebuddy-server-cn/bin/stable-a64e0542131159dfcaadd99c096dc9165c6ad3fb/extensions/genie/out/vendor/shim/node-safe-delete-shim.cjs:602:5)
npm warn cleanup         at tryRm (/home/zhx/.codebuddy-server-cn/bin/stable-a64e0542131159dfcaadd99c096dc9165c6ad3fb/extensions/genie/out/vendor/shim/node-safe-delete-shim.cjs:775:5)
npm warn cleanup         at wrappedPromisesRm (/home/zhx/.codebuddy-server-cn/bin/stable-a64e0542131159dfcaadd99c096dc9165c6ad3fb/extensions/genie/out/vendor/shim/node-safe-delete-shim.cjs:819:15)
npm warn cleanup         at _rm (/home/zhx/.workbuddy/binaries/node/versions/20.18.0/lib/node_modules/npm/node_modules/@npmcli/arborist/lib/arborist/reify.js:1250:25)
npm warn cleanup         at [removeTrash] (/home/zhx/.workbuddy/binaries/node/versions/20.18.0/lib/node_modules/npm/node_modules/@npmcli/arborist/lib/arborist/reify.js:1253:21)
npm warn cleanup         at [reifyPackages] (/home/zhx/.workbuddy/binaries/node/versions/20.18.0/lib/node_modules/npm/node_modules/@npmcli/arborist/lib/arborist/reify.js:340:29)
npm warn cleanup         at process.processTicksAndRejections (node:internal/process/task_queues:95:5)
npm warn cleanup         at async Arborist.reify (/home/zhx/.workbuddy/binaries/node/versions/20.18.0/lib/node_modules/npm/node_modules/@npmcli/arborist/lib/arborist/reify.js:142:5)
npm warn cleanup         at async Install.exec (/home/zhx/.workbuddy/binaries/node/versions/20.18.0/lib/node_modules/npm/lib/commands/install.js:150:5)
npm warn cleanup   ],
npm warn cleanup   [
npm warn cleanup     '/home/zhx/TJNovel/frontend/node_modules/.is-core-module-LS0FMZqg',
npm warn cleanup     Error: [safe-delete][SAFE_DELETE_BULK_CONFIRM_REQUIRED] {"count":54,"threshold":50,"scope":"turn","targets":["/home/zhx/TJNovel/frontend/node_modules/.is-core-module-LS0FMZqg"],"targetCount":1}
npm warn cleanup         at checkBulkDeleteGuard (/home/zhx/.codebuddy-server-cn/bin/stable-a64e0542131159dfcaadd99c096dc9165c6ad3fb/extensions/genie/out/vendor/shim/node-safe-delete-shim.cjs:273:19)
npm warn cleanup         at tryTrash (/home/zhx/.codebuddy-server-cn/bin/stable-a64e0542131159dfcaadd99c096dc9165c6ad3fb/extensions/genie/out/vendor/shim/node-safe-delete-shim.cjs:602:5)
npm warn cleanup         at tryRm (/home/zhx/.codebuddy-server-cn/bin/stable-a64e0542131159dfcaadd99c096dc9165c6ad3fb/extensions/genie/out/vendor/shim/node-safe-delete-shim.cjs:775:5)
npm warn cleanup         at wrappedPromisesRm (/home/zhx/.codebuddy-server-cn/bin/stable-a64e0542131159dfcaadd99c096dc9165c6ad3fb/extensions/genie/out/vendor/shim/node-safe-delete-shim.cjs:819:15)
npm warn cleanup         at _rm (/home/zhx/.workbuddy/binaries/node/versions/20.18.0/lib/node_modules/npm/node_modules/@npmcli/arborist/lib/arborist/reify.js:1250:25)
npm warn cleanup         at [removeTrash] (/home/zhx/.workbuddy/binaries/node/versions/20.18.0/lib/node_modules/npm/node_modules/@npmcli/arborist/lib/arborist/reify.js:1253:21)
npm warn cleanup         at [reifyPackages] (/home/zhx/.workbuddy/binaries/node/versions/20.18.0/lib/node_modules/npm/node_modules/@npmcli/arborist/lib/arborist/reify.js:340:29)
npm warn cleanup         at process.processTicksAndRejections (node:internal/process/task_queues:95:5)
npm warn cleanup         at async Arborist.reify (/home/zhx/.workbuddy/binaries/node/versions/20.18.0/lib/node_modules/npm/node_modules/@npmcli/arborist/lib/arborist/reify.js:142:5)
npm warn cleanup         at async Install.exec (/home/zhx/.workbuddy/binaries/node/versions/20.18.0/lib/node_modules/npm/lib/commands/install.js:150:5)
npm warn cleanup   ],
npm warn cleanup   [
npm warn cleanup     '/home/zhx/TJNovel/frontend/node_modules/.domutils-nWbtQH0h',
npm warn cleanup     Error: [safe-delete][SAFE_DELETE_BULK_CONFIRM_REQUIRED] {"count":57,"threshold":50,"scope":"turn","targets":["/home/zhx/TJNovel/frontend/node_modules/.domutils-nWbtQH0h"],"targetCount":1}
npm warn cleanup         at checkBulkDeleteGuard (/home/zhx/.codebuddy-server-cn/bin/stable-a64e0542131159dfcaadd99c096dc9165c6ad3fb/extensions/genie/out/vendor/shim/node-safe-delete-shim.cjs:273:19)
npm warn cleanup         at tryTrash (/home/zhx/.codebuddy-server-cn/bin/stable-a64e0542131159dfcaadd99c096dc9165c6ad3fb/extensions/genie/out/vendor/shim/node-safe-delete-shim.cjs:602:5)
npm warn cleanup         at tryRm (/home/zhx/.codebuddy-server-cn/bin/stable-a64e0542131159dfcaadd99c096dc9165c6ad3fb/extensions/genie/out/vendor/shim/node-safe-delete-shim.cjs:775:5)
npm warn cleanup         at wrappedPromisesRm (/home/zhx/.codebuddy-server-cn/bin/stable-a64e0542131159dfcaadd99c096dc9165c6ad3fb/extensions/genie/out/vendor/shim/node-safe-delete-shim.cjs:819:15)
npm warn cleanup         at _rm (/home/zhx/.workbuddy/binaries/node/versions/20.18.0/lib/node_modules/npm/node_modules/@npmcli/arborist/lib/arborist/reify.js:1250:25)
npm warn cleanup         at [removeTrash] (/home/zhx/.workbuddy/binaries/node/versions/20.18.0/lib/node_modules/npm/node_modules/@npmcli/arborist/lib/arborist/reify.js:1253:21)
npm warn cleanup         at [reifyPackages] (/home/zhx/.workbuddy/binaries/node/versions/20.18.0/lib/node_modules/npm/node_modules/@npmcli/arborist/lib/arborist/reify.js:340:29)
npm warn cleanup         at process.processTicksAndRejections (node:internal/process/task_queues:95:5)
npm warn cleanup         at async Arborist.reify (/home/zhx/.workbuddy/binaries/node/versions/20.18.0/lib/node_modules/npm/node_modules/@npmcli/arborist/lib/arborist/reify.js:142:5)
npm warn cleanup         at async Install.exec (/home/zhx/.workbuddy/binaries/node/versions/20.18.0/lib/node_modules/npm/lib/commands/install.js:150:5)
npm warn cleanup   ],
npm warn cleanup   [
npm warn cleanup     '/home/zhx/TJNovel/frontend/node_modules/.is-file-esm-4Ziw4o4w',
npm warn cleanup     Error: [safe-delete][SAFE_DELETE_BULK_CONFIRM_REQUIRED] {"count":51,"threshold":50,"scope":"turn","targets":["/home/zhx/TJNovel/frontend/node_modules/.is-file-esm-4Ziw4o4w"],"targetCount":1}
npm warn cleanup         at checkBulkDeleteGuard (/home/zhx/.codebuddy-server-cn/bin/stable-a64e0542131159dfcaadd99c096dc9165c6ad3fb/extensions/genie/out/vendor/shim/node-safe-delete-shim.cjs:273:19)
npm warn cleanup         at tryTrash (/home/zhx/.codebuddy-server-cn/bin/stable-a64e0542131159dfcaadd99c096dc9165c6ad3fb/extensions/genie/out/vendor/shim/node-safe-delete-shim.cjs:602:5)
npm warn cleanup         at tryRm (/home/zhx/.codebuddy-server-cn/bin/stable-a64e0542131159dfcaadd99c096dc9165c6ad3fb/extensions/genie/out/vendor/shim/node-safe-delete-shim.cjs:775:5)
npm warn cleanup         at wrappedPromisesRm (/home/zhx/.codebuddy-server-cn/bin/stable-a64e0542131159dfcaadd99c096dc9165c6ad3fb/extensions/genie/out/vendor/shim/node-safe-delete-shim.cjs:819:15)
npm warn cleanup         at _rm (/home/zhx/.workbuddy/binaries/node/versions/20.18.0/lib/node_modules/npm/node_modules/@npmcli/arborist/lib/arborist/reify.js:1250:25)
npm warn cleanup         at [removeTrash] (/home/zhx/.workbuddy/binaries/node/versions/20.18.0/lib/node_modules/npm/node_modules/@npmcli/arborist/lib/arborist/reify.js:1253:21)
npm warn cleanup         at [reifyPackages] (/home/zhx/.workbuddy/binaries/node/versions/20.18.0/lib/node_modules/npm/node_modules/@npmcli/arborist/lib/arborist/reify.js:340:29)
npm warn cleanup         at process.processTicksAndRejections (node:internal/process/task_queues:95:5)
npm warn cleanup         at async Arborist.reify (/home/zhx/.workbuddy/binaries/node/versions/20.18.0/lib/node_modules/npm/node_modules/@npmcli/arborist/lib/arborist/reify.js:142:5)
npm warn cleanup         at async Install.exec (/home/zhx/.workbuddy/binaries/node/versions/20.18.0/lib/node_modules/npm/lib/commands/install.js:150:5)
npm warn cleanup   ],
npm warn cleanup   [
npm warn cleanup     '/home/zhx/TJNovel/frontend/node_modules/.is-what-rRAKfpRQ',
npm warn cleanup     Error: [safe-delete][SAFE_DELETE_BULK_CONFIRM_REQUIRED] {"count":52,"threshold":50,"scope":"turn","targets":["/home/zhx/TJNovel/frontend/node_modules/.is-what-rRAKfpRQ"],"targetCount":1}
npm warn cleanup         at checkBulkDeleteGuard (/home/zhx/.codebuddy-server-cn/bin/stable-a64e0542131159dfcaadd99c096dc9165c6ad3fb/extensions/genie/out/vendor/shim/node-safe-delete-shim.cjs:273:19)
npm warn cleanup         at tryTrash (/home/zhx/.codebuddy-server-cn/bin/stable-a64e0542131159dfcaadd99c096dc9165c6ad3fb/extensions/genie/out/vendor/shim/node-safe-delete-shim.cjs:602:5)
npm warn cleanup         at tryRm (/home/zhx/.codebuddy-server-cn/bin/stable-a64e0542131159dfcaadd99c096dc9165c6ad3fb/extensions/genie/out/vendor/shim/node-safe-delete-shim.cjs:775:5)
npm warn cleanup         at wrappedPromisesRm (/home/zhx/.codebuddy-server-cn/bin/stable-a64e0542131159dfcaadd99c096dc9165c6ad3fb/extensions/genie/out/vendor/shim/node-safe-delete-shim.cjs:819:15)
npm warn cleanup         at _rm (/home/zhx/.workbuddy/binaries/node/versions/20.18.0/lib/node_modules/npm/node_modules/@npmcli/arborist/lib/arborist/reify.js:1250:25)
npm warn cleanup         at [removeTrash] (/home/zhx/.workbuddy/binaries/node/versions/20.18.0/lib/node_modules/npm/node_modules/@npmcli/arborist/lib/arborist/reify.js:1253:21)
npm warn cleanup         at [reifyPackages] (/home/zhx/.workbuddy/binaries/node/versions/20.18.0/lib/node_modules/npm/node_modules/@npmcli/arborist/lib/arborist/reify.js:340:29)
npm warn cleanup         at process.processTicksAndRejections (node:internal/process/task_queues:95:5)
npm warn cleanup         at async Arborist.reify (/home/zhx/.workbuddy/binaries/node/versions/20.18.0/lib/node_modules/npm/node_modules/@npmcli/arborist/lib/arborist/reify.js:142:5)
npm warn cleanup         at async Install.exec (/home/zhx/.workbuddy/binaries/node/versions/20.18.0/lib/node_modules/npm/lib/commands/install.js:150:5)
npm warn cleanup   ],
npm warn cleanup   [
npm warn cleanup     '/home/zhx/TJNovel/frontend/node_modules/.javascript-stringify-NC2UbXuJ',
npm warn cleanup     Error: [safe-delete][SAFE_DELETE_BULK_CONFIRM_REQUIRED] {"count":53,"threshold":50,"scope":"turn","targets":["/home/zhx/TJNovel/frontend/node_modules/.javascript-stringify-NC2UbXuJ"],"targetCount":1}
npm warn cleanup         at checkBulkDeleteGuard (/home/zhx/.codebuddy-server-cn/bin/stable-a64e0542131159dfcaadd99c096dc9165c6ad3fb/extensions/genie/out/vendor/shim/node-safe-delete-shim.cjs:273:19)
npm warn cleanup         at tryTrash (/home/zhx/.codebuddy-server-cn/bin/stable-a64e0542131159dfcaadd99c096dc9165c6ad3fb/extensions/genie/out/vendor/shim/node-safe-delete-shim.cjs:602:5)
npm warn cleanup         at tryRm (/home/zhx/.codebuddy-server-cn/bin/stable-a64e0542131159dfcaadd99c096dc9165c6ad3fb/extensions/genie/out/vendor/shim/node-safe-delete-shim.cjs:775:5)
npm warn cleanup         at wrappedPromisesRm (/home/zhx/.codebuddy-server-cn/bin/stable-a64e0542131159dfcaadd99c096dc9165c6ad3fb/extensions/genie/out/vendor/shim/node-safe-delete-shim.cjs:819:15)
npm warn cleanup         at _rm (/home/zhx/.workbuddy/binaries/node/versions/20.18.0/lib/node_modules/npm/node_modules/@npmcli/arborist/lib/arborist/reify.js:1250:25)
npm warn cleanup         at [removeTrash] (/home/zhx/.workbuddy/binaries/node/versions/20.18.0/lib/node_modules/npm/node_modules/@npmcli/arborist/lib/arborist/reify.js:1253:21)
npm warn cleanup         at [reifyPackages] (/home/zhx/.workbuddy/binaries/node/versions/20.18.0/lib/node_modules/npm/node_modules/@npmcli/arborist/lib/arborist/reify.js:340:29)
npm warn cleanup         at process.processTicksAndRejections (node:internal/process/task_queues:95:5)
npm warn cleanup         at async Arborist.reify (/home/zhx/.workbuddy/binaries/node/versions/20.18.0/lib/node_modules/npm/node_modules/@npmcli/arborist/lib/arborist/reify.js:142:5)
npm warn cleanup         at async Install.exec (/home/zhx/.workbuddy/binaries/node/versions/20.18.0/lib/node_modules/npm/lib/commands/install.js:150:5)
npm warn cleanup   ],
npm warn cleanup   [
npm warn cleanup     '/home/zhx/TJNovel/frontend/node_modules/.jest-worker-mjeHQwdG',
npm warn cleanup     Error: [safe-delete][SAFE_DELETE_BULK_CONFIRM_REQUIRED] {"count":55,"threshold":50,"scope":"turn","targets":["/home/zhx/TJNovel/frontend/node_modules/.jest-worker-mjeHQwdG"],"targetCount":1}
npm warn cleanup         at checkBulkDeleteGuard (/home/zhx/.codebuddy-server-cn/bin/stable-a64e0542131159dfcaadd99c096dc9165c6ad3fb/extensions/genie/out/vendor/shim/node-safe-delete-shim.cjs:273:19)
npm warn cleanup         at tryTrash (/home/zhx/.codebuddy-server-cn/bin/stable-a64e0542131159dfcaadd99c096dc9165c6ad3fb/extensions/genie/out/vendor/shim/node-safe-delete-shim.cjs:602:5)
npm warn cleanup         at tryRm (/home/zhx/.codebuddy-server-cn/bin/stable-a64e0542131159dfcaadd99c096dc9165c6ad3fb/extensions/genie/out/vendor/shim/node-safe-delete-shim.cjs:775:5)
npm warn cleanup         at wrappedPromisesRm (/home/zhx/.codebuddy-server-cn/bin/stable-a64e0542131159dfcaadd99c096dc9165c6ad3fb/extensions/genie/out/vendor/shim/node-safe-delete-shim.cjs:819:15)
npm warn cleanup         at _rm (/home/zhx/.workbuddy/binaries/node/versions/20.18.0/lib/node_modules/npm/node_modules/@npmcli/arborist/lib/arborist/reify.js:1250:25)
npm warn cleanup         at [removeTrash] (/home/zhx/.workbuddy/binaries/node/versions/20.18.0/lib/node_modules/npm/node_modules/@npmcli/arborist/lib/arborist/reify.js:1253:21)
npm warn cleanup         at [reifyPackages] (/home/zhx/.workbuddy/binaries/node/versions/20.18.0/lib/node_modules/npm/node_modules/@npmcli/arborist/lib/arborist/reify.js:340:29)
npm warn cleanup         at process.processTicksAndRejections (node:internal/process/task_queues:95:5)
npm warn cleanup         at async Arborist.reify (/home/zhx/.workbuddy/binaries/node/versions/20.18.0/lib/node_modules/npm/node_modules/@npmcli/arborist/lib/arborist/reify.js:142:5)
npm warn cleanup         at async Install.exec (/home/zhx/.workbuddy/binaries/node/versions/20.18.0/lib/node_modules/npm/lib/commands/install.js:150:5)
npm warn cleanup   ],
npm warn cleanup   [
npm warn cleanup     '/home/zhx/TJNovel/frontend/node_modules/.joi-OJddA1SA',
npm warn cleanup     Error: [safe-delete][SAFE_DELETE_BULK_CONFIRM_REQUIRED] {"count":51,"threshold":50,"scope":"turn","targets":["/home/zhx/TJNovel/frontend/node_modules/.joi-OJddA1SA"],"targetCount":1}
npm warn cleanup         at checkBulkDeleteGuard (/home/zhx/.codebuddy-server-cn/bin/stable-a64e0542131159dfcaadd99c096dc9165c6ad3fb/extensions/genie/out/vendor/shim/node-safe-delete-shim.cjs:273:19)
npm warn cleanup         at tryTrash (/home/zhx/.codebuddy-server-cn/bin/stable-a64e0542131159dfcaadd99c096dc9165c6ad3fb/extensions/genie/out/vendor/shim/node-safe-delete-shim.cjs:602:5)
npm warn cleanup         at tryRm (/home/zhx/.codebuddy-server-cn/bin/stable-a64e0542131159dfcaadd99c096dc9165c6ad3fb/extensions/genie/out/vendor/shim/node-safe-delete-shim.cjs:775:5)
npm warn cleanup         at wrappedPromisesRm (/home/zhx/.codebuddy-server-cn/bin/stable-a64e0542131159dfcaadd99c096dc9165c6ad3fb/extensions/genie/out/vendor/shim/node-safe-delete-shim.cjs:819:15)
npm warn cleanup         at _rm (/home/zhx/.workbuddy/binaries/node/versions/20.18.0/lib/node_modules/npm/node_modules/@npmcli/arborist/lib/arborist/reify.js:1250:25)
npm warn cleanup         at [removeTrash] (/home/zhx/.workbuddy/binaries/node/versions/20.18.0/lib/node_modules/npm/node_modules/@npmcli/arborist/lib/arborist/reify.js:1253:21)
npm warn cleanup         at [reifyPackages] (/home/zhx/.workbuddy/binaries/node/versions/20.18.0/lib/node_modules/npm/node_modules/@npmcli/arborist/lib/arborist/reify.js:340:29)
npm warn cleanup         at process.processTicksAndRejections (node:internal/process/task_queues:95:5)
npm warn cleanup         at async Arborist.reify (/home/zhx/.workbuddy/binaries/node/versions/20.18.0/lib/node_modules/npm/node_modules/@npmcli/arborist/lib/arborist/reify.js:142:5)
npm warn cleanup         at async Install.exec (/home/zhx/.workbuddy/binaries/node/versions/20.18.0/lib/node_modules/npm/lib/commands/install.js:150:5)
npm warn cleanup   ],
npm warn cleanup   [
npm warn cleanup     '/home/zhx/TJNovel/frontend/node_modules/.js-yaml-7K4kMaVq',
npm warn cleanup     Error: [safe-delete][SAFE_DELETE_BULK_CONFIRM_REQUIRED] {"count":52,"threshold":50,"scope":"turn","targets":["/home/zhx/TJNovel/frontend/node_modules/.js-yaml-7K4kMaVq"],"targetCount":1}
npm warn cleanup         at checkBulkDeleteGuard (/home/zhx/.codebuddy-server-cn/bin/stable-a64e0542131159dfcaadd99c096dc9165c6ad3fb/extensions/genie/out/vendor/shim/node-safe-delete-shim.cjs:273:19)
npm warn cleanup         at tryTrash (/home/zhx/.codebuddy-server-cn/bin/stable-a64e0542131159dfcaadd99c096dc9165c6ad3fb/extensions/genie/out/vendor/shim/node-safe-delete-shim.cjs:602:5)
npm warn cleanup         at tryRm (/home/zhx/.codebuddy-server-cn/bin/stable-a64e0542131159dfcaadd99c096dc9165c6ad3fb/extensions/genie/out/vendor/shim/node-safe-delete-shim.cjs:775:5)
npm warn cleanup         at wrappedPromisesRm (/home/zhx/.codebuddy-server-cn/bin/stable-a64e0542131159dfcaadd99c096dc9165c6ad3fb/extensions/genie/out/vendor/shim/node-safe-delete-shim.cjs:819:15)
npm warn cleanup         at _rm (/home/zhx/.workbuddy/binaries/node/versions/20.18.0/lib/node_modules/npm/node_modules/@npmcli/arborist/lib/arborist/reify.js:1250:25)
npm warn cleanup         at [removeTrash] (/home/zhx/.workbuddy/binaries/node/versions/20.18.0/lib/node_modules/npm/node_modules/@npmcli/arborist/lib/arborist/reify.js:1253:21)
npm warn cleanup         at [reifyPackages] (/home/zhx/.workbuddy/binaries/node/versions/20.18.0/lib/node_modules/npm/node_modules/@npmcli/arborist/lib/arborist/reify.js:340:29)
npm warn cleanup         at process.processTicksAndRejections (node:internal/process/task_queues:95:5)
npm warn cleanup         at async Arborist.reify (/home/zhx/.workbuddy/binaries/node/versions/20.18.0/lib/node_modules/npm/node_modules/@npmcli/arborist/lib/arborist/reify.js:142:5)
npm warn cleanup         at async Install.exec (/home/zhx/.workbuddy/binaries/node/versions/20.18.0/lib/node_modules/npm/lib/commands/install.js:150:5)
npm warn cleanup   ],
npm warn cleanup   [
npm warn cleanup     '/home/zhx/TJNovel/frontend/node_modules/.jsesc-3aaEFxDl',
npm warn cleanup     Error: [safe-delete][SAFE_DELETE_BULK_CONFIRM_REQUIRED] {"count":52,"threshold":50,"scope":"turn","targets":["/home/zhx/TJNovel/frontend/node_modules/.jsesc-3aaEFxDl"],"targetCount":1}
npm warn cleanup         at checkBulkDeleteGuard (/home/zhx/.codebuddy-server-cn/bin/stable-a64e0542131159dfcaadd99c096dc9165c6ad3fb/extensions/genie/out/vendor/shim/node-safe-delete-shim.cjs:273:19)
npm warn cleanup         at tryTrash (/home/zhx/.codebuddy-server-cn/bin/stable-a64e0542131159dfcaadd99c096dc9165c6ad3fb/extensions/genie/out/vendor/shim/node-safe-delete-shim.cjs:602:5)
npm warn cleanup         at tryRm (/home/zhx/.codebuddy-server-cn/bin/stable-a64e0542131159dfcaadd99c096dc9165c6ad3fb/extensions/genie/out/vendor/shim/node-safe-delete-shim.cjs:775:5)
npm warn cleanup         at wrappedPromisesRm (/home/zhx/.codebuddy-server-cn/bin/stable-a64e0542131159dfcaadd99c096dc9165c6ad3fb/extensions/genie/out/vendor/shim/node-safe-delete-shim.cjs:819:15)
npm warn cleanup         at _rm (/home/zhx/.workbuddy/binaries/node/versions/20.18.0/lib/node_modules/npm/node_modules/@npmcli/arborist/lib/arborist/reify.js:1250:25)
npm warn cleanup         at [removeTrash] (/home/zhx/.workbuddy/binaries/node/versions/20.18.0/lib/node_modules/npm/node_modules/@npmcli/arborist/lib/arborist/reify.js:1253:21)
npm warn cleanup         at [reifyPackages] (/home/zhx/.workbuddy/binaries/node/versions/20.18.0/lib/node_modules/npm/node_modules/@npmcli/arborist/lib/arborist/reify.js:340:29)
npm warn cleanup         at process.processTicksAndRejections (node:internal/process/task_queues:95:5)
npm warn cleanup         at async Arborist.reify (/home/zhx/.workbuddy/binaries/node/versions/20.18.0/lib/node_modules/npm/node_modules/@npmcli/arborist/lib/arborist/reify.js:142:5)
npm warn cleanup         at async Install.exec (/home/zhx/.workbuddy/binaries/node/versions/20.18.0/lib/node_modules/npm/lib/commands/install.js:150:5)
npm warn cleanup   ],
npm warn cleanup   [
npm warn cleanup     '/home/zhx/TJNovel/frontend/node_modules/.json5-zvxCrSdD',
npm warn cleanup     Error: [safe-delete][SAFE_DELETE_BULK_CONFIRM_REQUIRED] {"count":51,"threshold":50,"scope":"turn","targets":["/home/zhx/TJNovel/frontend/node_modules/.json5-zvxCrSdD"],"targetCount":1}
npm warn cleanup         at checkBulkDeleteGuard (/home/zhx/.codebuddy-server-cn/bin/stable-a64e0542131159dfcaadd99c096dc9165c6ad3fb/extensions/genie/out/vendor/shim/node-safe-delete-shim.cjs:273:19)
npm warn cleanup         at tryTrash (/home/zhx/.codebuddy-server-cn/bin/stable-a64e0542131159dfcaadd99c096dc9165c6ad3fb/extensions/genie/out/vendor/shim/node-safe-delete-shim.cjs:602:5)
npm warn cleanup         at tryRm (/home/zhx/.codebuddy-server-cn/bin/stable-a64e0542131159dfcaadd99c096dc9165c6ad3fb/extensions/genie/out/vendor/shim/node-safe-delete-shim.cjs:775:5)
npm warn cleanup         at wrappedPromisesRm (/home/zhx/.codebuddy-server-cn/bin/stable-a64e0542131159dfcaadd99c096dc9165c6ad3fb/extensions/genie/out/vendor/shim/node-safe-delete-shim.cjs:819:15)
npm warn cleanup         at _rm (/home/zhx/.workbuddy/binaries/node/versions/20.18.0/lib/node_modules/npm/node_modules/@npmcli/arborist/lib/arborist/reify.js:1250:25)
npm warn cleanup         at [removeTrash] (/home/zhx/.workbuddy/binaries/node/versions/20.18.0/lib/node_modules/npm/node_modules/@npmcli/arborist/lib/arborist/reify.js:1253:21)
npm warn cleanup         at [reifyPackages] (/home/zhx/.workbuddy/binaries/node/versions/20.18.0/lib/node_modules/npm/node_modules/@npmcli/arborist/lib/arborist/reify.js:340:29)
npm warn cleanup         at process.processTicksAndRejections (node:internal/process/task_queues:95:5)
npm warn cleanup         at async Arborist.reify (/home/zhx/.workbuddy/binaries/node/versions/20.18.0/lib/node_modules/npm/node_modules/@npmcli/arborist/lib/arborist/reify.js:142:5)
npm warn cleanup         at async Install.exec (/home/zhx/.workbuddy/binaries/node/versions/20.18.0/lib/node_modules/npm/lib/commands/install.js:150:5)
npm warn cleanup   ],
npm warn cleanup   [
npm warn cleanup     '/home/zhx/TJNovel/frontend/node_modules/.klona-6gLbIJEi',
npm warn cleanup     Error: [safe-delete][SAFE_DELETE_BULK_CONFIRM_REQUIRED] {"count":52,"threshold":50,"scope":"turn","targets":["/home/zhx/TJNovel/frontend/node_modules/.klona-6gLbIJEi"],"targetCount":1}
npm warn cleanup         at checkBulkDeleteGuard (/home/zhx/.codebuddy-server-cn/bin/stable-a64e0542131159dfcaadd99c096dc9165c6ad3fb/extensions/genie/out/vendor/shim/node-safe-delete-shim.cjs:273:19)
npm warn cleanup         at tryTrash (/home/zhx/.codebuddy-server-cn/bin/stable-a64e0542131159dfcaadd99c096dc9165c6ad3fb/extensions/genie/out/vendor/shim/node-safe-delete-shim.cjs:602:5)
npm warn cleanup         at tryRm (/home/zhx/.codebuddy-server-cn/bin/stable-a64e0542131159dfcaadd99c096dc9165c6ad3fb/extensions/genie/out/vendor/shim/node-safe-delete-shim.cjs:775:5)
npm warn cleanup         at wrappedPromisesRm (/home/zhx/.codebuddy-server-cn/bin/stable-a64e0542131159dfcaadd99c096dc9165c6ad3fb/extensions/genie/out/vendor/shim/node-safe-delete-shim.cjs:819:15)
npm warn cleanup         at _rm (/home/zhx/.workbuddy/binaries/node/versions/20.18.0/lib/node_modules/npm/node_modules/@npmcli/arborist/lib/arborist/reify.js:1250:25)
npm warn cleanup         at [removeTrash] (/home/zhx/.workbuddy/binaries/node/versions/20.18.0/lib/node_modules/npm/node_modules/@npmcli/arborist/lib/arborist/reify.js:1253:21)
npm warn cleanup         at [reifyPackages] (/home/zhx/.workbuddy/binaries/node/versions/20.18.0/lib/node_modules/npm/node_modules/@npmcli/arborist/lib/arborist/reify.js:340:29)
npm warn cleanup         at process.processTicksAndRejections (node:internal/process/task_queues:95:5)
npm warn cleanup         at async Arborist.reify (/home/zhx/.workbuddy/binaries/node/versions/20.18.0/lib/node_modules/npm/node_modules/@npmcli/arborist/lib/arborist/reify.js:142:5)
npm warn cleanup         at async Install.exec (/home/zhx/.workbuddy/binaries/node/versions/20.18.0/lib/node_modules/npm/lib/commands/install.js:150:5)
npm warn cleanup   ],
npm warn cleanup   [
npm warn cleanup     '/home/zhx/TJNovel/frontend/node_modules/.launch-editor-IUu7f4G2',
npm warn cleanup     Error: [safe-delete][SAFE_DELETE_BULK_CONFIRM_REQUIRED] {"count":54,"threshold":50,"scope":"turn","targets":["/home/zhx/TJNovel/frontend/node_modules/.launch-editor-IUu7f4G2"],"targetCount":1}
npm warn cleanup         at checkBulkDeleteGuard (/home/zhx/.codebuddy-server-cn/bin/stable-a64e0542131159dfcaadd99c096dc9165c6ad3fb/extensions/genie/out/vendor/shim/node-safe-delete-shim.cjs:273:19)
npm warn cleanup         at tryTrash (/home/zhx/.codebuddy-server-cn/bin/stable-a64e0542131159dfcaadd99c096dc9165c6ad3fb/extensions/genie/out/vendor/shim/node-safe-delete-shim.cjs:602:5)
npm warn cleanup         at tryRm (/home/zhx/.codebuddy-server-cn/bin/stable-a64e0542131159dfcaadd99c096dc9165c6ad3fb/extensions/genie/out/vendor/shim/node-safe-delete-shim.cjs:775:5)
npm warn cleanup         at wrappedPromisesRm (/home/zhx/.codebuddy-server-cn/bin/stable-a64e0542131159dfcaadd99c096dc9165c6ad3fb/extensions/genie/out/vendor/shim/node-safe-delete-shim.cjs:819:15)
npm warn cleanup         at _rm (/home/zhx/.workbuddy/binaries/node/versions/20.18.0/lib/node_modules/npm/node_modules/@npmcli/arborist/lib/arborist/reify.js:1250:25)
npm warn cleanup         at [removeTrash] (/home/zhx/.workbuddy/binaries/node/versions/20.18.0/lib/node_modules/npm/node_modules/@npmcli/arborist/lib/arborist/reify.js:1253:21)
npm warn cleanup         at [reifyPackages] (/home/zhx/.workbuddy/binaries/node/versions/20.18.0/lib/node_modules/npm/node_modules/@npmcli/arborist/lib/arborist/reify.js:340:29)
npm warn cleanup         at process.processTicksAndRejections (node:internal/process/task_queues:95:5)
npm warn cleanup         at async Arborist.reify (/home/zhx/.workbuddy/binaries/node/versions/20.18.0/lib/node_modules/npm/node_modules/@npmcli/arborist/lib/arborist/reify.js:142:5)
npm warn cleanup         at async Install.exec (/home/zhx/.workbuddy/binaries/node/versions/20.18.0/lib/node_modules/npm/lib/commands/install.js:150:5)
npm warn cleanup   ],
npm warn cleanup   [
npm warn cleanup     '/home/zhx/TJNovel/frontend/node_modules/.levn-PaYdyq4P',
npm warn cleanup     Error: [safe-delete][SAFE_DELETE_BULK_CONFIRM_REQUIRED] {"count":53,"threshold":50,"scope":"turn","targets":["/home/zhx/TJNovel/frontend/node_modules/.levn-PaYdyq4P"],"targetCount":1}
npm warn cleanup         at checkBulkDeleteGuard (/home/zhx/.codebuddy-server-cn/bin/stable-a64e0542131159dfcaadd99c096dc9165c6ad3fb/extensions/genie/out/vendor/shim/node-safe-delete-shim.cjs:273:19)
npm warn cleanup         at tryTrash (/home/zhx/.codebuddy-server-cn/bin/stable-a64e0542131159dfcaadd99c096dc9165c6ad3fb/extensions/genie/out/vendor/shim/node-safe-delete-shim.cjs:602:5)
npm warn cleanup         at tryRm (/home/zhx/.codebuddy-server-cn/bin/stable-a64e0542131159dfcaadd99c096dc9165c6ad3fb/extensions/genie/out/vendor/shim/node-safe-delete-shim.cjs:775:5)
npm warn cleanup         at wrappedPromisesRm (/home/zhx/.codebuddy-server-cn/bin/stable-a64e0542131159dfcaadd99c096dc9165c6ad3fb/extensions/genie/out/vendor/shim/node-safe-delete-shim.cjs:819:15)
npm warn cleanup         at _rm (/home/zhx/.workbuddy/binaries/node/versions/20.18.0/lib/node_modules/npm/node_modules/@npmcli/arborist/lib/arborist/reify.js:1250:25)
npm warn cleanup         at [removeTrash] (/home/zhx/.workbuddy/binaries/node/versions/20.18.0/lib/node_modules/npm/node_modules/@npmcli/arborist/lib/arborist/reify.js:1253:21)
npm warn cleanup         at [reifyPackages] (/home/zhx/.workbuddy/binaries/node/versions/20.18.0/lib/node_modules/npm/node_modules/@npmcli/arborist/lib/arborist/reify.js:340:29)
npm warn cleanup         at process.processTicksAndRejections (node:internal/process/task_queues:95:5)
npm warn cleanup         at async Arborist.reify (/home/zhx/.workbuddy/binaries/node/versions/20.18.0/lib/node_modules/npm/node_modules/@npmcli/arborist/lib/arborist/reify.js:142:5)
npm warn cleanup         at async Install.exec (/home/zhx/.workbuddy/binaries/node/versions/20.18.0/lib/node_modules/npm/lib/commands/install.js:150:5)
npm warn cleanup   ],
npm warn cleanup   [
npm warn cleanup     '/home/zhx/TJNovel/frontend/node_modules/.loader-utils-CmU2Xeu8',
npm warn cleanup     Error: [safe-delete][SAFE_DELETE_BULK_CONFIRM_REQUIRED] {"count":56,"threshold":50,"scope":"turn","targets":["/home/zhx/TJNovel/frontend/node_modules/.loader-utils-CmU2Xeu8"],"targetCount":1}
npm warn cleanup         at checkBulkDeleteGuard (/home/zhx/.codebuddy-server-cn/bin/stable-a64e0542131159dfcaadd99c096dc9165c6ad3fb/extensions/genie/out/vendor/shim/node-safe-delete-shim.cjs:273:19)
npm warn cleanup         at tryTrash (/home/zhx/.codebuddy-server-cn/bin/stable-a64e0542131159dfcaadd99c096dc9165c6ad3fb/extensions/genie/out/vendor/shim/node-safe-delete-shim.cjs:602:5)
npm warn cleanup         at tryRm (/home/zhx/.codebuddy-server-cn/bin/stable-a64e0542131159dfcaadd99c096dc9165c6ad3fb/extensions/genie/out/vendor/shim/node-safe-delete-shim.cjs:775:5)
npm warn cleanup         at wrappedPromisesRm (/home/zhx/.codebuddy-server-cn/bin/stable-a64e0542131159dfcaadd99c096dc9165c6ad3fb/extensions/genie/out/vendor/shim/node-safe-delete-shim.cjs:819:15)
npm warn cleanup         at _rm (/home/zhx/.workbuddy/binaries/node/versions/20.18.0/lib/node_modules/npm/node_modules/@npmcli/arborist/lib/arborist/reify.js:1250:25)
npm warn cleanup         at [removeTrash] (/home/zhx/.workbuddy/binaries/node/versions/20.18.0/lib/node_modules/npm/node_modules/@npmcli/arborist/lib/arborist/reify.js:1253:21)
npm warn cleanup         at [reifyPackages] (/home/zhx/.workbuddy/binaries/node/versions/20.18.0/lib/node_modules/npm/node_modules/@npmcli/arborist/lib/arborist/reify.js:340:29)
npm warn cleanup         at process.processTicksAndRejections (node:internal/process/task_queues:95:5)
npm warn cleanup         at async Arborist.reify (/home/zhx/.workbuddy/binaries/node/versions/20.18.0/lib/node_modules/npm/node_modules/@npmcli/arborist/lib/arborist/reify.js:142:5)
npm warn cleanup         at async Install.exec (/home/zhx/.workbuddy/binaries/node/versions/20.18.0/lib/node_modules/npm/lib/commands/install.js:150:5)
npm warn cleanup   ],
npm warn cleanup   [
npm warn cleanup     '/home/zhx/TJNovel/frontend/node_modules/.lodash-Hzs0txUn',
npm warn cleanup     Error: [safe-delete][SAFE_DELETE_BULK_CONFIRM_REQUIRED] {"count":54,"threshold":50,"scope":"turn","targets":["/home/zhx/TJNovel/frontend/node_modules/.lodash-Hzs0txUn"],"targetCount":1}
npm warn cleanup         at checkBulkDeleteGuard (/home/zhx/.codebuddy-server-cn/bin/stable-a64e0542131159dfcaadd99c096dc9165c6ad3fb/extensions/genie/out/vendor/shim/node-safe-delete-shim.cjs:273:19)
npm warn cleanup         at tryTrash (/home/zhx/.codebuddy-server-cn/bin/stable-a64e0542131159dfcaadd99c096dc9165c6ad3fb/extensions/genie/out/vendor/shim/node-safe-delete-shim.cjs:602:5)
npm warn cleanup         at tryRm (/home/zhx/.codebuddy-server-cn/bin/stable-a64e0542131159dfcaadd99c096dc9165c6ad3fb/extensions/genie/out/vendor/shim/node-safe-delete-shim.cjs:775:5)
npm warn cleanup         at wrappedPromisesRm (/home/zhx/.codebuddy-server-cn/bin/stable-a64e0542131159dfcaadd99c096dc9165c6ad3fb/extensions/genie/out/vendor/shim/node-safe-delete-shim.cjs:819:15)
npm warn cleanup         at _rm (/home/zhx/.workbuddy/binaries/node/versions/20.18.0/lib/node_modules/npm/node_modules/@npmcli/arborist/lib/arborist/reify.js:1250:25)
npm warn cleanup         at [removeTrash] (/home/zhx/.workbuddy/binaries/node/versions/20.18.0/lib/node_modules/npm/node_modules/@npmcli/arborist/lib/arborist/reify.js:1253:21)
npm warn cleanup         at [reifyPackages] (/home/zhx/.workbuddy/binaries/node/versions/20.18.0/lib/node_modules/npm/node_modules/@npmcli/arborist/lib/arborist/reify.js:340:29)
npm warn cleanup         at process.processTicksAndRejections (node:internal/process/task_queues:95:5)
npm warn cleanup         at async Arborist.reify (/home/zhx/.workbuddy/binaries/node/versions/20.18.0/lib/node_modules/npm/node_modules/@npmcli/arborist/lib/arborist/reify.js:142:5)
npm warn cleanup         at async Install.exec (/home/zhx/.workbuddy/binaries/node/versions/20.18.0/lib/node_modules/npm/lib/commands/install.js:150:5)
npm warn cleanup   ],
npm warn cleanup   [
npm warn cleanup     '/home/zhx/TJNovel/frontend/node_modules/.lodash-es-AgZZyEEY',
npm warn cleanup     Error: [safe-delete][SAFE_DELETE_BULK_CONFIRM_REQUIRED] {"count":55,"threshold":50,"scope":"turn","targets":["/home/zhx/TJNovel/frontend/node_modules/.lodash-es-AgZZyEEY"],"targetCount":1}
npm warn cleanup         at checkBulkDeleteGuard (/home/zhx/.codebuddy-server-cn/bin/stable-a64e0542131159dfcaadd99c096dc9165c6ad3fb/extensions/genie/out/vendor/shim/node-safe-delete-shim.cjs:273:19)
npm warn cleanup         at tryTrash (/home/zhx/.codebuddy-server-cn/bin/stable-a64e0542131159dfcaadd99c096dc9165c6ad3fb/extensions/genie/out/vendor/shim/node-safe-delete-shim.cjs:602:5)
npm warn cleanup         at tryRm (/home/zhx/.codebuddy-server-cn/bin/stable-a64e0542131159dfcaadd99c096dc9165c6ad3fb/extensions/genie/out/vendor/shim/node-safe-delete-shim.cjs:775:5)
npm warn cleanup         at wrappedPromisesRm (/home/zhx/.codebuddy-server-cn/bin/stable-a64e0542131159dfcaadd99c096dc9165c6ad3fb/extensions/genie/out/vendor/shim/node-safe-delete-shim.cjs:819:15)
npm warn cleanup         at _rm (/home/zhx/.workbuddy/binaries/node/versions/20.18.0/lib/node_modules/npm/node_modules/@npmcli/arborist/lib/arborist/reify.js:1250:25)
npm warn cleanup         at [removeTrash] (/home/zhx/.workbuddy/binaries/node/versions/20.18.0/lib/node_modules/npm/node_modules/@npmcli/arborist/lib/arborist/reify.js:1253:21)
npm warn cleanup         at [reifyPackages] (/home/zhx/.workbuddy/binaries/node/versions/20.18.0/lib/node_modules/npm/node_modules/@npmcli/arborist/lib/arborist/reify.js:340:29)
npm warn cleanup         at process.processTicksAndRejections (node:internal/process/task_queues:95:5)
npm warn cleanup         at async Arborist.reify (/home/zhx/.workbuddy/binaries/node/versions/20.18.0/lib/node_modules/npm/node_modules/@npmcli/arborist/lib/arborist/reify.js:142:5)
npm warn cleanup         at async Install.exec (/home/zhx/.workbuddy/binaries/node/versions/20.18.0/lib/node_modules/npm/lib/commands/install.js:150:5)
npm warn cleanup   ],
npm warn cleanup   [
npm warn cleanup     '/home/zhx/TJNovel/frontend/node_modules/.math-intrinsics-ZbfdfQAA',
npm warn cleanup     Error: [safe-delete][SAFE_DELETE_BULK_CONFIRM_REQUIRED] {"count":60,"threshold":50,"scope":"turn","targets":["/home/zhx/TJNovel/frontend/node_modules/.math-intrinsics-ZbfdfQAA"],"targetCount":1}
npm warn cleanup         at checkBulkDeleteGuard (/home/zhx/.codebuddy-server-cn/bin/stable-a64e0542131159dfcaadd99c096dc9165c6ad3fb/extensions/genie/out/vendor/shim/node-safe-delete-shim.cjs:273:19)
npm warn cleanup         at tryTrash (/home/zhx/.codebuddy-server-cn/bin/stable-a64e0542131159dfcaadd99c096dc9165c6ad3fb/extensions/genie/out/vendor/shim/node-safe-delete-shim.cjs:602:5)
npm warn cleanup         at tryRm (/home/zhx/.codebuddy-server-cn/bin/stable-a64e0542131159dfcaadd99c096dc9165c6ad3fb/extensions/genie/out/vendor/shim/node-safe-delete-shim.cjs:775:5)
npm warn cleanup         at wrappedPromisesRm (/home/zhx/.codebuddy-server-cn/bin/stable-a64e0542131159dfcaadd99c096dc9165c6ad3fb/extensions/genie/out/vendor/shim/node-safe-delete-shim.cjs:819:15)
npm warn cleanup         at _rm (/home/zhx/.workbuddy/binaries/node/versions/20.18.0/lib/node_modules/npm/node_modules/@npmcli/arborist/lib/arborist/reify.js:1250:25)
npm warn cleanup         at [removeTrash] (/home/zhx/.workbuddy/binaries/node/versions/20.18.0/lib/node_modules/npm/node_modules/@npmcli/arborist/lib/arborist/reify.js:1253:21)
npm warn cleanup         at [reifyPackages] (/home/zhx/.workbuddy/binaries/node/versions/20.18.0/lib/node_modules/npm/node_modules/@npmcli/arborist/lib/arborist/reify.js:340:29)
npm warn cleanup         at process.processTicksAndRejections (node:internal/process/task_queues:95:5)
npm warn cleanup         at async Arborist.reify (/home/zhx/.workbuddy/binaries/node/versions/20.18.0/lib/node_modules/npm/node_modules/@npmcli/arborist/lib/arborist/reify.js:142:5)
npm warn cleanup         at async Install.exec (/home/zhx/.workbuddy/binaries/node/versions/20.18.0/lib/node_modules/npm/lib/commands/install.js:150:5)
npm warn cleanup   ],
npm warn cleanup   [
npm warn cleanup     '/home/zhx/TJNovel/frontend/node_modules/.mdn-data-ycdTBwtk',
npm warn cleanup     Error: [safe-delete][SAFE_DELETE_BULK_CONFIRM_REQUIRED] {"count":57,"threshold":50,"scope":"turn","targets":["/home/zhx/TJNovel/frontend/node_modules/.mdn-data-ycdTBwtk"],"targetCount":1}
npm warn cleanup         at checkBulkDeleteGuard (/home/zhx/.codebuddy-server-cn/bin/stable-a64e0542131159dfcaadd99c096dc9165c6ad3fb/extensions/genie/out/vendor/shim/node-safe-delete-shim.cjs:273:19)
npm warn cleanup         at tryTrash (/home/zhx/.codebuddy-server-cn/bin/stable-a64e0542131159dfcaadd99c096dc9165c6ad3fb/extensions/genie/out/vendor/shim/node-safe-delete-shim.cjs:602:5)
npm warn cleanup         at tryRm (/home/zhx/.codebuddy-server-cn/bin/stable-a64e0542131159dfcaadd99c096dc9165c6ad3fb/extensions/genie/out/vendor/shim/node-safe-delete-shim.cjs:775:5)
npm warn cleanup         at wrappedPromisesRm (/home/zhx/.codebuddy-server-cn/bin/stable-a64e0542131159dfcaadd99c096dc9165c6ad3fb/extensions/genie/out/vendor/shim/node-safe-delete-shim.cjs:819:15)
npm warn cleanup         at _rm (/home/zhx/.workbuddy/binaries/node/versions/20.18.0/lib/node_modules/npm/node_modules/@npmcli/arborist/lib/arborist/reify.js:1250:25)
npm warn cleanup         at [removeTrash] (/home/zhx/.workbuddy/binaries/node/versions/20.18.0/lib/node_modules/npm/node_modules/@npmcli/arborist/lib/arborist/reify.js:1253:21)
npm warn cleanup         at [reifyPackages] (/home/zhx/.workbuddy/binaries/node/versions/20.18.0/lib/node_modules/npm/node_modules/@npmcli/arborist/lib/arborist/reify.js:340:29)
npm warn cleanup         at process.processTicksAndRejections (node:internal/process/task_queues:95:5)
npm warn cleanup         at async Arborist.reify (/home/zhx/.workbuddy/binaries/node/versions/20.18.0/lib/node_modules/npm/node_modules/@npmcli/arborist/lib/arborist/reify.js:142:5)
npm warn cleanup         at async Install.exec (/home/zhx/.workbuddy/binaries/node/versions/20.18.0/lib/node_modules/npm/lib/commands/install.js:150:5)
npm warn cleanup   ],
npm warn cleanup   [
npm warn cleanup     '/home/zhx/TJNovel/frontend/node_modules/.memfs-Oa3LLTiM',
npm warn cleanup     Error: [safe-delete][SAFE_DELETE_BULK_CONFIRM_REQUIRED] {"count":56,"threshold":50,"scope":"turn","targets":["/home/zhx/TJNovel/frontend/node_modules/.memfs-Oa3LLTiM"],"targetCount":1}
npm warn cleanup         at checkBulkDeleteGuard (/home/zhx/.codebuddy-server-cn/bin/stable-a64e0542131159dfcaadd99c096dc9165c6ad3fb/extensions/genie/out/vendor/shim/node-safe-delete-shim.cjs:273:19)
npm warn cleanup         at tryTrash (/home/zhx/.codebuddy-server-cn/bin/stable-a64e0542131159dfcaadd99c096dc9165c6ad3fb/extensions/genie/out/vendor/shim/node-safe-delete-shim.cjs:602:5)
npm warn cleanup         at tryRm (/home/zhx/.codebuddy-server-cn/bin/stable-a64e0542131159dfcaadd99c096dc9165c6ad3fb/extensions/genie/out/vendor/shim/node-safe-delete-shim.cjs:775:5)
npm warn cleanup         at wrappedPromisesRm (/home/zhx/.codebuddy-server-cn/bin/stable-a64e0542131159dfcaadd99c096dc9165c6ad3fb/extensions/genie/out/vendor/shim/node-safe-delete-shim.cjs:819:15)
npm warn cleanup         at _rm (/home/zhx/.workbuddy/binaries/node/versions/20.18.0/lib/node_modules/npm/node_modules/@npmcli/arborist/lib/arborist/reify.js:1250:25)
npm warn cleanup         at [removeTrash] (/home/zhx/.workbuddy/binaries/node/versions/20.18.0/lib/node_modules/npm/node_modules/@npmcli/arborist/lib/arborist/reify.js:1253:21)
npm warn cleanup         at [reifyPackages] (/home/zhx/.workbuddy/binaries/node/versions/20.18.0/lib/node_modules/npm/node_modules/@npmcli/arborist/lib/arborist/reify.js:340:29)
npm warn cleanup         at process.processTicksAndRejections (node:internal/process/task_queues:95:5)
npm warn cleanup         at async Arborist.reify (/home/zhx/.workbuddy/binaries/node/versions/20.18.0/lib/node_modules/npm/node_modules/@npmcli/arborist/lib/arborist/reify.js:142:5)
npm warn cleanup         at async Install.exec (/home/zhx/.workbuddy/binaries/node/versions/20.18.0/lib/node_modules/npm/lib/commands/install.js:150:5)
npm warn cleanup   ],
npm warn cleanup   [
npm warn cleanup     '/home/zhx/TJNovel/frontend/node_modules/.mime-db-vRxmKfr0',
npm warn cleanup     Error: [safe-delete][SAFE_DELETE_BULK_CONFIRM_REQUIRED] {"count":52,"threshold":50,"scope":"turn","targets":["/home/zhx/TJNovel/frontend/node_modules/.mime-db-vRxmKfr0"],"targetCount":1}
npm warn cleanup         at checkBulkDeleteGuard (/home/zhx/.codebuddy-server-cn/bin/stable-a64e0542131159dfcaadd99c096dc9165c6ad3fb/extensions/genie/out/vendor/shim/node-safe-delete-shim.cjs:273:19)
npm warn cleanup         at tryTrash (/home/zhx/.codebuddy-server-cn/bin/stable-a64e0542131159dfcaadd99c096dc9165c6ad3fb/extensions/genie/out/vendor/shim/node-safe-delete-shim.cjs:602:5)
npm warn cleanup         at tryRm (/home/zhx/.codebuddy-server-cn/bin/stable-a64e0542131159dfcaadd99c096dc9165c6ad3fb/extensions/genie/out/vendor/shim/node-safe-delete-shim.cjs:775:5)
npm warn cleanup         at wrappedPromisesRm (/home/zhx/.codebuddy-server-cn/bin/stable-a64e0542131159dfcaadd99c096dc9165c6ad3fb/extensions/genie/out/vendor/shim/node-safe-delete-shim.cjs:819:15)
npm warn cleanup         at _rm (/home/zhx/.workbuddy/binaries/node/versions/20.18.0/lib/node_modules/npm/node_modules/@npmcli/arborist/lib/arborist/reify.js:1250:25)
npm warn cleanup         at [removeTrash] (/home/zhx/.workbuddy/binaries/node/versions/20.18.0/lib/node_modules/npm/node_modules/@npmcli/arborist/lib/arborist/reify.js:1253:21)
npm warn cleanup         at [reifyPackages] (/home/zhx/.workbuddy/binaries/node/versions/20.18.0/lib/node_modules/npm/node_modules/@npmcli/arborist/lib/arborist/reify.js:340:29)
npm warn cleanup         at process.processTicksAndRejections (node:internal/process/task_queues:95:5)
npm warn cleanup         at async Arborist.reify (/home/zhx/.workbuddy/binaries/node/versions/20.18.0/lib/node_modules/npm/node_modules/@npmcli/arborist/lib/arborist/reify.js:142:5)
npm warn cleanup         at async Install.exec (/home/zhx/.workbuddy/binaries/node/versions/20.18.0/lib/node_modules/npm/lib/commands/install.js:150:5)
npm warn cleanup   ],
npm warn cleanup   [
npm warn cleanup     '/home/zhx/TJNovel/frontend/node_modules/.mini-css-extract-plugin-RnzfkQmo',
npm warn cleanup     Error: [safe-delete][SAFE_DELETE_BULK_CONFIRM_REQUIRED] {"count":63,"threshold":50,"scope":"turn","targets":["/home/zhx/TJNovel/frontend/node_modules/.mini-css-extract-plugin-RnzfkQmo"],"targetCount":1}
npm warn cleanup         at checkBulkDeleteGuard (/home/zhx/.codebuddy-server-cn/bin/stable-a64e0542131159dfcaadd99c096dc9165c6ad3fb/extensions/genie/out/vendor/shim/node-safe-delete-shim.cjs:273:19)
npm warn cleanup         at tryTrash (/home/zhx/.codebuddy-server-cn/bin/stable-a64e0542131159dfcaadd99c096dc9165c6ad3fb/extensions/genie/out/vendor/shim/node-safe-delete-shim.cjs:602:5)
npm warn cleanup         at tryRm (/home/zhx/.codebuddy-server-cn/bin/stable-a64e0542131159dfcaadd99c096dc9165c6ad3fb/extensions/genie/out/vendor/shim/node-safe-delete-shim.cjs:775:5)
npm warn cleanup         at wrappedPromisesRm (/home/zhx/.codebuddy-server-cn/bin/stable-a64e0542131159dfcaadd99c096dc9165c6ad3fb/extensions/genie/out/vendor/shim/node-safe-delete-shim.cjs:819:15)
npm warn cleanup         at _rm (/home/zhx/.workbuddy/binaries/node/versions/20.18.0/lib/node_modules/npm/node_modules/@npmcli/arborist/lib/arborist/reify.js:1250:25)
npm warn cleanup         at [removeTrash] (/home/zhx/.workbuddy/binaries/node/versions/20.18.0/lib/node_modules/npm/node_modules/@npmcli/arborist/lib/arborist/reify.js:1253:21)
npm warn cleanup         at [reifyPackages] (/home/zhx/.workbuddy/binaries/node/versions/20.18.0/lib/node_modules/npm/node_modules/@npmcli/arborist/lib/arborist/reify.js:340:29)
npm warn cleanup         at process.processTicksAndRejections (node:internal/process/task_queues:95:5)
npm warn cleanup         at async Arborist.reify (/home/zhx/.workbuddy/binaries/node/versions/20.18.0/lib/node_modules/npm/node_modules/@npmcli/arborist/lib/arborist/reify.js:142:5)
npm warn cleanup         at async Install.exec (/home/zhx/.workbuddy/binaries/node/versions/20.18.0/lib/node_modules/npm/lib/commands/install.js:150:5)
npm warn cleanup   ],
npm warn cleanup   [
npm warn cleanup     '/home/zhx/TJNovel/frontend/node_modules/.multicast-dns-pkDLJpub',
npm warn cleanup     Error: [safe-delete][SAFE_DELETE_BULK_CONFIRM_REQUIRED] {"count":54,"threshold":50,"scope":"turn","targets":["/home/zhx/TJNovel/frontend/node_modules/.multicast-dns-pkDLJpub"],"targetCount":1}
npm warn cleanup         at checkBulkDeleteGuard (/home/zhx/.codebuddy-server-cn/bin/stable-a64e0542131159dfcaadd99c096dc9165c6ad3fb/extensions/genie/out/vendor/shim/node-safe-delete-shim.cjs:273:19)
npm warn cleanup         at tryTrash (/home/zhx/.codebuddy-server-cn/bin/stable-a64e0542131159dfcaadd99c096dc9165c6ad3fb/extensions/genie/out/vendor/shim/node-safe-delete-shim.cjs:602:5)
npm warn cleanup         at tryRm (/home/zhx/.codebuddy-server-cn/bin/stable-a64e0542131159dfcaadd99c096dc9165c6ad3fb/extensions/genie/out/vendor/shim/node-safe-delete-shim.cjs:775:5)
npm warn cleanup         at wrappedPromisesRm (/home/zhx/.codebuddy-server-cn/bin/stable-a64e0542131159dfcaadd99c096dc9165c6ad3fb/extensions/genie/out/vendor/shim/node-safe-delete-shim.cjs:819:15)
npm warn cleanup         at _rm (/home/zhx/.workbuddy/binaries/node/versions/20.18.0/lib/node_modules/npm/node_modules/@npmcli/arborist/lib/arborist/reify.js:1250:25)
npm warn cleanup         at [removeTrash] (/home/zhx/.workbuddy/binaries/node/versions/20.18.0/lib/node_modules/npm/node_modules/@npmcli/arborist/lib/arborist/reify.js:1253:21)
npm warn cleanup         at [reifyPackages] (/home/zhx/.workbuddy/binaries/node/versions/20.18.0/lib/node_modules/npm/node_modules/@npmcli/arborist/lib/arborist/reify.js:340:29)
npm warn cleanup         at process.processTicksAndRejections (node:internal/process/task_queues:95:5)
npm warn cleanup         at async Arborist.reify (/home/zhx/.workbuddy/binaries/node/versions/20.18.0/lib/node_modules/npm/node_modules/@npmcli/arborist/lib/arborist/reify.js:142:5)
npm warn cleanup         at async Install.exec (/home/zhx/.workbuddy/binaries/node/versions/20.18.0/lib/node_modules/npm/lib/commands/install.js:150:5)
npm warn cleanup   ],
npm warn cleanup   [
npm warn cleanup     '/home/zhx/TJNovel/frontend/node_modules/.nanoid-2KaFNT9r',
npm warn cleanup     Error: [safe-delete][SAFE_DELETE_BULK_CONFIRM_REQUIRED] {"count":54,"threshold":50,"scope":"turn","targets":["/home/zhx/TJNovel/frontend/node_modules/.nanoid-2KaFNT9r"],"targetCount":1}
npm warn cleanup         at checkBulkDeleteGuard (/home/zhx/.codebuddy-server-cn/bin/stable-a64e0542131159dfcaadd99c096dc9165c6ad3fb/extensions/genie/out/vendor/shim/node-safe-delete-shim.cjs:273:19)
npm warn cleanup         at tryTrash (/home/zhx/.codebuddy-server-cn/bin/stable-a64e0542131159dfcaadd99c096dc9165c6ad3fb/extensions/genie/out/vendor/shim/node-safe-delete-shim.cjs:602:5)
npm warn cleanup         at tryRm (/home/zhx/.codebuddy-server-cn/bin/stable-a64e0542131159dfcaadd99c096dc9165c6ad3fb/extensions/genie/out/vendor/shim/node-safe-delete-shim.cjs:775:5)
npm warn cleanup         at wrappedPromisesRm (/home/zhx/.codebuddy-server-cn/bin/stable-a64e0542131159dfcaadd99c096dc9165c6ad3fb/extensions/genie/out/vendor/shim/node-safe-delete-shim.cjs:819:15)
npm warn cleanup         at _rm (/home/zhx/.workbuddy/binaries/node/versions/20.18.0/lib/node_modules/npm/node_modules/@npmcli/arborist/lib/arborist/reify.js:1250:25)
npm warn cleanup         at [removeTrash] (/home/zhx/.workbuddy/binaries/node/versions/20.18.0/lib/node_modules/npm/node_modules/@npmcli/arborist/lib/arborist/reify.js:1253:21)
npm warn cleanup         at [reifyPackages] (/home/zhx/.workbuddy/binaries/node/versions/20.18.0/lib/node_modules/npm/node_modules/@npmcli/arborist/lib/arborist/reify.js:340:29)
npm warn cleanup         at process.processTicksAndRejections (node:internal/process/task_queues:95:5)
npm warn cleanup         at async Arborist.reify (/home/zhx/.workbuddy/binaries/node/versions/20.18.0/lib/node_modules/npm/node_modules/@npmcli/arborist/lib/arborist/reify.js:142:5)
npm warn cleanup         at async Install.exec (/home/zhx/.workbuddy/binaries/node/versions/20.18.0/lib/node_modules/npm/lib/commands/install.js:150:5)
npm warn cleanup   ],
npm warn cleanup   [
npm warn cleanup     '/home/zhx/TJNovel/frontend/node_modules/.negotiator-YW5qxsB5',
npm warn cleanup     Error: [safe-delete][SAFE_DELETE_BULK_CONFIRM_REQUIRED] {"count":54,"threshold":50,"scope":"turn","targets":["/home/zhx/TJNovel/frontend/node_modules/.negotiator-YW5qxsB5"],"targetCount":1}
npm warn cleanup         at checkBulkDeleteGuard (/home/zhx/.codebuddy-server-cn/bin/stable-a64e0542131159dfcaadd99c096dc9165c6ad3fb/extensions/genie/out/vendor/shim/node-safe-delete-shim.cjs:273:19)
npm warn cleanup         at tryTrash (/home/zhx/.codebuddy-server-cn/bin/stable-a64e0542131159dfcaadd99c096dc9165c6ad3fb/extensions/genie/out/vendor/shim/node-safe-delete-shim.cjs:602:5)
npm warn cleanup         at tryRm (/home/zhx/.codebuddy-server-cn/bin/stable-a64e0542131159dfcaadd99c096dc9165c6ad3fb/extensions/genie/out/vendor/shim/node-safe-delete-shim.cjs:775:5)
npm warn cleanup         at wrappedPromisesRm (/home/zhx/.codebuddy-server-cn/bin/stable-a64e0542131159dfcaadd99c096dc9165c6ad3fb/extensions/genie/out/vendor/shim/node-safe-delete-shim.cjs:819:15)
npm warn cleanup         at _rm (/home/zhx/.workbuddy/binaries/node/versions/20.18.0/lib/node_modules/npm/node_modules/@npmcli/arborist/lib/arborist/reify.js:1250:25)
npm warn cleanup         at [removeTrash] (/home/zhx/.workbuddy/binaries/node/versions/20.18.0/lib/node_modules/npm/node_modules/@npmcli/arborist/lib/arborist/reify.js:1253:21)
npm warn cleanup         at [reifyPackages] (/home/zhx/.workbuddy/binaries/node/versions/20.18.0/lib/node_modules/npm/node_modules/@npmcli/arborist/lib/arborist/reify.js:340:29)
npm warn cleanup         at process.processTicksAndRejections (node:internal/process/task_queues:95:5)
npm warn cleanup         at async Arborist.reify (/home/zhx/.workbuddy/binaries/node/versions/20.18.0/lib/node_modules/npm/node_modules/@npmcli/arborist/lib/arborist/reify.js:142:5)
npm warn cleanup         at async Install.exec (/home/zhx/.workbuddy/binaries/node/versions/20.18.0/lib/node_modules/npm/lib/commands/install.js:150:5)
npm warn cleanup   ],
npm warn cleanup   ... 284 more items
npm warn cleanup ]

changed 454 packages in 53s
